2026-10-08T19:45:24.1028010Z Current runner version: '2.337.0'
2026-10-08T19:45:24.1064152Z ##[group]Runner Image Provisioner
2026-10-08T19:45:24.1065502Z Hosted Compute Agent
2026-10-08T19:45:24.1066460Z Version: 20261002.596
2026-10-08T19:45:24.1067660Z Commit: c3d12f3313a95f25162a1503be624f3b0617f8c0
2026-10-08T19:45:24.1069130Z Build Date: 2026-10-02T22:28:27Z
2026-10-08T19:45:24.1070361Z Worker ID: {6533c46f-4b03-4de4-a40b-5f46fea3c9da}
2026-10-08T19:45:24.1071564Z Region: eastus
2026-10-08T19:45:24.1072394Z Cloud: Azure
2026-10-08T19:45:24.1073429Z ##[endgroup]
2026-10-08T19:45:24.1075973Z ##[group]Operating System
2026-10-08T19:45:24.1077164Z Ubuntu
2026-10-08T19:45:24.1078045Z 24.04.5
2026-10-08T19:45:24.1079117Z LTS
2026-10-08T19:45:24.1080124Z ##[endgroup]
2026-10-08T19:45:24.1081136Z ##[group]Runner Image
2026-10-08T19:45:24.1082308Z Image: ubuntu-24.04
2026-10-08T19:45:24.1083190Z Version: 20261004.327.1
2026-10-08T19:45:24.1085380Z Included Software: https://github.com/actions/runner-images/blob/ubuntu24/20261004.327/images/ubuntu/Ubuntu2404-Readme.md
2026-10-08T19:45:24.1088028Z Image Release: https://github.com/actions/runner-images/releases/tag/ubuntu24%2F20261004.327
2026-10-08T19:45:24.1090167Z ##[endgroup]
2026-10-08T19:45:24.1092020Z ##[group]GITHUB_TOKEN Permissions
2026-10-08T19:45:24.1095251Z Contents: read
2026-10-08T19:45:24.1096170Z Metadata: read
2026-10-08T19:45:24.1097111Z ##[endgroup]
2026-10-08T19:45:24.1100562Z Secret source: Actions
2026-10-08T19:45:24.1102183Z Cache mode: write
2026-10-08T19:45:24.1103631Z Prepare workflow directory
2026-10-08T19:45:24.1596918Z Prepare all required actions
2026-10-08T19:45:24.1670848Z Getting action download info
2026-10-08T19:45:24.3834722Z Download action repository 'actions/checkout@3d3c42e5aac5ba805825da76410c181273ba90b1' (SHA:3d3c42e5aac5ba805825da76410c181273ba90b1)
2026-10-08T19:45:24.4904383Z Download action repository 'actions/download-artifact@3e5f45b2cfb9172054b4087a40e8e0b5a5461e7c' (SHA:3e5f45b2cfb9172054b4087a40e8e0b5a5461e7c)
2026-10-08T19:45:24.6941291Z Download action repository 'dtolnay/rust-toolchain@89b12181fb390509a0842a86cc55eeb8eb928c1d' (SHA:89b12181fb390509a0842a86cc55eeb8eb928c1d)
2026-10-08T19:45:24.7860740Z Download action repository 'Swatinem/rust-cache@6323deb102c322ba6fcbdcafc7e3dddab59af2b6' (SHA:6323deb102c322ba6fcbdcafc7e3dddab59af2b6)
2026-10-08T19:45:24.9697562Z Download action repository 'actions/setup-node@820762786026740c76f36085b0efc47a31fe5020' (SHA:820762786026740c76f36085b0efc47a31fe5020)
2026-10-08T19:45:25.0519282Z Download action repository 'actions/upload-artifact@043fb46d1a93c77aae656e7c1c64a875d1fc6a0a' (SHA:043fb46d1a93c77aae656e7c1c64a875d1fc6a0a)
2026-10-08T19:45:25.1284616Z Download action repository 'actions/setup-python@5fda3b95a4ea91299a34e894583c3862153e4b97' (SHA:5fda3b95a4ea91299a34e894583c3862153e4b97)
2026-10-08T19:45:25.4313570Z Complete job name: rust
2026-10-08T19:45:25.5382611Z ##[group]Run actions/checkout@3d3c42e5aac5ba805825da76410c181273ba90b1
2026-10-08T19:45:25.5384298Z with:
2026-10-08T19:45:25.5385123Z   repository: Jacob-Met/uma-sim
2026-10-08T19:45:25.5393763Z   token: ***
2026-10-08T19:45:25.5394571Z   ssh-strict: true
2026-10-08T19:45:25.5395382Z   ssh-user: git
2026-10-08T19:45:25.5396207Z   persist-credentials: true
2026-10-08T19:45:25.5397105Z   clean: true
2026-10-08T19:45:25.5397951Z   sparse-checkout-cone-mode: true
2026-10-08T19:45:25.5399085Z   fetch-depth: 1
2026-10-08T19:45:25.5399898Z   fetch-tags: false
2026-10-08T19:45:25.5400728Z   show-progress: true
2026-10-08T19:45:25.5401551Z   lfs: false
2026-10-08T19:45:25.5402320Z   submodules: false
2026-10-08T19:45:25.5403150Z   set-safe-directory: true
2026-10-08T19:45:25.5404108Z   allow-unsafe-pr-checkout: false
2026-10-08T19:45:25.5405352Z ##[endgroup]
2026-10-08T19:45:25.6430763Z Syncing repository: Jacob-Met/uma-sim
2026-10-08T19:45:25.6434852Z ##[group]Getting Git version info
2026-10-08T19:45:25.6436251Z Working directory is '/home/runner/work/uma-sim/uma-sim'
2026-10-08T19:45:25.6439317Z [command]/usr/bin/git version
2026-10-08T19:45:25.6533799Z git version 2.55.0
2026-10-08T19:45:25.6565947Z ##[endgroup]
2026-10-08T19:45:25.6574649Z Temporarily overriding HOME='/home/runner/work/_temp/539ae718-8412-4f42-8a7f-67daed1fd2f3' before making global git config changes
2026-10-08T19:45:25.6578366Z Adding repository directory to the temporary git global config as a safe directory
2026-10-08T19:45:25.6582002Z [command]/usr/bin/git config --global --add safe.directory /home/runner/work/uma-sim/uma-sim
2026-10-08T19:45:25.6636775Z Deleting the contents of '/home/runner/work/uma-sim/uma-sim'
2026-10-08T19:45:25.6640792Z ##[group]Determining repository object format
2026-10-08T19:45:25.6642993Z ##[endgroup]
2026-10-08T19:45:25.6644712Z ##[group]Initializing the repository
2026-10-08T19:45:25.6647263Z [command]/usr/bin/git init /home/runner/work/uma-sim/uma-sim
2026-10-08T19:45:25.6794236Z hint: Using 'master' as the name for the initial branch. This default branch name
2026-10-08T19:45:25.6797240Z hint: will change to "main" in Git 3.0. To configure the initial branch name
2026-10-08T19:45:25.6801069Z hint: to use in all of your new repositories, which will suppress this warning,
2026-10-08T19:45:25.6803966Z hint: call:
2026-10-08T19:45:25.6805620Z hint:
2026-10-08T19:45:25.6807135Z hint: 	git config --global init.defaultBranch <name>
2026-10-08T19:45:25.6809242Z hint:
2026-10-08T19:45:25.6811052Z hint: Names commonly chosen instead of 'master' are 'main', 'trunk' and
2026-10-08T19:45:25.6814098Z hint: 'development'. The just-created branch can be renamed via this command:
2026-10-08T19:45:25.6816536Z hint:
2026-10-08T19:45:25.6817810Z hint: 	git branch -m <name>
2026-10-08T19:45:25.6822470Z hint:
2026-10-08T19:45:25.6824133Z hint: Disable this message with "git config set advice.defaultBranchName false"
2026-10-08T19:45:25.6826060Z Initialized empty Git repository in /home/runner/work/uma-sim/uma-sim/.git/
2026-10-08T19:45:25.6829817Z [command]/usr/bin/git remote add origin https://github.com/Jacob-Met/uma-sim
2026-10-08T19:45:25.6881435Z ##[endgroup]
2026-10-08T19:45:25.6882887Z ##[group]Disabling automatic garbage collection
2026-10-08T19:45:25.6885179Z [command]/usr/bin/git config --local gc.auto 0
2026-10-08T19:45:25.6922988Z ##[endgroup]
2026-10-08T19:45:25.6925044Z ##[group]Setting up auth
2026-10-08T19:45:25.6926222Z Removing SSH command configuration
2026-10-08T19:45:25.6928946Z [command]/usr/bin/git config --local --name-only --get-regexp core\.sshCommand
2026-10-08T19:45:25.6963929Z [command]/usr/bin/git submodule foreach --recursive sh -c "git config --local --name-only --get-regexp 'core\.sshCommand' && git config --local --unset-all 'core.sshCommand' || :"
2026-10-08T19:45:25.7341886Z Removing HTTP extra header
2026-10-08T19:45:25.7347362Z [command]/usr/bin/git config --local --name-only --get-regexp http\.https\:\/\/github\.com\/\.extraheader
2026-10-08T19:45:25.7384929Z [command]/usr/bin/git submodule foreach --recursive sh -c "git config --local --name-only --get-regexp 'http\.https\:\/\/github\.com\/\.extraheader' && git config --local --unset-all 'http.https://github.com/.extraheader' || :"
2026-10-08T19:45:25.7601179Z Removing includeIf entries pointing to credentials config files
2026-10-08T19:45:25.7606532Z [command]/usr/bin/git config --local --name-only --get-regexp ^includeIf\.gitdir:
2026-10-08T19:45:25.7648587Z [command]/usr/bin/git submodule foreach --recursive git config --local --show-origin --name-only --get-regexp remote.origin.url
2026-10-08T19:45:25.7872408Z [command]/usr/bin/git config --file /home/runner/work/_temp/git-credentials-696d81ac-ca0d-4601-a550-0b490d19c6dd.config http.https://github.com/.extraheader AUTHORIZATION: basic ***
2026-10-08T19:45:25.7913728Z [command]/usr/bin/git config --local includeIf.gitdir:/home/runner/work/uma-sim/uma-sim/.git.path /home/runner/work/_temp/git-credentials-696d81ac-ca0d-4601-a550-0b490d19c6dd.config
2026-10-08T19:45:25.7950580Z [command]/usr/bin/git config --local includeIf.gitdir:/home/runner/work/uma-sim/uma-sim/.git/worktrees/*.path /home/runner/work/_temp/git-credentials-696d81ac-ca0d-4601-a550-0b490d19c6dd.config
2026-10-08T19:45:25.7990062Z [command]/usr/bin/git config --local includeIf.gitdir:/github/workspace/.git.path /github/runner_temp/git-credentials-696d81ac-ca0d-4601-a550-0b490d19c6dd.config
2026-10-08T19:45:25.8024515Z [command]/usr/bin/git config --local includeIf.gitdir:/github/workspace/.git/worktrees/*.path /github/runner_temp/git-credentials-696d81ac-ca0d-4601-a550-0b490d19c6dd.config
2026-10-08T19:45:25.8057513Z ##[endgroup]
2026-10-08T19:45:25.8059154Z ##[group]Fetching the repository
2026-10-08T19:45:25.8063943Z [command]/usr/bin/git -c protocol.version=2 fetch --no-tags --prune --no-recurse-submodules --depth=1 origin +c8cb47c0d081c018af1d44af2f9a49ff9ab6bdcc:refs/remotes/pull/117/merge
2026-10-08T19:45:26.7813893Z From https://github.com/Jacob-Met/uma-sim
2026-10-08T19:45:26.7816287Z  * [new ref]         c8cb47c0d081c018af1d44af2f9a49ff9ab6bdcc -> pull/117/merge
2026-10-08T19:45:26.7820455Z ##[endgroup]
2026-10-08T19:45:26.7821441Z ##[group]Determining the checkout info
2026-10-08T19:45:26.7822466Z ##[endgroup]
2026-10-08T19:45:26.7826475Z [command]/usr/bin/git sparse-checkout disable
2026-10-08T19:45:26.7885835Z [command]/usr/bin/git config --local --unset-all extensions.worktreeConfig
2026-10-08T19:45:26.7919233Z ##[group]Checking out the ref
2026-10-08T19:45:26.7923210Z [command]/usr/bin/git checkout --progress --force refs/remotes/pull/117/merge
2026-10-08T19:45:26.9516829Z Note: switching to 'refs/remotes/pull/117/merge'.
2026-10-08T19:45:26.9517273Z 
2026-10-08T19:45:26.9517575Z You are in 'detached HEAD' state. You can look around, make experimental
2026-10-08T19:45:26.9518214Z changes and commit them, and you can discard any commits you make in this
2026-10-08T19:45:26.9519265Z state without impacting any branches by switching back to a branch.
2026-10-08T19:45:26.9519659Z 
2026-10-08T19:45:26.9519979Z If you want to create a new branch to retain commits you create, you may
2026-10-08T19:45:26.9520580Z do so (now or later) by using -c with the switch command. Example:
2026-10-08T19:45:26.9520934Z 
2026-10-08T19:45:26.9521092Z   git switch -c <new-branch-name>
2026-10-08T19:45:26.9521325Z 
2026-10-08T19:45:26.9521483Z Or undo this operation with:
2026-10-08T19:45:26.9521696Z 
2026-10-08T19:45:26.9521828Z   git switch -
2026-10-08T19:45:26.9522014Z 
2026-10-08T19:45:26.9522382Z Turn off this advice by setting config variable advice.detachedHead to false
2026-10-08T19:45:26.9522823Z 
2026-10-08T19:45:26.9523264Z HEAD is now at c8cb47c Merge f38244d04f05a48fdbb77e4140610946526039c1 into 0ad4bd4d2ca0a133fe91080b6b7818efbaedb2fa
2026-10-08T19:45:26.9536029Z ##[endgroup]
2026-10-08T19:45:26.9589479Z [command]/usr/bin/git log -1 --format=%H
2026-10-08T19:45:26.9618741Z c8cb47c0d081c018af1d44af2f9a49ff9ab6bdcc
2026-10-08T19:45:26.9892065Z ##[group]Run actions/download-artifact@3e5f45b2cfb9172054b4087a40e8e0b5a5461e7c
2026-10-08T19:45:26.9892656Z with:
2026-10-08T19:45:26.9892947Z   name: uma-sim-ui-dist
2026-10-08T19:45:26.9893279Z   path: packages/uma-sim-ui/dist
2026-10-08T19:45:26.9893682Z   merge-multiple: false
2026-10-08T19:45:26.9894015Z   repository: Jacob-Met/uma-sim
2026-10-08T19:45:26.9894364Z   run-id: 37834166512
2026-10-08T19:45:26.9894676Z   skip-decompress: false
2026-10-08T19:45:26.9895005Z   digest-mismatch: error
2026-10-08T19:45:26.9895319Z ##[endgroup]
2026-10-08T19:45:27.1326706Z Downloading single artifact
2026-10-08T19:45:27.2540900Z Preparing to download the following artifacts:
2026-10-08T19:45:27.2542414Z - uma-sim-ui-dist (ID: 11574467903, Size: 69906, Expected Digest: sha256:cfd88d081d5cc0f4494380134c392867947f5ffa45f84a111898692e4b223eb2)
2026-10-08T19:45:27.4268216Z Redirecting to blob download url: https://productionresultssa12.blob.core.windows.net/actions-results/613f8c8d-eee6-8507-8ef2-da82354e4c26/workflow-job-run-de3964a6-12a4-5822-b86c-906b58138d06/artifacts/41ddf279ab96a7c5364033a2bd4e1228c219b6777fd5a55ec9929d0be21c822c.zip
2026-10-08T19:45:27.4271722Z Starting download of artifact to: /home/runner/work/uma-sim/uma-sim/packages/uma-sim-ui/dist
2026-10-08T19:45:27.4553772Z (node:2322) [DEP0005] DeprecationWarning: Buffer() is deprecated due to security and usability issues. Please use the Buffer.alloc(), Buffer.allocUnsafe(), or Buffer.from() methods instead.
2026-10-08T19:45:27.4555915Z (Use `node --trace-deprecation ...` to show where the warning was created)
2026-10-08T19:45:27.4723634Z SHA256 digest of downloaded artifact is cfd88d081d5cc0f4494380134c392867947f5ffa45f84a111898692e4b223eb2
2026-10-08T19:45:27.4724892Z Artifact download completed successfully.
2026-10-08T19:45:27.4725604Z Total of 1 artifact(s) downloaded
2026-10-08T19:45:27.4728018Z Download artifact has finished successfully
2026-10-08T19:45:27.5050688Z ##[group]Run dtolnay/rust-toolchain@89b12181fb390509a0842a86cc55eeb8eb928c1d
2026-10-08T19:45:27.5051273Z with:
2026-10-08T19:45:27.5051614Z   components: rustfmt, clippy
2026-10-08T19:45:27.5052000Z   toolchain: stable
2026-10-08T19:45:27.5052334Z ##[endgroup]
2026-10-08T19:45:27.5128725Z ##[start-action display=Parse toolchain version;id=__dtolnay_rust-toolchain.parse]
2026-10-08T19:45:27.5196355Z ##[group]Run if [[ -z $toolchain ]]; then
2026-10-08T19:45:27.5196902Z [36;1mif [[ -z $toolchain ]]; then[0m
2026-10-08T19:45:27.5197596Z [36;1m  # GitHub does not enforce `required: true` inputs itself. https://github.com/actions/runner/issues/1070[0m
2026-10-08T19:45:27.5198339Z [36;1m  echo "'toolchain' is a required input" >&2[0m
2026-10-08T19:45:27.5199024Z [36;1m  exit 1[0m
2026-10-08T19:45:27.5199515Z [36;1melif [[ $toolchain =~ ^stable' '[0-9]+' '(year|month|week|day)s?' 'ago$ ]]; then[0m
2026-10-08T19:45:27.5200100Z [36;1m  if [[ Linux == macOS ]]; then[0m
2026-10-08T19:45:27.5200832Z [36;1m    echo "toolchain=1.$((($(date -v-$(sed 's/stable \([0-9]*\) \(.\).*/\1\2/' <<< $toolchain) +%s)/60/60/24-16569)/7/6))" >> $GITHUB_OUTPUT[0m
2026-10-08T19:45:27.5201499Z [36;1m  else[0m
2026-10-08T19:45:27.5202053Z [36;1m    echo "toolchain=1.$((($(date --date "${toolchain#stable }" +%s)/60/60/24-16569)/7/6))" >> $GITHUB_OUTPUT[0m
2026-10-08T19:45:27.5202672Z [36;1m  fi[0m
2026-10-08T19:45:27.5203114Z [36;1melif [[ $toolchain =~ ^stable' 'minus' '[0-9]+' 'releases?$ ]]; then[0m
2026-10-08T19:45:27.5203804Z [36;1m  echo "toolchain=1.$((($(date +%s)/60/60/24-16569)/7/6-${toolchain//[^0-9]/}))" >> $GITHUB_OUTPUT[0m
2026-10-08T19:45:27.5204422Z [36;1melif [[ $toolchain =~ ^1\.[0-9]+$ ]]; then[0m
2026-10-08T19:45:27.5205109Z [36;1m  echo "toolchain=1.$((i=${toolchain#1.}, c=($(date +%s)/60/60/24-16569)/7/6, i+9*i*(10*i<=c)+90*i*(100*i<=c)))" >> $GITHUB_OUTPUT[0m
2026-10-08T19:45:27.5205762Z [36;1melse[0m
2026-10-08T19:45:27.5206155Z [36;1m  echo "toolchain=$toolchain" >> $GITHUB_OUTPUT[0m
2026-10-08T19:45:27.5206586Z [36;1mfi[0m
2026-10-08T19:45:27.5506448Z shell: /usr/bin/bash --noprofile --norc -e -o pipefail {0}
2026-10-08T19:45:27.5507146Z env:
2026-10-08T19:45:27.5507575Z   toolchain: stable
2026-10-08T19:45:27.5508027Z ##[endgroup]
2026-10-08T19:45:27.5657476Z ##[end-action id=__dtolnay_rust-toolchain.parse;outcome=success;conclusion=success;duration_ms=52]
2026-10-08T19:45:27.5671764Z ##[start-action display=Construct rustup command line;id=__dtolnay_rust-toolchain.flags]
2026-10-08T19:45:27.5750457Z ##[group]Run echo "targets=$(for t in ${targets//,/ }; do echo -n ' --target' $t; done)" >> $GITHUB_OUTPUT
2026-10-08T19:45:27.5751318Z [36;1mecho "targets=$(for t in ${targets//,/ }; do echo -n ' --target' $t; done)" >> $GITHUB_OUTPUT[0m
2026-10-08T19:45:27.5752122Z [36;1mecho "components=$(for c in ${components//,/ }; do echo -n ' --component' $c; done)" >> $GITHUB_OUTPUT[0m
2026-10-08T19:45:27.5752790Z [36;1mecho "downgrade=" >> $GITHUB_OUTPUT[0m
2026-10-08T19:45:27.5819715Z shell: /usr/bin/bash --noprofile --norc -e -o pipefail {0}
2026-10-08T19:45:27.5820229Z env:
2026-10-08T19:45:27.5820564Z   targets: 
2026-10-08T19:45:27.5820915Z   components: rustfmt, clippy
2026-10-08T19:45:27.5821312Z ##[endgroup]
2026-10-08T19:45:27.5930434Z ##[end-action id=__dtolnay_rust-toolchain.flags;outcome=success;conclusion=success;duration_ms=25]
2026-10-08T19:45:27.5933588Z ##[start-action display=Set $CARGO_HOME;id=__dtolnay_rust-toolchain.__run]
2026-10-08T19:45:27.5970126Z ##[group]Run echo CARGO_HOME=${CARGO_HOME:-"$HOME/.cargo"} >> $GITHUB_ENV
2026-10-08T19:45:27.5970757Z [36;1mecho CARGO_HOME=${CARGO_HOME:-"$HOME/.cargo"} >> $GITHUB_ENV[0m
2026-10-08T19:45:27.6038726Z shell: /usr/bin/bash --noprofile --norc -e -o pipefail {0}
2026-10-08T19:45:27.6039216Z ##[endgroup]
2026-10-08T19:45:27.6137951Z ##[end-action id=__dtolnay_rust-toolchain.__run;outcome=success;conclusion=success;duration_ms=20]
2026-10-08T19:45:27.6141491Z ##[start-action display=Install rustup if needed;id=__dtolnay_rust-toolchain.__run_2]
2026-10-08T19:45:27.6180711Z ##[group]Run if ! command -v rustup &>/dev/null; then
2026-10-08T19:45:27.6181233Z [36;1mif ! command -v rustup &>/dev/null; then[0m
2026-10-08T19:45:27.6182172Z [36;1m  curl --proto '=https' --tlsv1.2 --retry 10 --retry-connrefused --location --silent --show-error --fail https://sh.rustup.rs | sh -s -- --default-toolchain none -y[0m
2026-10-08T19:45:27.6183124Z [36;1m  echo "$CARGO_HOME/bin" >> $GITHUB_PATH[0m
2026-10-08T19:45:27.6183541Z [36;1mfi[0m
2026-10-08T19:45:27.6250025Z shell: /usr/bin/bash --noprofile --norc -e -o pipefail {0}
2026-10-08T19:45:27.6250518Z env:
2026-10-08T19:45:27.6250847Z   CARGO_HOME: /home/runner/.cargo
2026-10-08T19:45:27.6251237Z ##[endgroup]
2026-10-08T19:45:27.6349940Z ##[end-action id=__dtolnay_rust-toolchain.__run_2;outcome=success;conclusion=success;duration_ms=20]
2026-10-08T19:45:27.6353240Z ##[start-action display=Install rustup if needed on windows;id=__dtolnay_rust-toolchain.__run_3]
2026-10-08T19:45:27.6362218Z ##[end-action id=__dtolnay_rust-toolchain.__run_3;outcome=skipped;conclusion=skipped;duration_ms=0]
2026-10-08T19:45:27.6374549Z ##[start-action display=rustup toolchain install stable;id=__dtolnay_rust-toolchain.__run_4]
2026-10-08T19:45:27.6408160Z ##[group]Run log=$(mktemp)
2026-10-08T19:45:27.6408883Z [36;1mlog=$(mktemp)[0m
2026-10-08T19:45:27.6409284Z [36;1mtrap 'rm -f "$log"' EXIT[0m
2026-10-08T19:45:27.6409674Z [36;1mfor attempt in 1 2 3 4 5; do[0m
2026-10-08T19:45:27.6410504Z [36;1m  if rustup toolchain install stable --component rustfmt --component clippy --profile minimal --no-self-update --force-non-host 2>&1 | tee "$log"; then[0m
2026-10-08T19:45:27.6411336Z [36;1m    break[0m
2026-10-08T19:45:27.6411661Z [36;1m  else[0m
2026-10-08T19:45:27.6411974Z [36;1m    status=$?[0m
2026-10-08T19:45:27.6412316Z [36;1m  fi[0m
2026-10-08T19:45:27.6412755Z [36;1m  if [[ $attempt == 5 ]] || ! grep -Fq 'checksum failed for ' "$log" \[0m
2026-10-08T19:45:27.6413489Z [36;1m      || ! grep -Fq 'this is likely due to an ongoing update of the official release server' "$log"; then[0m
2026-10-08T19:45:27.6414110Z [36;1m    exit "$status"[0m
2026-10-08T19:45:27.6414462Z [36;1m  fi[0m
2026-10-08T19:45:27.6414963Z [36;1m  echo "Retrying rustup toolchain install in 30 seconds (retry $attempt of 4)" >&2[0m
2026-10-08T19:45:27.6415537Z [36;1m  sleep 30[0m
2026-10-08T19:45:27.6415867Z [36;1mdone[0m
2026-10-08T19:45:27.6486121Z shell: /usr/bin/bash --noprofile --norc -e -o pipefail {0}
2026-10-08T19:45:27.6486629Z env:
2026-10-08T19:45:27.6486973Z   CARGO_HOME: /home/runner/.cargo
2026-10-08T19:45:27.6487379Z   RUSTUP_PERMIT_COPY_RENAME: 1
2026-10-08T19:45:27.6487744Z ##[endgroup]
2026-10-08T19:45:27.9166290Z info: syncing channel updates for stable-x86_64-unknown-linux-gnu
2026-10-08T19:45:28.0391950Z info: latest update on 2026-10-01 for version 1.99.0 (b940084d7 2026-09-28)
2026-10-08T19:45:28.0609913Z info: component clippy is up to date
2026-10-08T19:45:28.0610570Z info: component rustfmt is up to date
2026-10-08T19:45:28.0618928Z 
2026-10-08T19:45:28.0725044Z   stable-x86_64-unknown-linux-gnu unchanged - rustc 1.99.0 (b940084d7 2026-09-28)
2026-10-08T19:45:28.0725715Z 
2026-10-08T19:45:28.0774153Z ##[end-action id=__dtolnay_rust-toolchain.__run_4;outcome=success;conclusion=success;duration_ms=439]
2026-10-08T19:45:28.0780056Z ##[start-action display=rustup default stable;id=__dtolnay_rust-toolchain.__run_5]
2026-10-08T19:45:28.0810709Z ##[group]Run rustup default stable --force-non-host
2026-10-08T19:45:28.0811144Z [36;1mrustup default stable --force-non-host[0m
2026-10-08T19:45:28.0879929Z shell: /usr/bin/bash --noprofile --norc -e -o pipefail {0}
2026-10-08T19:45:28.0880355Z env:
2026-10-08T19:45:28.0880620Z   CARGO_HOME: /home/runner/.cargo
2026-10-08T19:45:28.0880956Z ##[endgroup]
2026-10-08T19:45:28.1012163Z info: using existing install for stable-x86_64-unknown-linux-gnu
2026-10-08T19:45:28.1023307Z info: default toolchain set to stable-x86_64-unknown-linux-gnu
2026-10-08T19:45:28.1023859Z 
2026-10-08T19:45:28.1100400Z   stable-x86_64-unknown-linux-gnu unchanged - rustc 1.99.0 (b940084d7 2026-09-28)
2026-10-08T19:45:28.1100892Z 
2026-10-08T19:45:28.1119150Z ##[end-action id=__dtolnay_rust-toolchain.__run_5;outcome=success;conclusion=success;duration_ms=33]
2026-10-08T19:45:28.1122494Z ##[start-action display=Create cachekey;id=__dtolnay_rust-toolchain.rustc-version]
2026-10-08T19:45:28.1168855Z ##[group]Run DATE=$(rustc +stable --version --verbose | sed -ne 's/^commit-date: \(20[0-9][0-9]\)-\([01][0-9]\)-\([0-3][0-9]\)$/\1\2\3/p')
2026-10-08T19:45:28.1169761Z [36;1mDATE=$(rustc +stable --version --verbose | sed -ne 's/^commit-date: \(20[0-9][0-9]\)-\([01][0-9]\)-\([0-3][0-9]\)$/\1\2\3/p')[0m
2026-10-08T19:45:28.1170422Z [36;1mHASH=$(rustc +stable --version --verbose | sed -ne 's/^commit-hash: //p')[0m
2026-10-08T19:45:28.1170949Z [36;1mecho "cachekey=$(echo $DATE$HASH | head -c12)" >> $GITHUB_OUTPUT[0m
2026-10-08T19:45:28.1239135Z shell: /usr/bin/bash --noprofile --norc -e -o pipefail {0}
2026-10-08T19:45:28.1239554Z env:
2026-10-08T19:45:28.1239795Z   CARGO_HOME: /home/runner/.cargo
2026-10-08T19:45:28.1240080Z ##[endgroup]
2026-10-08T19:45:28.1635276Z ##[end-action id=__dtolnay_rust-toolchain.rustc-version;outcome=success;conclusion=success;duration_ms=51]
2026-10-08T19:45:28.1638759Z ##[start-action display=Disable incremental compilation;id=__dtolnay_rust-toolchain.__run_6]
2026-10-08T19:45:28.1719164Z ##[group]Run if [ -z "${CARGO_INCREMENTAL+set}" ]; then
2026-10-08T19:45:28.1719617Z [36;1mif [ -z "${CARGO_INCREMENTAL+set}" ]; then[0m
2026-10-08T19:45:28.1720001Z [36;1m  echo CARGO_INCREMENTAL=0 >> $GITHUB_ENV[0m
2026-10-08T19:45:28.1720355Z [36;1mfi[0m
2026-10-08T19:45:28.1788189Z shell: /usr/bin/bash --noprofile --norc -e -o pipefail {0}
2026-10-08T19:45:28.1788919Z env:
2026-10-08T19:45:28.1789177Z   CARGO_HOME: /home/runner/.cargo
2026-10-08T19:45:28.1789490Z ##[endgroup]
2026-10-08T19:45:28.1889833Z ##[end-action id=__dtolnay_rust-toolchain.__run_6;outcome=success;conclusion=success;duration_ms=25]
2026-10-08T19:45:28.1892449Z ##[start-action display=Enable colors in Cargo output;id=__dtolnay_rust-toolchain.__run_7]
2026-10-08T19:45:28.1924486Z ##[group]Run if [ -z "${CARGO_TERM_COLOR+set}" ]; then
2026-10-08T19:45:28.1924911Z [36;1mif [ -z "${CARGO_TERM_COLOR+set}" ]; then[0m
2026-10-08T19:45:28.1925292Z [36;1m  echo CARGO_TERM_COLOR=always >> $GITHUB_ENV[0m
2026-10-08T19:45:28.1925638Z [36;1mfi[0m
2026-10-08T19:45:28.1994386Z shell: /usr/bin/bash --noprofile --norc -e -o pipefail {0}
2026-10-08T19:45:28.1994791Z env:
2026-10-08T19:45:28.1995037Z   CARGO_HOME: /home/runner/.cargo
2026-10-08T19:45:28.1995341Z   CARGO_INCREMENTAL: 0
2026-10-08T19:45:28.1995602Z ##[endgroup]
2026-10-08T19:45:28.2099530Z ##[end-action id=__dtolnay_rust-toolchain.__run_7;outcome=success;conclusion=success;duration_ms=20]
2026-10-08T19:45:28.2102482Z ##[start-action display=Enable Cargo sparse registry;id=__dtolnay_rust-toolchain.__run_8]
2026-10-08T19:45:28.2135963Z ##[group]Run # implemented in 1.66, stabilized in 1.68, made default in 1.70
2026-10-08T19:45:28.2136521Z [36;1m# implemented in 1.66, stabilized in 1.68, made default in 1.70[0m
2026-10-08T19:45:28.2137253Z [36;1mif [ -z "${CARGO_REGISTRIES_CRATES_IO_PROTOCOL+set}" -o -f "/home/runner/work/_temp"/.implicit_cargo_registries_crates_io_protocol ]; then[0m
2026-10-08T19:45:28.2138210Z [36;1m  if rustc +stable --version --verbose | grep -q '^release: 1\.6[89]\.'; then[0m
2026-10-08T19:45:28.2139236Z [36;1m    touch "/home/runner/work/_temp"/.implicit_cargo_registries_crates_io_protocol || true[0m
2026-10-08T19:45:28.2139822Z [36;1m    echo CARGO_REGISTRIES_CRATES_IO_PROTOCOL=sparse >> $GITHUB_ENV[0m
2026-10-08T19:45:28.2140343Z [36;1m  elif rustc +stable --version --verbose | grep -q '^release: 1\.6[67]\.'; then[0m
2026-10-08T19:45:28.2140921Z [36;1m    touch "/home/runner/work/_temp"/.implicit_cargo_registries_crates_io_protocol || true[0m
2026-10-08T19:45:28.2141636Z [36;1m    echo CARGO_REGISTRIES_CRATES_IO_PROTOCOL=git >> $GITHUB_ENV[0m
2026-10-08T19:45:28.2142032Z [36;1m  fi[0m
2026-10-08T19:45:28.2142248Z [36;1mfi[0m
2026-10-08T19:45:28.2212518Z shell: /usr/bin/bash --noprofile --norc -e -o pipefail {0}
2026-10-08T19:45:28.2212957Z env:
2026-10-08T19:45:28.2213219Z   CARGO_HOME: /home/runner/.cargo
2026-10-08T19:45:28.2213523Z   CARGO_INCREMENTAL: 0
2026-10-08T19:45:28.2213803Z   CARGO_TERM_COLOR: always
2026-10-08T19:45:28.2214071Z ##[endgroup]
2026-10-08T19:45:28.2589672Z ##[end-action id=__dtolnay_rust-toolchain.__run_8;outcome=success;conclusion=success;duration_ms=48]
2026-10-08T19:45:28.2592749Z ##[start-action display=Work around spurious network errors in curl 8.0;id=__dtolnay_rust-toolchain.__run_9]
2026-10-08T19:45:28.2625598Z ##[group]Run # https://rust-lang.zulipchat.com/#narrow/stream/246057-t-cargo/topic/timeout.20investigation
2026-10-08T19:45:28.2626547Z [36;1m# https://rust-lang.zulipchat.com/#narrow/stream/246057-t-cargo/topic/timeout.20investigation[0m
2026-10-08T19:45:28.2627244Z [36;1mif rustc +stable --version --verbose | grep -q '^release: 1\.7[01]\.'; then[0m
2026-10-08T19:45:28.2627742Z [36;1m  echo CARGO_HTTP_MULTIPLEXING=false >> $GITHUB_ENV[0m
2026-10-08T19:45:28.2628100Z [36;1mfi[0m
2026-10-08T19:45:28.2697983Z shell: /usr/bin/bash --noprofile --norc -e -o pipefail {0}
2026-10-08T19:45:28.2698681Z env:
2026-10-08T19:45:28.2698964Z   CARGO_HOME: /home/runner/.cargo
2026-10-08T19:45:28.2699282Z   CARGO_INCREMENTAL: 0
2026-10-08T19:45:28.2699549Z   CARGO_TERM_COLOR: always
2026-10-08T19:45:28.2699814Z ##[endgroup]
2026-10-08T19:45:28.2956843Z ##[end-action id=__dtolnay_rust-toolchain.__run_9;outcome=success;conclusion=success;duration_ms=36]
2026-10-08T19:45:28.2961673Z ##[start-action display=rustc +stable --version --verbose;id=__dtolnay_rust-toolchain.__run_10]
2026-10-08T19:45:28.2991386Z ##[group]Run rustc +stable --version --verbose
2026-10-08T19:45:28.2991762Z [36;1mrustc +stable --version --verbose[0m
2026-10-08T19:45:28.3060383Z shell: /usr/bin/bash --noprofile --norc -e -o pipefail {0}
2026-10-08T19:45:28.3060812Z env:
2026-10-08T19:45:28.3061048Z   CARGO_HOME: /home/runner/.cargo
2026-10-08T19:45:28.3061338Z   CARGO_INCREMENTAL: 0
2026-10-08T19:45:28.3061590Z   CARGO_TERM_COLOR: always
2026-10-08T19:45:28.3061845Z ##[endgroup]
2026-10-08T19:45:28.3269108Z rustc 1.99.0 (b940084d7 2026-09-28)
2026-10-08T19:45:28.3269676Z binary: rustc
2026-10-08T19:45:28.3270146Z commit-hash: b940084d7eb6a299eb4bfeb8e34901bc051e7ac4
2026-10-08T19:45:28.3270704Z commit-date: 2026-09-28
2026-10-08T19:45:28.3271111Z host: x86_64-unknown-linux-gnu
2026-10-08T19:45:28.3271538Z release: 1.99.0
2026-10-08T19:45:28.3272455Z LLVM version: 23.1.1
2026-10-08T19:45:28.3292453Z ##[end-action id=__dtolnay_rust-toolchain.__run_10;outcome=success;conclusion=success;duration_ms=32]
2026-10-08T19:45:28.3412844Z ##[group]Run Swatinem/rust-cache@6323deb102c322ba6fcbdcafc7e3dddab59af2b6
2026-10-08T19:45:28.3413285Z with:
2026-10-08T19:45:28.3413495Z   prefix-key: v0-rust
2026-10-08T19:45:28.3413736Z   add-job-id-key: true
2026-10-08T19:45:28.3413988Z   add-rust-environment-hash-key: true
2026-10-08T19:45:28.3414270Z   cache-targets: true
2026-10-08T19:45:28.3414499Z   cache-all-crates: false
2026-10-08T19:45:28.3414753Z   cache-workspace-crates: false
2026-10-08T19:45:28.3415000Z   save-if: true
2026-10-08T19:45:28.3415214Z   cache-provider: github
2026-10-08T19:45:28.3415635Z   cache-bin: true
2026-10-08T19:45:28.3415853Z   lookup-only: false
2026-10-08T19:45:28.3416067Z   cmd-format: {0}
2026-10-08T19:45:28.3416266Z env:
2026-10-08T19:45:28.3416468Z   CARGO_HOME: /home/runner/.cargo
2026-10-08T19:45:28.3416727Z   CARGO_INCREMENTAL: 0
2026-10-08T19:45:28.3416959Z   CARGO_TERM_COLOR: always
2026-10-08T19:45:28.3417193Z ##[endgroup]
2026-10-08T19:45:29.5671230Z ##[group]Cache Configuration
2026-10-08T19:45:29.5671893Z Cache Provider:
2026-10-08T19:45:29.5672269Z     github
2026-10-08T19:45:29.5672624Z Workspaces:
2026-10-08T19:45:29.5673020Z     /home/runner/work/uma-sim/uma-sim
2026-10-08T19:45:29.5673514Z Cache Paths:
2026-10-08T19:45:29.5674032Z     /home/runner/.cargo/bin
2026-10-08T19:45:29.5674480Z     /home/runner/.cargo/.crates.toml
2026-10-08T19:45:29.5674976Z     /home/runner/.cargo/.crates2.json
2026-10-08T19:45:29.5675484Z     /home/runner/.cargo/registry
2026-10-08T19:45:29.5675969Z     /home/runner/.cargo/git
2026-10-08T19:45:29.5676458Z     /home/runner/work/uma-sim/uma-sim/target
2026-10-08T19:45:29.5676983Z Restore Key:
2026-10-08T19:45:29.5677359Z     v0-rust-rust-Linux-x64-c7b3ef7d
2026-10-08T19:45:29.5677819Z Cache Key:
2026-10-08T19:45:29.5678223Z     v0-rust-rust-Linux-x64-c7b3ef7d-d4037fbb
2026-10-08T19:45:29.5679129Z .. Prefix:
2026-10-08T19:45:29.5679523Z   - v0-rust-rust-Linux-x64
2026-10-08T19:45:29.5679993Z .. Environment considered:
2026-10-08T19:45:29.5680439Z   - Rust Versions:
2026-10-08T19:45:29.5681037Z     - 1.99.0 x86_64-unknown-linux-gnu b940084d7eb6a299eb4bfeb8e34901bc051e7ac4
2026-10-08T19:45:29.5681753Z   - CARGO_HOME
2026-10-08T19:45:29.5682215Z   - CARGO_INCREMENTAL
2026-10-08T19:45:29.5682620Z   - CARGO_TERM_COLOR
2026-10-08T19:45:29.5683000Z .. Lockfiles considered:
2026-10-08T19:45:29.5683525Z   - /home/runner/work/uma-sim/uma-sim/Cargo.lock
2026-10-08T19:45:29.5684175Z   - /home/runner/work/uma-sim/uma-sim/uma-race-core/Cargo.toml
2026-10-08T19:45:29.5684885Z   - /home/runner/work/uma-sim/uma-sim/uma-sim-core/Cargo.toml
2026-10-08T19:45:29.5685748Z ##[endgroup]
2026-10-08T19:45:29.5685958Z 
2026-10-08T19:45:29.5686137Z ... Restoring cache ...
2026-10-08T19:45:29.6259023Z Cache hit for: v0-rust-rust-Linux-x64-c7b3ef7d-d4037fbb
2026-10-08T19:45:30.1216906Z Received 81539103 of 81539103 (100.0%), 175.5 MBs/sec
2026-10-08T19:45:30.1217646Z Cache Size: ~78 MB (81539103 B)
2026-10-08T19:45:30.1256060Z [command]/usr/bin/tar -xf /home/runner/work/_temp/df5c0849-a038-489a-a481-8e348b674878/cache.tzst -P -C /home/runner/work/uma-sim/uma-sim --use-compress-program unzstd
2026-10-08T19:45:30.6336638Z Cache restored successfully
2026-10-08T19:45:30.6376028Z Restored from cache key "v0-rust-rust-Linux-x64-c7b3ef7d-d4037fbb" full match: true.
2026-10-08T19:45:30.6506844Z ##[group]Run cargo fmt --all -- --check
2026-10-08T19:45:30.6507220Z [36;1mcargo fmt --all -- --check[0m
2026-10-08T19:45:30.6573739Z shell: /usr/bin/bash -e {0}
2026-10-08T19:45:30.6574040Z env:
2026-10-08T19:45:30.6574270Z   CARGO_HOME: /home/runner/.cargo
2026-10-08T19:45:30.6574595Z   CARGO_INCREMENTAL: 0
2026-10-08T19:45:30.6574854Z   CARGO_TERM_COLOR: always
2026-10-08T19:45:30.6575125Z   CACHE_ON_FAILURE: false
2026-10-08T19:45:30.6575401Z ##[endgroup]
2026-10-08T19:45:32.7564874Z ##[group]Run cargo clippy --workspace --all-targets --locked
2026-10-08T19:45:32.7565684Z [36;1mcargo clippy --workspace --all-targets --locked[0m
2026-10-08T19:45:32.7642873Z shell: /usr/bin/bash -e {0}
2026-10-08T19:45:32.7643161Z env:
2026-10-08T19:45:32.7643383Z   CARGO_HOME: /home/runner/.cargo
2026-10-08T19:45:32.7643664Z   CARGO_INCREMENTAL: 0
2026-10-08T19:45:32.7643906Z   CARGO_TERM_COLOR: always
2026-10-08T19:45:32.7644149Z   CACHE_ON_FAILURE: false
2026-10-08T19:45:32.7644380Z ##[endgroup]
2026-10-08T19:45:34.4885267Z [1m[92m    Updating[0m crates.io index
2026-10-08T19:45:35.1430028Z [1m[92m    Checking[0m uma-race-core v0.1.0 (/home/runner/work/uma-sim/uma-sim/uma-race-core)
2026-10-08T19:45:35.1431983Z [1m[92m   Compiling[0m uma-sim-core v0.1.0 (/home/runner/work/uma-sim/uma-sim/uma-sim-core)
2026-10-08T19:45:38.0722188Z [1m[33mwarning[0m[1m: manually reimplementing `div_ceil`[0m
2026-10-08T19:45:38.0723492Z   [1m[94m--> [0muma-race-core/src/compete_fight.rs:33:16
2026-10-08T19:45:38.0724352Z    [1m[94m|[0m
2026-10-08T19:45:38.0725168Z [1m[94m33[0m [1m[94m|[0m     let half = (field_size + 1) / 2; // ceil(n/2)
2026-10-08T19:45:38.0726549Z    [1m[94m|[0m                [1m[33m^^^^^^^^^^^^^^^^^^^^[0m [1m[33mhelp: consider using `.div_ceil()`: `field_size.div_ceil(2)`[0m
2026-10-08T19:45:38.0727386Z    [1m[94m|[0m
2026-10-08T19:45:38.0728313Z    [1m[94m= [0m[1mhelp[0m: for further information visit https://rust-lang.github.io/rust-clippy/rust-1.99.0/index.html#manual_div_ceil
2026-10-08T19:45:38.0734875Z    [1m[94m= [0m[1mnote[0m: `#[warn(clippy::manual_div_ceil)]` on by default
2026-10-08T19:45:38.0735590Z 
2026-10-08T19:45:38.4651223Z [1m[33mwarning[0m[1m: using `contains()` instead of `iter().any()` is more efficient[0m
2026-10-08T19:45:38.4652819Z    [1m[94m--> [0muma-race-core/src/condition/skill.rs:176:8
2026-10-08T19:45:38.4654070Z     [1m[94m|[0m
2026-10-08T19:45:38.4657087Z [1m[94m176[0m [1m[94m|[0m     if SCENARIO.iter().any(|s| *s == skill_id) {
2026-10-08T19:45:38.4658941Z     [1m[94m|[0m        [1m[33m^^^^^^^^^^^^^^^^^^^^^^^^^^^^^^^^^^^^^^^[0m [1m[33mhelp: try: `SCENARIO.contains(&skill_id)`[0m
2026-10-08T19:45:38.4660179Z     [1m[94m|[0m
2026-10-08T19:45:38.4661682Z     [1m[94m= [0m[1mhelp[0m: for further information visit https://rust-lang.github.io/rust-clippy/rust-1.99.0/index.html#manual_contains
2026-10-08T19:45:38.4662890Z     [1m[94m= [0m[1mnote[0m: `#[warn(clippy::manual_contains)]` on by default
2026-10-08T19:45:38.4663199Z 
2026-10-08T19:45:38.4713505Z [1m[33mwarning[0m[1m: this OR pattern can be rewritten using a range[0m
2026-10-08T19:45:38.4714899Z    [1m[94m--> [0muma-race-core/src/condition/skill.rs:282:83
2026-10-08T19:45:38.4715735Z     [1m[94m|[0m
2026-10-08T19:45:38.4717300Z [1m[94m282[0m [1m[94m|[0m             let skip_wisdom = green_skip || matches!(payload.rarity.unwrap_or(1), 3 | 4 | 5);
2026-10-08T19:45:38.4719070Z     [1m[94m|[0m                                                                                   [1m[33m^^^^^^^^^[0m [1m[33mhelp: try: `3..=5`[0m
2026-10-08T19:45:38.4729458Z     [1m[94m|[0m
2026-10-08T19:45:38.4731356Z     [1m[94m= [0m[1mhelp[0m: for further information visit https://rust-lang.github.io/rust-clippy/rust-1.99.0/index.html#manual_range_patterns
2026-10-08T19:45:38.4733543Z     [1m[94m= [0m[1mnote[0m: `#[warn(clippy::manual_range_patterns)]` on by default
2026-10-08T19:45:38.4734387Z 
2026-10-08T19:45:38.4972563Z [1m[33mwarning[0m[1m: this function has too many arguments (11/7)[0m
2026-10-08T19:45:38.4973747Z   [1m[94m--> [0muma-race-core/src/pos_keep.rs:86:1
2026-10-08T19:45:38.4974498Z    [1m[94m|[0m
2026-10-08T19:45:38.4975271Z [1m[94m86[0m [1m[94m|[0m [1m[33m/[0m pub fn tick_nige_pos_keep(
2026-10-08T19:45:38.4976232Z [1m[94m87[0m [1m[94m|[0m [1m[33m|[0m     state: PosKeepState,
2026-10-08T19:45:38.4977534Z [1m[94m88[0m [1m[94m|[0m [1m[33m|[0m     strategy: Strategy,
2026-10-08T19:45:38.4978687Z [1m[94m89[0m [1m[94m|[0m [1m[33m|[0m     am_i_pacer: bool,
2026-10-08T19:45:38.4979670Z [1m[94m...[0m  [1m[33m|[0m
2026-10-08T19:45:38.4980363Z [1m[94m97[0m [1m[94m|[0m [1m[33m|[0m     section_len: f64,
2026-10-08T19:45:38.4981295Z [1m[94m98[0m [1m[94m|[0m [1m[33m|[0m ) -> (PosKeepState, f64, f64, f64) {
2026-10-08T19:45:38.4982187Z    [1m[94m|[0m [1m[33m|__________________________________^[0m
2026-10-08T19:45:38.4982811Z    [1m[94m|[0m
2026-10-08T19:45:38.4984007Z    [1m[94m= [0m[1mhelp[0m: for further information visit https://rust-lang.github.io/rust-clippy/rust-1.99.0/index.html#too_many_arguments
2026-10-08T19:45:38.4985949Z    [1m[94m= [0m[1mnote[0m: `#[warn(clippy::too_many_arguments)]` on by default
2026-10-08T19:45:38.4986867Z 
2026-10-08T19:45:38.4987345Z [1m[33mwarning[0m[1m: this function has too many arguments (13/7)[0m
2026-10-08T19:45:38.4988212Z    [1m[94m--> [0muma-race-core/src/pos_keep.rs:151:1
2026-10-08T19:45:38.4989167Z     [1m[94m|[0m
2026-10-08T19:45:38.4989824Z [1m[94m151[0m [1m[94m|[0m [1m[33m/[0m pub fn tick_pack_pos_keep(
2026-10-08T19:45:38.4990716Z [1m[94m152[0m [1m[94m|[0m [1m[33m|[0m     state: PosKeepState,
2026-10-08T19:45:38.4991636Z [1m[94m153[0m [1m[94m|[0m [1m[33m|[0m     strategy: Strategy,
2026-10-08T19:45:38.4992485Z [1m[94m154[0m [1m[94m|[0m [1m[33m|[0m     behind: f64,
2026-10-08T19:45:38.4993165Z [1m[94m...[0m   [1m[33m|[0m
2026-10-08T19:45:38.4993864Z [1m[94m164[0m [1m[94m|[0m [1m[33m|[0m     section_len: f64,
2026-10-08T19:45:38.4994788Z [1m[94m165[0m [1m[94m|[0m [1m[33m|[0m ) -> (PosKeepState, f64, f64, f64) {
2026-10-08T19:45:38.4995668Z     [1m[94m|[0m [1m[33m|__________________________________^[0m
2026-10-08T19:45:38.4996314Z     [1m[94m|[0m
2026-10-08T19:45:38.4997538Z     [1m[94m= [0m[1mhelp[0m: for further information visit https://rust-lang.github.io/rust-clippy/rust-1.99.0/index.html#too_many_arguments
2026-10-08T19:45:38.4999882Z 
2026-10-08T19:45:38.5000435Z [1m[33mwarning[0m[1m: this function has too many arguments (12/7)[0m
2026-10-08T19:45:38.5008240Z   [1m[94m--> [0muma-race-core/src/runner.rs:74:1
2026-10-08T19:45:38.5009105Z    [1m[94m|[0m
2026-10-08T19:45:38.5009488Z [1m[94m74[0m [1m[94m|[0m [1m[33m/[0m fn apply_gate_skills(
2026-10-08T19:45:38.5009996Z [1m[94m75[0m [1m[94m|[0m [1m[33m|[0m     pending: &mut Vec<PendingSkill>,
2026-10-08T19:45:38.5010496Z [1m[94m76[0m [1m[94m|[0m [1m[33m|[0m     h: &mut HorseInput,
2026-10-08T19:45:38.5010954Z [1m[94m77[0m [1m[94m|[0m [1m[33m|[0m     start_delay: &mut f64,
2026-10-08T19:45:38.5011335Z [1m[94m...[0m  [1m[33m|[0m
2026-10-08T19:45:38.5011680Z [1m[94m86[0m [1m[94m|[0m [1m[33m|[0m     num_umas: u32,
2026-10-08T19:45:38.5012112Z [1m[94m87[0m [1m[94m|[0m [1m[33m|[0m ) -> GatePhysics {
2026-10-08T19:45:38.5012494Z    [1m[94m|[0m [1m[33m|________________^[0m
2026-10-08T19:45:38.5012804Z    [1m[94m|[0m
2026-10-08T19:45:38.5013458Z    [1m[94m= [0m[1mhelp[0m: for further information visit https://rust-lang.github.io/rust-clippy/rust-1.99.0/index.html#too_many_arguments
2026-10-08T19:45:38.5013957Z 
2026-10-08T19:45:38.5065881Z [1m[33mwarning[0m[1m: this function has too many arguments (8/7)[0m
2026-10-08T19:45:38.5067009Z    [1m[94m--> [0muma-race-core/src/runner.rs:379:5
2026-10-08T19:45:38.5067752Z     [1m[94m|[0m
2026-10-08T19:45:38.5068636Z [1m[94m379[0m [1m[94m|[0m [1m[33m/[0m     fn build(
2026-10-08T19:45:38.5069657Z [1m[94m380[0m [1m[94m|[0m [1m[33m|[0m         course: &Course,
2026-10-08T19:45:38.5070716Z [1m[94m381[0m [1m[94m|[0m [1m[33m|[0m         ground: GroundCondition,
2026-10-08T19:45:38.5071842Z [1m[94m382[0m [1m[94m|[0m [1m[33m|[0m         horse: &HorseInput,
2026-10-08T19:45:38.5072709Z [1m[94m...[0m   [1m[33m|[0m
2026-10-08T19:45:38.5073838Z [1m[94m387[0m [1m[94m|[0m [1m[33m|[0m         num_umas: u32,
2026-10-08T19:45:38.5074900Z [1m[94m388[0m [1m[94m|[0m [1m[33m|[0m     ) -> Self {
2026-10-08T19:45:38.5075792Z     [1m[94m|[0m [1m[33m|_____________^[0m
2026-10-08T19:45:38.5076478Z     [1m[94m|[0m
2026-10-08T19:45:38.5077804Z     [1m[94m= [0m[1mhelp[0m: for further information visit https://rust-lang.github.io/rust-clippy/rust-1.99.0/index.html#too_many_arguments
2026-10-08T19:45:38.5079137Z 
2026-10-08T19:45:38.5170105Z [1m[33mwarning[0m[1m: struct update has no effect, all the fields in the struct have already been specified[0m
2026-10-08T19:45:38.5171384Z     [1m[94m--> [0muma-race-core/src/runner.rs:1303:15
2026-10-08T19:45:38.5171994Z      [1m[94m|[0m
2026-10-08T19:45:38.5172867Z [1m[94m1303[0m [1m[94m|[0m             ..Default::default()
2026-10-08T19:45:38.5174051Z      [1m[94m|[0m               [1m[33m^^^^^^^^^^^^^^^^^^[0m
2026-10-08T19:45:38.5174715Z      [1m[94m|[0m
2026-10-08T19:45:38.5175941Z      [1m[94m= [0m[1mhelp[0m: for further information visit https://rust-lang.github.io/rust-clippy/rust-1.99.0/index.html#needless_update
2026-10-08T19:45:38.5177740Z      [1m[94m= [0m[1mnote[0m: `#[warn(clippy::needless_update)]` on by default
2026-10-08T19:45:38.5178351Z 
2026-10-08T19:45:38.5230131Z [1m[33mwarning[0m[1m: this function has too many arguments (15/7)[0m
2026-10-08T19:45:38.5231773Z    [1m[94m--> [0muma-race-core/src/solver.rs:430:1
2026-10-08T19:45:38.5232662Z     [1m[94m|[0m
2026-10-08T19:45:38.5233576Z [1m[94m430[0m [1m[94m|[0m [1m[33m/[0m pub(crate) fn dynamics_ok(
2026-10-08T19:45:38.5234734Z [1m[94m431[0m [1m[94m|[0m [1m[33m|[0m     dynamics: &[DynamicPred],
2026-10-08T19:45:38.5235843Z [1m[94m432[0m [1m[94m|[0m [1m[33m|[0m     t: f64,
2026-10-08T19:45:38.5236833Z [1m[94m433[0m [1m[94m|[0m [1m[33m|[0m     is_last_spurt: bool,
2026-10-08T19:45:38.5237801Z [1m[94m...[0m   [1m[33m|[0m
2026-10-08T19:45:38.5239325Z [1m[94m445[0m [1m[94m|[0m [1m[33m|[0m     used_skills: &std::collections::HashSet<String>,
2026-10-08T19:45:38.5240531Z [1m[94m446[0m [1m[94m|[0m [1m[33m|[0m ) -> bool {
2026-10-08T19:45:38.5241471Z     [1m[94m|[0m [1m[33m|_________^[0m
2026-10-08T19:45:38.5242233Z     [1m[94m|[0m
2026-10-08T19:45:38.5243641Z     [1m[94m= [0m[1mhelp[0m: for further information visit https://rust-lang.github.io/rust-clippy/rust-1.99.0/index.html#too_many_arguments
2026-10-08T19:45:38.5244836Z 
2026-10-08T19:45:38.5269750Z [1m[33mwarning[0m[1m: this function has too many arguments (8/7)[0m
2026-10-08T19:45:38.5270766Z    [1m[94m--> [0muma-race-core/src/special_conditions.rs:161:5
2026-10-08T19:45:38.5271517Z     [1m[94m|[0m
2026-10-08T19:45:38.5272158Z [1m[94m161[0m [1m[94m|[0m [1m[33m/[0m     pub fn tick(
2026-10-08T19:45:38.5273009Z [1m[94m162[0m [1m[94m|[0m [1m[33m|[0m         &mut self,
2026-10-08T19:45:38.5273890Z [1m[94m163[0m [1m[94m|[0m [1m[33m|[0m         rng: &mut PrandoRng,
2026-10-08T19:45:38.5274747Z [1m[94m164[0m [1m[94m|[0m [1m[33m|[0m         phase: Phase,
2026-10-08T19:45:38.5275381Z [1m[94m...[0m   [1m[33m|[0m
2026-10-08T19:45:38.5275965Z [1m[94m169[0m [1m[94m|[0m [1m[33m|[0m         horse_lane: f64,
2026-10-08T19:45:38.5276693Z [1m[94m170[0m [1m[94m|[0m [1m[33m|[0m     ) {
2026-10-08T19:45:38.5277329Z     [1m[94m|[0m [1m[33m|_____^[0m
2026-10-08T19:45:38.5277881Z     [1m[94m|[0m
2026-10-08T19:45:38.5279277Z     [1m[94m= [0m[1mhelp[0m: for further information visit https://rust-lang.github.io/rust-clippy/rust-1.99.0/index.html#too_many_arguments
2026-10-08T19:45:38.5279988Z 
2026-10-08T19:45:38.5280225Z [1m[33mwarning[0m[1m: this operation has no effect[0m
2026-10-08T19:45:38.5280676Z    [1m[94m--> [0muma-race-core/src/solver.rs:982:40
2026-10-08T19:45:38.5281020Z     [1m[94m|[0m
2026-10-08T19:45:38.5281421Z [1m[94m982[0m [1m[94m|[0m         assert_eq!(gate_block(16, 18), 1 + (24 - 16) % 8);
2026-10-08T19:45:38.5282297Z     [1m[94m|[0m                                        [1m[33m^^^^^^^^^^^^^^^^^[0m [1m[33mhelp: consider reducing it to: `1`[0m
2026-10-08T19:45:38.5282771Z     [1m[94m|[0m
2026-10-08T19:45:38.5283628Z     [1m[94m= [0m[1mhelp[0m: for further information visit https://rust-lang.github.io/rust-clippy/rust-1.99.0/index.html#identity_op
2026-10-08T19:45:38.5284472Z     [1m[94m= [0m[1mnote[0m: `#[warn(clippy::identity_op)]` on by default
2026-10-08T19:45:38.5284751Z 
2026-10-08T19:45:38.5285012Z [1m[33mwarning[0m[1m: this function has too many arguments (8/7)[0m
2026-10-08T19:45:38.5285497Z    [1m[94m--> [0muma-race-core/src/special_conditions.rs:201:5
2026-10-08T19:45:38.5285849Z     [1m[94m|[0m
2026-10-08T19:45:38.5286178Z [1m[94m201[0m [1m[94m|[0m [1m[33m/[0m     pub fn on_frame(
2026-10-08T19:45:38.5287001Z [1m[94m202[0m [1m[94m|[0m [1m[33m|[0m         &mut self,
2026-10-08T19:45:38.5287498Z [1m[94m203[0m [1m[94m|[0m [1m[33m|[0m         dt: f64,
2026-10-08T19:45:38.5287933Z [1m[94m204[0m [1m[94m|[0m [1m[33m|[0m         phase: Phase,
2026-10-08T19:45:38.5288297Z [1m[94m...[0m   [1m[33m|[0m
2026-10-08T19:45:38.5288870Z [1m[94m209[0m [1m[94m|[0m [1m[33m|[0m         horse_lane: f64,
2026-10-08T19:45:38.5289275Z [1m[94m210[0m [1m[94m|[0m [1m[33m|[0m     ) {
2026-10-08T19:45:38.5289619Z     [1m[94m|[0m [1m[33m|_____^[0m
2026-10-08T19:45:38.5289891Z     [1m[94m|[0m
2026-10-08T19:45:38.5290519Z     [1m[94m= [0m[1mhelp[0m: for further information visit https://rust-lang.github.io/rust-clippy/rust-1.99.0/index.html#too_many_arguments
2026-10-08T19:45:38.5291018Z 
2026-10-08T19:45:38.5759642Z [1m[33mwarning[0m: `uma-race-core` (lib test) generated 12 warnings (7 duplicates) (run `cargo clippy --fix --lib -p uma-race-core --tests -- ` to apply 3 suggestions)
2026-10-08T19:45:38.5849176Z [1m[33mwarning[0m: `uma-race-core` (lib) generated 11 warnings (4 duplicates) (run `cargo clippy --fix --lib -p uma-race-core -- ` to apply 1 suggestion)
2026-10-08T19:45:38.8301515Z [1m[33mwarning[0m[1m: manual `RangeInclusive::contains` implementation[0m
2026-10-08T19:45:38.8303277Z   [1m[94m--> [0muma-race-core/tests/probe_residual.rs:75:16
2026-10-08T19:45:38.8305208Z    [1m[94m|[0m
2026-10-08T19:45:38.8306116Z [1m[94m75[0m [1m[94m|[0m             || (i >= 105 && i <= 130)
2026-10-08T19:45:38.8307487Z    [1m[94m|[0m                [1m[33m^^^^^^^^^^^^^^^^^^^^^^[0m [1m[33mhelp: use: `(105..=130).contains(&i)`[0m
2026-10-08T19:45:38.8308940Z    [1m[94m|[0m
2026-10-08T19:45:38.8310629Z    [1m[94m= [0m[1mhelp[0m: for further information visit https://rust-lang.github.io/rust-clippy/rust-1.99.0/index.html#manual_range_contains
2026-10-08T19:45:38.8312506Z    [1m[94m= [0m[1mnote[0m: `#[warn(clippy::manual_range_contains)]` on by default
2026-10-08T19:45:38.8313360Z 
2026-10-08T19:45:38.8314121Z [1m[33mwarning[0m[1m: manual `RangeInclusive::contains` implementation[0m
2026-10-08T19:45:38.8315257Z   [1m[94m--> [0muma-race-core/tests/probe_residual.rs:76:18
2026-10-08T19:45:38.8316049Z    [1m[94m|[0m
2026-10-08T19:45:38.8316893Z [1m[94m76[0m [1m[94m|[0m             || ((i >= 60 && i <= 180 && i % 5 == 0) || i < 5);
2026-10-08T19:45:38.8318162Z    [1m[94m|[0m                  [1m[33m^^^^^^^^^^^^^^^^^^^[0m [1m[33mhelp: use: `(60..=180).contains(&i)`[0m
2026-10-08T19:45:38.8319555Z    [1m[94m|[0m
2026-10-08T19:45:38.8321006Z    [1m[94m= [0m[1mhelp[0m: for further information visit https://rust-lang.github.io/rust-clippy/rust-1.99.0/index.html#manual_range_contains
2026-10-08T19:45:38.8322096Z 
2026-10-08T19:45:38.8385566Z [1m[33mwarning[0m: `uma-race-core` (test "probe_residual") generated 2 warnings (run `cargo clippy --fix --test "probe_residual" -p uma-race-core -- ` to apply 2 suggestions)
2026-10-08T19:45:41.8263818Z [1m[33mwarning[0m[1m: consider using `sort_by_key`[0m
2026-10-08T19:45:41.8265485Z    [1m[94m--> [0muma-sim-core/src/batch_analysis.rs:174:5
2026-10-08T19:45:41.8266932Z     [1m[94m|[0m
2026-10-08T19:45:41.8268183Z [1m[94m174[0m [1m[94m|[0m     top.sort_by(|a, b| b.score.cmp(&a.score));
2026-10-08T19:45:41.8269419Z     [1m[94m|[0m     [1m[33m^^^^^^^^^^^^^^^^^^^^^^^^^^^^^^^^^^^^^^^^^[0m
2026-10-08T19:45:41.8270052Z     [1m[94m|[0m
2026-10-08T19:45:41.8271229Z     [1m[94m= [0m[1mhelp[0m: for further information visit https://rust-lang.github.io/rust-clippy/rust-1.99.0/index.html#unnecessary_sort_by
2026-10-08T19:45:41.8272749Z     [1m[94m= [0m[1mnote[0m: `#[warn(clippy::unnecessary_sort_by)]` on by default
2026-10-08T19:45:41.8273478Z [1m[96mhelp[0m: try
2026-10-08T19:45:41.8273952Z     [1m[94m|[0m
2026-10-08T19:45:41.8274671Z [1m[94m174[0m [91m- [0m    top.[91msort_by(|a, b| b.score.cmp(&a.score))[0m;
2026-10-08T19:45:41.8276173Z [1m[94m174[0m [92m+ [0m    top.[92msort_by_key(|a| std::cmp::Reverse(a.score))[0m;
2026-10-08T19:45:41.8276949Z     [1m[94m|[0m
2026-10-08T19:45:41.8277211Z 
2026-10-08T19:45:41.8338772Z [1m[33mwarning[0m[1m: manual implementation of `.is_multiple_of()`[0m
2026-10-08T19:45:41.8339945Z    [1m[94m--> [0muma-sim-core/src/batch_pairs.rs:192:21
2026-10-08T19:45:41.8340582Z     [1m[94m|[0m
2026-10-08T19:45:41.8341211Z [1m[94m192[0m [1m[94m|[0m     let median = if count % 2 == 0 {
2026-10-08T19:45:41.8342288Z     [1m[94m|[0m                     [1m[33m^^^^^^^^^^^^^^[0m [1m[33mhelp: replace with: `count.is_multiple_of(2)`[0m
2026-10-08T19:45:41.8343171Z     [1m[94m|[0m
2026-10-08T19:45:41.8344348Z     [1m[94m= [0m[1mhelp[0m: for further information visit https://rust-lang.github.io/rust-clippy/rust-1.99.0/index.html#manual_is_multiple_of
2026-10-08T19:45:41.8345880Z     [1m[94m= [0m[1mnote[0m: `#[warn(clippy::manual_is_multiple_of)]` on by default
2026-10-08T19:45:41.8346431Z 
2026-10-08T19:45:41.8902211Z [1m[33mwarning[0m[1m: this `if` statement can be collapsed[0m
2026-10-08T19:45:41.8902927Z     [1m[94m--> [0muma-sim-core/src/career_lab.rs:1531:13
2026-10-08T19:45:41.8903293Z      [1m[94m|[0m
2026-10-08T19:45:41.8903686Z [1m[94m1531[0m [1m[94m|[0m [1m[33m/[0m             if name.starts_with(".tmp-") {
2026-10-08T19:45:41.8904452Z [1m[94m1532[0m [1m[94m|[0m [1m[33m|[0m                 if fs::remove_file(de.path()).is_ok() {
2026-10-08T19:45:41.8905017Z [1m[94m1533[0m [1m[94m|[0m [1m[33m|[0m                     removed += 1;
2026-10-08T19:45:41.8905475Z [1m[94m1534[0m [1m[94m|[0m [1m[33m|[0m                 }
2026-10-08T19:45:41.8905892Z [1m[94m1535[0m [1m[94m|[0m [1m[33m|[0m             }
2026-10-08T19:45:41.8906263Z      [1m[94m|[0m [1m[33m|_____________^[0m
2026-10-08T19:45:41.8906584Z      [1m[94m|[0m
2026-10-08T19:45:41.8907256Z      [1m[94m= [0m[1mhelp[0m: for further information visit https://rust-lang.github.io/rust-clippy/rust-1.99.0/index.html#collapsible_if
2026-10-08T19:45:41.8908061Z      [1m[94m= [0m[1mnote[0m: `#[warn(clippy::collapsible_if)]` on by default
2026-10-08T19:45:41.8908734Z [1m[96mhelp[0m: collapse nested if block
2026-10-08T19:45:41.8909053Z      [1m[94m|[0m
2026-10-08T19:45:41.8909402Z [1m[94m1531[0m [92m~ [0m            if name.starts_with(".tmp-")
2026-10-08T19:45:41.8910006Z [1m[94m1532[0m [92m~ [0m                [92m&&[0m fs::remove_file(de.path()).is_ok() {
2026-10-08T19:45:41.8910506Z [1m[94m1533[0m [1m[94m|[0m                     removed += 1;
2026-10-08T19:45:41.8910895Z [1m[94m1534[0m [92m~ [0m                }
2026-10-08T19:45:41.8911196Z      [1m[94m|[0m
2026-10-08T19:45:41.8911326Z 
2026-10-08T19:45:41.9287121Z [1m[33mwarning[0m[1m: this `impl` can be derived[0m
2026-10-08T19:45:41.9288027Z   [1m[94m--> [0muma-sim-core/src/catalog/factor.rs:35:1
2026-10-08T19:45:41.9288999Z    [1m[94m|[0m
2026-10-08T19:45:41.9289809Z [1m[94m35[0m [1m[94m|[0m [1m[33m/[0m impl Default for FactorCatalogState {
2026-10-08T19:45:41.9290923Z [1m[94m36[0m [1m[94m|[0m [1m[33m|[0m     fn default() -> Self {
2026-10-08T19:45:41.9292375Z [1m[94m37[0m [1m[94m|[0m [1m[33m|[0m         Self {
2026-10-08T19:45:41.9293593Z [1m[94m38[0m [1m[94m|[0m [1m[33m|[0m             by_id: HashMap::new(),
2026-10-08T19:45:41.9294476Z [1m[94m...[0m  [1m[33m|[0m
2026-10-08T19:45:41.9295201Z [1m[94m42[0m [1m[94m|[0m [1m[33m|[0m }
2026-10-08T19:45:41.9295960Z    [1m[94m|[0m [1m[33m|_^[0m
2026-10-08T19:45:41.9296612Z    [1m[94m|[0m
2026-10-08T19:45:41.9297919Z    [1m[94m= [0m[1mhelp[0m: for further information visit https://rust-lang.github.io/rust-clippy/rust-1.99.0/index.html#derivable_impls
2026-10-08T19:45:41.9299892Z    [1m[94m= [0m[1mnote[0m: `#[warn(clippy::derivable_impls)]` on by default
2026-10-08T19:45:41.9301106Z [1m[96mhelp[0m: replace the manual implementation with a derive attribute
2026-10-08T19:45:41.9302662Z    [1m[94m|[0m
2026-10-08T19:45:41.9303332Z [1m[94m30[0m [92m+ #[derive(Default)][0m
2026-10-08T19:45:41.9304214Z [1m[94m31[0m [1m[94m|[0m struct FactorCatalogState {
2026-10-08T19:45:41.9305005Z    [1m[94m|[0m
2026-10-08T19:45:41.9305328Z 
2026-10-08T19:45:41.9374340Z [1m[33mwarning[0m[1m: this `impl` can be derived[0m
2026-10-08T19:45:41.9375156Z   [1m[94m--> [0muma-sim-core/src/catalog/support.rs:45:1
2026-10-08T19:45:41.9375700Z    [1m[94m|[0m
2026-10-08T19:45:41.9376285Z [1m[94m45[0m [1m[94m|[0m [1m[33m/[0m impl Default for SupportCatalogState {
2026-10-08T19:45:41.9377196Z [1m[94m46[0m [1m[94m|[0m [1m[33m|[0m     fn default() -> Self {
2026-10-08T19:45:41.9378004Z [1m[94m47[0m [1m[94m|[0m [1m[33m|[0m         Self {
2026-10-08T19:45:41.9379306Z [1m[94m48[0m [1m[94m|[0m [1m[33m|[0m             by_id: HashMap::new(),
2026-10-08T19:45:41.9380076Z [1m[94m...[0m  [1m[33m|[0m
2026-10-08T19:45:41.9380650Z [1m[94m53[0m [1m[94m|[0m [1m[33m|[0m }
2026-10-08T19:45:41.9381302Z    [1m[94m|[0m [1m[33m|_^[0m
2026-10-08T19:45:41.9381817Z    [1m[94m|[0m
2026-10-08T19:45:41.9382932Z    [1m[94m= [0m[1mhelp[0m: for further information visit https://rust-lang.github.io/rust-clippy/rust-1.99.0/index.html#derivable_impls
2026-10-08T19:45:41.9384350Z [1m[96mhelp[0m: replace the manual implementation with a derive attribute
2026-10-08T19:45:41.9385119Z    [1m[94m|[0m
2026-10-08T19:45:41.9385630Z [1m[94m39[0m [92m+ #[derive(Default)][0m
2026-10-08T19:45:41.9386353Z [1m[94m40[0m [1m[94m|[0m struct SupportCatalogState {
2026-10-08T19:45:41.9387002Z    [1m[94m|[0m
2026-10-08T19:45:41.9387253Z 
2026-10-08T19:45:41.9388632Z [1m[33mwarning[0m[1m: consider using `sort_by_key`[0m
2026-10-08T19:45:41.9389525Z    [1m[94m--> [0muma-sim-core/src/catalog/support.rs:118:9
2026-10-08T19:45:41.9390209Z     [1m[94m|[0m
2026-10-08T19:45:41.9391084Z [1m[94m118[0m [1m[94m|[0m         rows.sort_by(|a, b| a.name.to_lowercase().cmp(&b.name.to_lowercase()));
2026-10-08T19:45:41.9392210Z     [1m[94m|[0m         [1m[33m^^^^^^^^^^^^^^^^^^^^^^^^^^^^^^^^^^^^^^^^^^^^^^^^^^^^^^^^^^^^^^^^^^^^^^[0m
2026-10-08T19:45:41.9392928Z     [1m[94m|[0m
2026-10-08T19:45:41.9394133Z     [1m[94m= [0m[1mhelp[0m: for further information visit https://rust-lang.github.io/rust-clippy/rust-1.99.0/index.html#unnecessary_sort_by
2026-10-08T19:45:41.9395322Z [1m[96mhelp[0m: try
2026-10-08T19:45:41.9395778Z     [1m[94m|[0m
2026-10-08T19:45:41.9396714Z [1m[94m118[0m [91m- [0m        rows.[91msort_by(|a, b| a.name.to_lowercase().cmp(&b.name.to_lowercase()))[0m;
2026-10-08T19:45:41.9398776Z [1m[94m118[0m [92m+ [0m        rows.[92msort_by_key(|a| a.name.to_lowercase())[0m;
2026-10-08T19:45:41.9399576Z     [1m[94m|[0m
2026-10-08T19:45:41.9399824Z 
2026-10-08T19:45:41.9400200Z [1m[33mwarning[0m[1m: this `impl` can be derived[0m
2026-10-08T19:45:41.9401341Z   [1m[94m--> [0muma-sim-core/src/catalog/trainee.rs:55:1
2026-10-08T19:45:41.9402085Z    [1m[94m|[0m
2026-10-08T19:45:41.9402735Z [1m[94m55[0m [1m[94m|[0m [1m[33m/[0m impl Default for TraineeCatalogState {
2026-10-08T19:45:41.9403936Z [1m[94m56[0m [1m[94m|[0m [1m[33m|[0m     fn default() -> Self {
2026-10-08T19:45:41.9404839Z [1m[94m57[0m [1m[94m|[0m [1m[33m|[0m         Self {
2026-10-08T19:45:41.9405829Z [1m[94m58[0m [1m[94m|[0m [1m[33m|[0m             by_name: HashMap::new(),
2026-10-08T19:45:41.9406544Z [1m[94m...[0m  [1m[33m|[0m
2026-10-08T19:45:41.9407133Z [1m[94m65[0m [1m[94m|[0m [1m[33m|[0m }
2026-10-08T19:45:41.9407717Z    [1m[94m|[0m [1m[33m|_^[0m
2026-10-08T19:45:41.9408241Z    [1m[94m|[0m
2026-10-08T19:45:41.9409703Z    [1m[94m= [0m[1mhelp[0m: for further information visit https://rust-lang.github.io/rust-clippy/rust-1.99.0/index.html#derivable_impls
2026-10-08T19:45:41.9411119Z [1m[96mhelp[0m: replace the manual implementation with a derive attribute
2026-10-08T19:45:41.9412170Z    [1m[94m|[0m
2026-10-08T19:45:41.9412696Z [1m[94m47[0m [92m+ #[derive(Default)][0m
2026-10-08T19:45:41.9413440Z [1m[94m48[0m [1m[94m|[0m struct TraineeCatalogState {
2026-10-08T19:45:41.9414091Z    [1m[94m|[0m
2026-10-08T19:45:41.9414330Z 
2026-10-08T19:45:41.9432865Z [1m[33mwarning[0m[1m: consider using `sort_by_key`[0m
2026-10-08T19:45:41.9433733Z    [1m[94m--> [0muma-sim-core/src/catalog/trainee.rs:371:9
2026-10-08T19:45:41.9434367Z     [1m[94m|[0m
2026-10-08T19:45:41.9435177Z [1m[94m371[0m [1m[94m|[0m         rows.sort_by(|a, b| a.name.to_lowercase().cmp(&b.name.to_lowercase()));
2026-10-08T19:45:41.9436343Z     [1m[94m|[0m         [1m[33m^^^^^^^^^^^^^^^^^^^^^^^^^^^^^^^^^^^^^^^^^^^^^^^^^^^^^^^^^^^^^^^^^^^^^^[0m
2026-10-08T19:45:41.9437080Z     [1m[94m|[0m
2026-10-08T19:45:41.9438260Z     [1m[94m= [0m[1mhelp[0m: for further information visit https://rust-lang.github.io/rust-clippy/rust-1.99.0/index.html#unnecessary_sort_by
2026-10-08T19:45:41.9439681Z [1m[96mhelp[0m: try
2026-10-08T19:45:41.9440150Z     [1m[94m|[0m
2026-10-08T19:45:41.9441054Z [1m[94m371[0m [91m- [0m        rows.[91msort_by(|a, b| a.name.to_lowercase().cmp(&b.name.to_lowercase()))[0m;
2026-10-08T19:45:41.9442222Z [1m[94m371[0m [92m+ [0m        rows.[92msort_by_key(|a| a.name.to_lowercase())[0m;
2026-10-08T19:45:41.9442974Z     [1m[94m|[0m
2026-10-08T19:45:41.9443214Z 
2026-10-08T19:45:41.9474046Z [1m[33mwarning[0m[1m: this `let...else` may be rewritten with the `?` operator[0m
2026-10-08T19:45:41.9475136Z    [1m[94m--> [0muma-sim-core/src/config.rs:464:9
2026-10-08T19:45:41.9475777Z     [1m[94m|[0m
2026-10-08T19:45:41.9476733Z [1m[94m464[0m [1m[94m|[0m [1m[33m/[0m         let Some(id) = Self::epithet_for_win(race_id) else {
2026-10-08T19:45:41.9477733Z [1m[94m465[0m [1m[94m|[0m [1m[33m|[0m             return None;
2026-10-08T19:45:41.9478798Z [1m[94m466[0m [1m[94m|[0m [1m[33m|[0m         };
2026-10-08T19:45:41.9480049Z     [1m[94m|[0m [1m[33m|__________^[0m [1m[33mhelp: replace it with: `let id = Self::epithet_for_win(race_id)?;`[0m
2026-10-08T19:45:41.9480979Z     [1m[94m|[0m
2026-10-08T19:45:41.9482169Z     [1m[94m= [0m[1mhelp[0m: for further information visit https://rust-lang.github.io/rust-clippy/rust-1.99.0/index.html#question_mark
2026-10-08T19:45:41.9483644Z     [1m[94m= [0m[1mnote[0m: `#[warn(clippy::question_mark)]` on by default
2026-10-08T19:45:41.9484152Z 
2026-10-08T19:45:41.9676247Z [1m[33mwarning[0m[1m: redundant closure[0m
2026-10-08T19:45:41.9677017Z    [1m[94m--> [0muma-sim-core/src/deck.rs:285:18
2026-10-08T19:45:41.9677626Z     [1m[94m|[0m
2026-10-08T19:45:41.9678661Z [1m[94m285[0m [1m[94m|[0m             .map(|s| Self::to_resolved_card(s))
2026-10-08T19:45:41.9680257Z     [1m[94m|[0m                  [1m[33m^^^^^^^^^^^^^^^^^^^^^^^^^^^^^[0m [1m[33mhelp: replace the closure with the associated function itself: `Self::to_resolved_card`[0m
2026-10-08T19:45:41.9681335Z     [1m[94m|[0m
2026-10-08T19:45:41.9682790Z     [1m[94m= [0m[1mhelp[0m: for further information visit https://rust-lang.github.io/rust-clippy/rust-1.99.0/index.html#redundant_closure
2026-10-08T19:45:41.9684291Z     [1m[94m= [0m[1mnote[0m: `#[warn(clippy::redundant_closure)]` on by default
2026-10-08T19:45:41.9684814Z 
2026-10-08T19:45:41.9730227Z [1m[33mwarning[0m[1m: redundant closure[0m
2026-10-08T19:45:41.9730999Z    [1m[94m--> [0muma-sim-core/src/engine.rs:521:58
2026-10-08T19:45:41.9731623Z     [1m[94m|[0m
2026-10-08T19:45:41.9732663Z [1m[94m521[0m [1m[94m|[0m         self.play_to_completion_with_policy(max_actions, |choices| default_auto_policy(choices));
2026-10-08T19:45:41.9734520Z     [1m[94m|[0m                                                          [1m[33m^^^^^^^^^^^^^^^^^^^^^^^^^^^^^^^^^^^^^^[0m [1m[33mhelp: replace the closure with the function itself: `default_auto_policy`[0m
2026-10-08T19:45:41.9735710Z     [1m[94m|[0m
2026-10-08T19:45:41.9737188Z     [1m[94m= [0m[1mhelp[0m: for further information visit https://rust-lang.github.io/rust-clippy/rust-1.99.0/index.html#redundant_closure
2026-10-08T19:45:41.9738142Z 
2026-10-08T19:45:41.9806465Z [1m[33mwarning[0m[1m: this `if` has identical blocks[0m
2026-10-08T19:45:41.9807313Z    [1m[94m--> [0muma-sim-core/src/engine.rs:916:9
2026-10-08T19:45:41.9807927Z     [1m[94m|[0m
2026-10-08T19:45:41.9808721Z [1m[94m916[0m [1m[94m|[0m [1m[33m/[0m         {
2026-10-08T19:45:41.9809493Z [1m[94m917[0m [1m[94m|[0m [1m[33m|[0m             0
2026-10-08T19:45:41.9810505Z [1m[94m918[0m [1m[94m|[0m [1m[33m|[0m         } else if (scenario == "trackblazer" || scenario == "tb")
2026-10-08T19:45:41.9811412Z     [1m[94m|[0m [1m[33m|_________^[0m
2026-10-08T19:45:41.9811970Z     [1m[94m|[0m
2026-10-08T19:45:41.9812430Z [1m[92mnote[0m: same as this
2026-10-08T19:45:41.9813117Z    [1m[94m--> [0muma-sim-core/src/engine.rs:920:9
2026-10-08T19:45:41.9813731Z     [1m[94m|[0m
2026-10-08T19:45:41.9814280Z [1m[94m920[0m [1m[94m|[0m [1m[92m/[0m         {
2026-10-08T19:45:41.9815009Z [1m[94m921[0m [1m[94m|[0m [1m[92m|[0m             0
2026-10-08T19:45:41.9815783Z [1m[94m922[0m [1m[94m|[0m [1m[92m|[0m         } else {
2026-10-08T19:45:41.9816455Z     [1m[94m|[0m [1m[92m|_________^[0m
2026-10-08T19:45:41.9817745Z     [1m[94m= [0m[1mhelp[0m: for further information visit https://rust-lang.github.io/rust-clippy/rust-1.99.0/index.html#if_same_then_else
2026-10-08T19:45:41.9819532Z     [1m[94m= [0m[1mnote[0m: `#[warn(clippy::if_same_then_else)]` on by default
2026-10-08T19:45:41.9820065Z 
2026-10-08T19:45:41.9942825Z [1m[33mwarning[0m[1m: literal with an empty format string[0m
2026-10-08T19:45:41.9943789Z    [1m[94m--> [0muma-sim-core/src/policy_external.rs:161:44
2026-10-08T19:45:41.9944462Z     [1m[94m|[0m
2026-10-08T19:45:41.9945244Z [1m[94m161[0m [1m[94m|[0m         let _ = writeln!(self.stdin, "{}", r#"{"cmd":"quit"}"#);
2026-10-08T19:45:41.9946253Z     [1m[94m|[0m                                            [1m[33m^^^^^^^^^^^^^^^^^^^[0m
2026-10-08T19:45:41.9946960Z     [1m[94m|[0m
2026-10-08T19:45:41.9948099Z     [1m[94m= [0m[1mhelp[0m: for further information visit https://rust-lang.github.io/rust-clippy/rust-1.99.0/index.html#write_literal
2026-10-08T19:45:41.9949888Z     [1m[94m= [0m[1mnote[0m: `#[warn(clippy::write_literal)]` on by default
2026-10-08T19:45:41.9950671Z [1m[96mhelp[0m: try
2026-10-08T19:45:41.9951144Z     [1m[94m|[0m
2026-10-08T19:45:41.9951961Z [1m[94m161[0m [91m- [0m        let _ = writeln!(self.stdin, "{}"[91m, r#"{"cmd":"quit"}"#[0m);
2026-10-08T19:45:41.9953144Z [1m[94m161[0m [92m+ [0m        let _ = writeln!(self.stdin, "{[92m{\"cmd\":\"quit\"}[0m}");
2026-10-08T19:45:41.9953940Z     [1m[94m|[0m
2026-10-08T19:45:41.9954180Z 
2026-10-08T19:45:42.0009859Z [1m[33mwarning[0m[1m: this OR pattern can be rewritten using a range[0m
2026-10-08T19:45:42.0010797Z    [1m[94m--> [0muma-sim-core/src/race.rs:524:9
2026-10-08T19:45:42.0011452Z     [1m[94m|[0m
2026-10-08T19:45:42.0012047Z [1m[94m524[0m [1m[94m|[0m         11 | 12 | 13 => "th",
2026-10-08T19:45:42.0013238Z     [1m[94m|[0m         [1m[33m^^^^^^^^^^^^[0m [1m[33mhelp: try: `11..=13`[0m
2026-10-08T19:45:42.0013995Z     [1m[94m|[0m
2026-10-08T19:45:42.0015223Z     [1m[94m= [0m[1mhelp[0m: for further information visit https://rust-lang.github.io/rust-clippy/rust-1.99.0/index.html#manual_range_patterns
2026-10-08T19:45:42.0016789Z     [1m[94m= [0m[1mnote[0m: `#[warn(clippy::manual_range_patterns)]` on by default
2026-10-08T19:45:42.0017342Z 
2026-10-08T19:45:42.0028921Z [1m[33mwarning[0m[1m: manual implementation of `isolate_lowest_one`[0m
2026-10-08T19:45:42.0030065Z   [1m[94m--> [0muma-sim-core/src/rng.rs:62:16
2026-10-08T19:45:42.0030697Z    [1m[94m|[0m
2026-10-08T19:45:42.0031321Z [1m[94m62[0m [1m[94m|[0m             if n & -n == n {
2026-10-08T19:45:42.0032501Z    [1m[94m|[0m                [1m[33m^^^^^^[0m [1m[33mhelp: consider using `.isolate_lowest_one()`: `n.isolate_lowest_one()`[0m
2026-10-08T19:45:42.0033770Z    [1m[94m|[0m
2026-10-08T19:45:42.0035027Z    [1m[94m= [0m[1mhelp[0m: for further information visit https://rust-lang.github.io/rust-clippy/rust-1.99.0/index.html#manual_isolate_lowest_one
2026-10-08T19:45:42.0036694Z    [1m[94m= [0m[1mnote[0m: `#[warn(clippy::manual_isolate_lowest_one)]` on by default
2026-10-08T19:45:42.0037290Z 
2026-10-08T19:45:42.0071293Z [1m[33mwarning[0m[1m: this function has too many arguments (9/7)[0m
2026-10-08T19:45:42.0072278Z    [1m[94m--> [0muma-sim-core/src/scenario/grand_live.rs:193:5
2026-10-08T19:45:42.0072984Z     [1m[94m|[0m
2026-10-08T19:45:42.0086691Z [1m[94m193[0m [1m[94m|[0m [1m[33m/[0m     pub fn load_community_calibration(
2026-10-08T19:45:42.0087842Z [1m[94m194[0m [1m[94m|[0m [1m[33m|[0m         gate_before_1st: Option<Vec<i32>>,
2026-10-08T19:45:42.0089172Z [1m[94m195[0m [1m[94m|[0m [1m[33m|[0m         gate_before_2nd_4th: Option<Vec<i32>>,
2026-10-08T19:45:42.0090250Z [1m[94m196[0m [1m[94m|[0m [1m[33m|[0m         gate_before_grand: Option<Vec<i32>>,
2026-10-08T19:45:42.0091088Z [1m[94m...[0m   [1m[33m|[0m
2026-10-08T19:45:42.0091842Z [1m[94m202[0m [1m[94m|[0m [1m[33m|[0m         cycle_max: Option<i32>,
2026-10-08T19:45:42.0092682Z [1m[94m203[0m [1m[94m|[0m [1m[33m|[0m     ) {
2026-10-08T19:45:42.0093295Z     [1m[94m|[0m [1m[33m|_____^[0m
2026-10-08T19:45:42.0093798Z     [1m[94m|[0m
2026-10-08T19:45:42.0094990Z     [1m[94m= [0m[1mhelp[0m: for further information visit https://rust-lang.github.io/rust-clippy/rust-1.99.0/index.html#too_many_arguments
2026-10-08T19:45:42.0096543Z     [1m[94m= [0m[1mnote[0m: `#[warn(clippy::too_many_arguments)]` on by default
2026-10-08T19:45:42.0097090Z 
2026-10-08T19:45:42.0207040Z [1m[33mwarning[0m[1m: used consecutive `str::replace` call[0m
2026-10-08T19:45:42.0208110Z   [1m[94m--> [0muma-sim-core/src/scenario/grand_live_deck_support.rs:11:14
2026-10-08T19:45:42.0209140Z    [1m[94m|[0m
2026-10-08T19:45:42.0209750Z [1m[94m11[0m [1m[94m|[0m               .replace('_', " ")
2026-10-08T19:45:42.0210464Z    [1m[94m|[0m [1m[33m ______________^[0m
2026-10-08T19:45:42.0211258Z [1m[94m12[0m [1m[94m|[0m [1m[33m|[0m             .replace('-', " ");
2026-10-08T19:45:42.0212404Z    [1m[94m|[0m [1m[33m|______________________________^[0m [1m[33mhelp: replace with: `replace(['_', '-'], " ")`[0m
2026-10-08T19:45:42.0213324Z    [1m[94m|[0m
2026-10-08T19:45:42.0214542Z    [1m[94m= [0m[1mhelp[0m: for further information visit https://rust-lang.github.io/rust-clippy/rust-1.99.0/index.html#collapsible_str_replace
2026-10-08T19:45:42.0216152Z    [1m[94m= [0m[1mnote[0m: `#[warn(clippy::collapsible_str_replace)]` on by default
2026-10-08T19:45:42.0216725Z 
2026-10-08T19:45:42.0329430Z [1m[33mwarning[0m[1m: unnecessary use of `to_string`[0m
2026-10-08T19:45:42.0330341Z    [1m[94m--> [0muma-sim-core/src/scenario/ura.rs:266:59
2026-10-08T19:45:42.0331018Z     [1m[94m|[0m
2026-10-08T19:45:42.0332234Z [1m[94m266[0m [1m[94m|[0m             .map(|f| format!("Contest of {}!", capitalize(&f.key().to_string())))
2026-10-08T19:45:42.0333600Z     [1m[94m|[0m                                                           [1m[33m^^^^^^^^^^^^^^^^^^^^[0m [1m[33mhelp: use: `f.key()`[0m
2026-10-08T19:45:42.0334451Z     [1m[94m|[0m
2026-10-08T19:45:42.0335657Z     [1m[94m= [0m[1mhelp[0m: for further information visit https://rust-lang.github.io/rust-clippy/rust-1.99.0/index.html#unnecessary_to_owned
2026-10-08T19:45:42.0337250Z     [1m[94m= [0m[1mnote[0m: `#[warn(clippy::unnecessary_to_owned)]` on by default
2026-10-08T19:45:42.0337806Z 
2026-10-08T19:45:42.0339218Z [1m[33mwarning[0m[1m: unnecessary use of `to_string`[0m
2026-10-08T19:45:42.0340191Z    [1m[94m--> [0muma-sim-core/src/scenario/ura.rs:278:50
2026-10-08T19:45:42.0341095Z     [1m[94m|[0m
2026-10-08T19:45:42.0341906Z [1m[94m278[0m [1m[94m|[0m                 format!("{} +{gain}", capitalize(&f.key().to_string()))
2026-10-08T19:45:42.0343100Z     [1m[94m|[0m                                                  [1m[33m^^^^^^^^^^^^^^^^^^^^[0m [1m[33mhelp: use: `f.key()`[0m
2026-10-08T19:45:42.0343903Z     [1m[94m|[0m
2026-10-08T19:45:42.0345085Z     [1m[94m= [0m[1mhelp[0m: for further information visit https://rust-lang.github.io/rust-clippy/rust-1.99.0/index.html#unnecessary_to_owned
2026-10-08T19:45:42.0345980Z 
2026-10-08T19:45:42.0394531Z [1m[33mwarning[0m[1m: unneeded `return` statement[0m
2026-10-08T19:45:42.0395397Z    [1m[94m--> [0muma-sim-core/src/scenario/mod.rs:589:13
2026-10-08T19:45:42.0396068Z     [1m[94m|[0m
2026-10-08T19:45:42.0396685Z [1m[94m589[0m [1m[94m|[0m             return (next, lines);
2026-10-08T19:45:42.0397491Z     [1m[94m|[0m             [1m[33m^^^^^^^^^^^^^^^^^^^^[0m
2026-10-08T19:45:42.0398109Z     [1m[94m|[0m
2026-10-08T19:45:42.0399789Z     [1m[94m= [0m[1mhelp[0m: for further information visit https://rust-lang.github.io/rust-clippy/rust-1.99.0/index.html#needless_return
2026-10-08T19:45:42.0401300Z     [1m[94m= [0m[1mnote[0m: `#[warn(clippy::needless_return)]` on by default
2026-10-08T19:45:42.0402086Z [1m[96mhelp[0m: remove `return`
2026-10-08T19:45:42.0402650Z     [1m[94m|[0m
2026-10-08T19:45:42.0403318Z [1m[94m589[0m [91m- [0m            [91mreturn (next, lines);[0m
2026-10-08T19:45:42.0404184Z [1m[94m589[0m [92m+ [0m            [92m(next, lines)[0m
2026-10-08T19:45:42.0404840Z     [1m[94m|[0m
2026-10-08T19:45:42.0405087Z 
2026-10-08T19:45:42.1023050Z [1m[33mwarning[0m[1m: this function has too many arguments (8/7)[0m
2026-10-08T19:45:42.1025367Z    [1m[94m--> [0muma-sim-core/src/scoring/rank_estimate.rs:280:1
2026-10-08T19:45:42.1026258Z     [1m[94m|[0m
2026-10-08T19:45:42.1027078Z [1m[94m280[0m [1m[94m|[0m [1m[33m/[0m pub fn estimate_rank(
2026-10-08T19:45:42.1028212Z [1m[94m281[0m [1m[94m|[0m [1m[33m|[0m     speed: i32,
2026-10-08T19:45:42.1029562Z [1m[94m282[0m [1m[94m|[0m [1m[33m|[0m     stamina: i32,
2026-10-08T19:45:42.1030675Z [1m[94m283[0m [1m[94m|[0m [1m[33m|[0m     power: i32,
2026-10-08T19:45:42.1031688Z [1m[94m...[0m   [1m[33m|[0m
2026-10-08T19:45:42.1032585Z [1m[94m288[0m [1m[94m|[0m [1m[33m|[0m     unique_level: i32,
2026-10-08T19:45:42.1033570Z [1m[94m289[0m [1m[94m|[0m [1m[33m|[0m ) -> RankResult {
2026-10-08T19:45:42.1034529Z     [1m[94m|[0m [1m[33m|_______________^[0m
2026-10-08T19:45:42.1035364Z     [1m[94m|[0m
2026-10-08T19:45:42.1036812Z     [1m[94m= [0m[1mhelp[0m: for further information visit https://rust-lang.github.io/rust-clippy/rust-1.99.0/index.html#too_many_arguments
2026-10-08T19:45:42.1038043Z 
2026-10-08T19:45:42.1039053Z [1m[33mwarning[0m[1m: module has the same name as its containing module[0m
2026-10-08T19:45:42.1040241Z   [1m[94m--> [0muma-sim-core/src/scoring/mod.rs:10:1
2026-10-08T19:45:42.1041172Z    [1m[94m|[0m
2026-10-08T19:45:42.1041777Z [1m[94m10[0m [1m[94m|[0m pub mod scoring;
2026-10-08T19:45:42.1042510Z    [1m[94m|[0m [1m[33m^^^^^^^^^^^^^^^^[0m
2026-10-08T19:45:42.1042978Z    [1m[94m|[0m
2026-10-08T19:45:42.1043758Z    [1m[94m= [0m[1mhelp[0m: for further information visit https://rust-lang.github.io/rust-clippy/rust-1.99.0/index.html#module_inception
2026-10-08T19:45:42.1044798Z    [1m[94m= [0m[1mnote[0m: `#[warn(clippy::module_inception)]` on by default
2026-10-08T19:45:42.1045210Z 
2026-10-08T19:45:42.1100160Z [1m[33mwarning[0m[1m: using `contains()` instead of `iter().any()` is more efficient[0m
2026-10-08T19:45:42.1101858Z    [1m[94m--> [0muma-sim-core/src/scoring/scoring.rs:249:8
2026-10-08T19:45:42.1102871Z     [1m[94m|[0m
2026-10-08T19:45:42.1103973Z [1m[94m249[0m [1m[94m|[0m     if config.blacklist.iter().any(|b| *b == Some(training.name)) {
2026-10-08T19:45:42.1105751Z     [1m[94m|[0m        [1m[33m^^^^^^^^^^^^^^^^^^^^^^^^^^^^^^^^^^^^^^^^^^^^^^^^^^^^^^^^^^[0m [1m[33mhelp: try: `config.blacklist.contains(&Some(training.name))`[0m
2026-10-08T19:45:42.1107410Z     [1m[94m|[0m
2026-10-08T19:45:42.1109119Z     [1m[94m= [0m[1mhelp[0m: for further information visit https://rust-lang.github.io/rust-clippy/rust-1.99.0/index.html#manual_contains
2026-10-08T19:45:42.1110982Z     [1m[94m= [0m[1mnote[0m: `#[warn(clippy::manual_contains)]` on by default
2026-10-08T19:45:42.1111699Z 
2026-10-08T19:45:42.1138936Z [1m[33mwarning[0m[1m: this `if` has identical blocks[0m
2026-10-08T19:45:42.1140465Z    [1m[94m--> [0muma-sim-core/src/scoring/skill_scoring.rs:186:34
2026-10-08T19:45:42.1141595Z     [1m[94m|[0m
2026-10-08T19:45:42.1142654Z [1m[94m186[0m [1m[94m|[0m       if apt >= AptitudeOrdinal::S {
2026-10-08T19:45:42.1143783Z     [1m[94m|[0m [1m[33m __________________________________^[0m
2026-10-08T19:45:42.1144851Z [1m[94m187[0m [1m[94m|[0m [1m[33m|[0m         1.1
2026-10-08T19:45:42.1146000Z [1m[94m188[0m [1m[94m|[0m [1m[33m|[0m     } else if apt >= AptitudeOrdinal::A {
2026-10-08T19:45:42.1147095Z     [1m[94m|[0m [1m[33m|_____^[0m
2026-10-08T19:45:42.1147864Z     [1m[94m|[0m
2026-10-08T19:45:42.1148813Z [1m[92mnote[0m: same as this
2026-10-08T19:45:42.1149835Z    [1m[94m--> [0muma-sim-core/src/scoring/skill_scoring.rs:188:41
2026-10-08T19:45:42.1150870Z     [1m[94m|[0m
2026-10-08T19:45:42.1151905Z [1m[94m188[0m [1m[94m|[0m       } else if apt >= AptitudeOrdinal::A {
2026-10-08T19:45:42.1153101Z     [1m[94m|[0m [1m[92m _________________________________________^[0m
2026-10-08T19:45:42.1154190Z [1m[94m189[0m [1m[94m|[0m [1m[92m|[0m         1.1
2026-10-08T19:45:42.1155445Z [1m[94m190[0m [1m[94m|[0m [1m[92m|[0m     } else if apt >= AptitudeOrdinal::B {
2026-10-08T19:45:42.1156461Z     [1m[94m|[0m [1m[92m|_____^[0m
2026-10-08T19:45:42.1158042Z     [1m[94m= [0m[1mhelp[0m: for further information visit https://rust-lang.github.io/rust-clippy/rust-1.99.0/index.html#if_same_then_else
2026-10-08T19:45:42.1159675Z 
2026-10-08T19:45:42.1200927Z [1m[33mwarning[0m[1m: this function has too many arguments (10/7)[0m
2026-10-08T19:45:42.1202604Z    [1m[94m--> [0muma-sim-core/src/scoring/terminal_utility.rs:116:1
2026-10-08T19:45:42.1203748Z     [1m[94m|[0m
2026-10-08T19:45:42.1204733Z [1m[94m116[0m [1m[94m|[0m [1m[33m/[0m pub fn evaluate_career_terminal(
2026-10-08T19:45:42.1205874Z [1m[94m117[0m [1m[94m|[0m [1m[33m|[0m     seed: i64,
2026-10-08T19:45:42.1206996Z [1m[94m118[0m [1m[94m|[0m [1m[33m|[0m     scenario: &str,
2026-10-08T19:45:42.1208093Z [1m[94m119[0m [1m[94m|[0m [1m[33m|[0m     trainee: &str,
2026-10-08T19:45:42.1209426Z [1m[94m...[0m   [1m[33m|[0m
2026-10-08T19:45:42.1210550Z [1m[94m126[0m [1m[94m|[0m [1m[33m|[0m     appearance_probs: &[f64],
2026-10-08T19:45:42.1211838Z [1m[94m127[0m [1m[94m|[0m [1m[33m|[0m ) -> CareerTerminalRecord {
2026-10-08T19:45:42.1212961Z     [1m[94m|[0m [1m[33m|_________________________^[0m
2026-10-08T19:45:42.1213830Z     [1m[94m|[0m
2026-10-08T19:45:42.1215582Z     [1m[94m= [0m[1mhelp[0m: for further information visit https://rust-lang.github.io/rust-clippy/rust-1.99.0/index.html#too_many_arguments
2026-10-08T19:45:42.1216798Z 
2026-10-08T19:45:42.1487950Z [1m[33mwarning[0m[1m: this function has too many arguments (14/7)[0m
2026-10-08T19:45:42.1489846Z    [1m[94m--> [0muma-sim-core/src/state.rs:524:5
2026-10-08T19:45:42.1490867Z     [1m[94m|[0m
2026-10-08T19:45:42.1491755Z [1m[94m524[0m [1m[94m|[0m [1m[33m/[0m     pub fn copy_with(
2026-10-08T19:45:42.1492840Z [1m[94m525[0m [1m[94m|[0m [1m[33m|[0m         &self,
2026-10-08T19:45:42.1494032Z [1m[94m526[0m [1m[94m|[0m [1m[33m|[0m         scenario_resources: ScenarioResources,
2026-10-08T19:45:42.1495301Z [1m[94m527[0m [1m[94m|[0m [1m[33m|[0m         stats: Option<TraineeStats>,
2026-10-08T19:45:42.1496789Z [1m[94m...[0m   [1m[33m|[0m
2026-10-08T19:45:42.1497785Z [1m[94m538[0m [1m[94m|[0m [1m[33m|[0m         log: Option<Vec<String>>,
2026-10-08T19:45:42.1499204Z [1m[94m539[0m [1m[94m|[0m [1m[33m|[0m     ) -> Self {
2026-10-08T19:45:42.1500152Z     [1m[94m|[0m [1m[33m|_____________^[0m
2026-10-08T19:45:42.1501004Z     [1m[94m|[0m
2026-10-08T19:45:42.1502401Z     [1m[94m= [0m[1mhelp[0m: for further information visit https://rust-lang.github.io/rust-clippy/rust-1.99.0/index.html#too_many_arguments
2026-10-08T19:45:42.1503635Z 
2026-10-08T19:45:42.1660148Z [1m[33mwarning[0m[1m: using `Option.and_then(|x| Some(y))`, which is more succinctly expressed as `map(|x| y)`[0m
2026-10-08T19:45:42.1661723Z    [1m[94m--> [0muma-sim-core/src/telemetry.rs:192:13
2026-10-08T19:45:42.1662726Z     [1m[94m|[0m
2026-10-08T19:45:42.1663718Z [1m[94m192[0m [1m[94m|[0m [1m[33m/[0m             stat_key.as_ref().and_then(|k| {
2026-10-08T19:45:42.1665124Z [1m[94m193[0m [1m[94m|[0m [1m[33m|[0m                 let before = pre.stats.get(facility_from_stat(k));
2026-10-08T19:45:42.1666725Z [1m[94m194[0m [1m[94m|[0m [1m[33m|[0m                 let after = post.stats.get(facility_from_stat(k));
2026-10-08T19:45:42.1668115Z [1m[94m195[0m [1m[94m|[0m [1m[33m|[0m                 Some((after - before).max(0))
2026-10-08T19:45:42.1669582Z [1m[94m196[0m [1m[94m|[0m [1m[33m|[0m             })
2026-10-08T19:45:42.1670556Z     [1m[94m|[0m [1m[33m|______________^[0m
2026-10-08T19:45:42.1671426Z     [1m[94m|[0m
2026-10-08T19:45:42.1672958Z     [1m[94m= [0m[1mhelp[0m: for further information visit https://rust-lang.github.io/rust-clippy/rust-1.99.0/index.html#bind_instead_of_map
2026-10-08T19:45:42.1674886Z     [1m[94m= [0m[1mnote[0m: `#[warn(clippy::bind_instead_of_map)]` on by default
2026-10-08T19:45:42.1675886Z [1m[96mhelp[0m: use `map` instead
2026-10-08T19:45:42.1676604Z     [1m[94m|[0m
2026-10-08T19:45:42.1677498Z [1m[94m192[0m [92m~ [0m            stat_key.as_ref().[92mmap[0m(|k| {
2026-10-08T19:45:42.1679015Z [1m[94m193[0m [1m[94m|[0m                 let before = pre.stats.get(facility_from_stat(k));
2026-10-08T19:45:42.1680380Z [1m[94m194[0m [1m[94m|[0m                 let after = post.stats.get(facility_from_stat(k));
2026-10-08T19:45:42.1681608Z [1m[94m195[0m [92m~ [0m                [92m(after - before).max(0)[0m
2026-10-08T19:45:42.1682524Z     [1m[94m|[0m
2026-10-08T19:45:42.1682990Z 
2026-10-08T19:45:42.1708766Z [1m[33mwarning[0m[1m: redundant closure[0m
2026-10-08T19:45:42.1709766Z    [1m[94m--> [0muma-sim-core/src/telemetry.rs:422:25
2026-10-08T19:45:42.1710730Z     [1m[94m|[0m
2026-10-08T19:45:42.1711858Z [1m[94m422[0m [1m[94m|[0m             .filter_map(|l| Self::parse_line(l))
2026-10-08T19:45:42.1713756Z     [1m[94m|[0m                         [1m[33m^^^^^^^^^^^^^^^^^^^^^^^[0m [1m[33mhelp: replace the closure with the associated function itself: `Self::parse_line`[0m
2026-10-08T19:45:42.1715271Z     [1m[94m|[0m
2026-10-08T19:45:42.1717092Z     [1m[94m= [0m[1mhelp[0m: for further information visit https://rust-lang.github.io/rust-clippy/rust-1.99.0/index.html#redundant_closure
2026-10-08T19:45:42.1718299Z 
2026-10-08T19:45:42.1742851Z [1m[33mwarning[0m[1m: the borrowed expression implements the required traits[0m
2026-10-08T19:45:42.1744315Z    [1m[94m--> [0muma-sim-core/src/training.rs:187:41
2026-10-08T19:45:42.1745346Z     [1m[94m|[0m
2026-10-08T19:45:42.1746352Z [1m[94m187[0m [1m[94m|[0m                     .and_then(|v| v.get(&level.to_string()))
2026-10-08T19:45:42.1747930Z     [1m[94m|[0m                                         [1m[33m^^^^^^^^^^^^^^^^^^[0m [1m[33mhelp: change this to: `level.to_string()`[0m
2026-10-08T19:45:42.1749388Z     [1m[94m|[0m
2026-10-08T19:45:42.1750993Z     [1m[94m= [0m[1mhelp[0m: for further information visit https://rust-lang.github.io/rust-clippy/rust-1.99.0/index.html#needless_borrows_for_generic_args
2026-10-08T19:45:42.1753553Z     [1m[94m= [0m[1mnote[0m: `#[warn(clippy::needless_borrows_for_generic_args)]` on by default
2026-10-08T19:45:42.1754487Z 
2026-10-08T19:45:42.1755298Z [1m[33mwarning[0m[1m: the borrowed expression implements the required traits[0m
2026-10-08T19:45:42.1756539Z    [1m[94m--> [0muma-sim-core/src/training.rs:199:37
2026-10-08T19:45:42.1757439Z     [1m[94m|[0m
2026-10-08T19:45:42.1758675Z [1m[94m199[0m [1m[94m|[0m                 .and_then(|v| v.get(&level.to_string()))
2026-10-08T19:45:42.1760198Z     [1m[94m|[0m                                     [1m[33m^^^^^^^^^^^^^^^^^^[0m [1m[33mhelp: change this to: `level.to_string()`[0m
2026-10-08T19:45:42.1761378Z     [1m[94m|[0m
2026-10-08T19:45:42.1762886Z     [1m[94m= [0m[1mhelp[0m: for further information visit https://rust-lang.github.io/rust-clippy/rust-1.99.0/index.html#needless_borrows_for_generic_args
2026-10-08T19:45:42.1764180Z 
2026-10-08T19:45:42.1764977Z [1m[33mwarning[0m[1m: the borrowed expression implements the required traits[0m
2026-10-08T19:45:42.1766230Z    [1m[94m--> [0muma-sim-core/src/training.rs:229:37
2026-10-08T19:45:42.1767159Z     [1m[94m|[0m
2026-10-08T19:45:42.1768113Z [1m[94m229[0m [1m[94m|[0m                 .and_then(|v| v.get(&level.to_string()))
2026-10-08T19:45:42.1769881Z     [1m[94m|[0m                                     [1m[33m^^^^^^^^^^^^^^^^^^[0m [1m[33mhelp: change this to: `level.to_string()`[0m
2026-10-08T19:45:42.1771044Z     [1m[94m|[0m
2026-10-08T19:45:42.1772548Z     [1m[94m= [0m[1mhelp[0m: for further information visit https://rust-lang.github.io/rust-clippy/rust-1.99.0/index.html#needless_borrows_for_generic_args
2026-10-08T19:45:42.1773833Z 
2026-10-08T19:45:42.1774622Z [1m[33mwarning[0m[1m: the borrowed expression implements the required traits[0m
2026-10-08T19:45:42.1775803Z    [1m[94m--> [0muma-sim-core/src/training.rs:236:37
2026-10-08T19:45:42.1776661Z     [1m[94m|[0m
2026-10-08T19:45:42.1777625Z [1m[94m236[0m [1m[94m|[0m                 .and_then(|v| v.get(&level.to_string()))
2026-10-08T19:45:42.1779367Z     [1m[94m|[0m                                     [1m[33m^^^^^^^^^^^^^^^^^^[0m [1m[33mhelp: change this to: `level.to_string()`[0m
2026-10-08T19:45:42.1780505Z     [1m[94m|[0m
2026-10-08T19:45:42.1782107Z     [1m[94m= [0m[1mhelp[0m: for further information visit https://rust-lang.github.io/rust-clippy/rust-1.99.0/index.html#needless_borrows_for_generic_args
2026-10-08T19:45:42.1783411Z 
2026-10-08T19:45:42.2702839Z [1m[33mwarning[0m: `uma-sim-core` (lib test) generated 32 warnings (24 duplicates) (run `cargo clippy --fix --lib -p uma-sim-core --tests -- ` to apply 3 suggestions)
2026-10-08T19:45:42.2890329Z [1m[33mwarning[0m: `uma-sim-core` (lib) generated 32 warnings (8 duplicates) (run `cargo clippy --fix --lib -p uma-sim-core -- ` to apply 20 suggestions)
2026-10-08T19:45:42.4910789Z [1m[33mwarning[0m[1m: unused import: `uma_sim_core::scenario::TrackblazerMechanics`[0m
2026-10-08T19:45:42.4939928Z  [1m[94m--> [0muma-sim-core/examples/tb_shop_dump.rs:1:5
2026-10-08T19:45:42.4959520Z   [1m[94m|[0m
2026-10-08T19:45:42.4983016Z [1m[94m1[0m [1m[94m|[0m use uma_sim_core::scenario::TrackblazerMechanics;
2026-10-08T19:45:42.4999533Z   [1m[94m|[0m     [1m[33m^^^^^^^^^^^^^^^^^^^^^^^^^^^^^^^^^^^^^^^^^^^^[0m
2026-10-08T19:45:42.5000492Z   [1m[94m|[0m
2026-10-08T19:45:42.5030236Z   [1m[94m= [0m[1mnote[0m: `#[warn(unused_imports)]` (part of `#[warn(unused)]`) on by default
2026-10-08T19:45:42.5052957Z 
2026-10-08T19:45:42.5162331Z [1m[33mwarning[0m: `uma-sim-core` (example "tb_shop_dump") generated 1 warning (run `cargo clippy --fix --example "tb_shop_dump" -p uma-sim-core -- ` to apply 1 suggestion)
2026-10-08T19:45:42.9719807Z [1m[33mwarning[0m[1m: manual implementation of `.is_multiple_of()`[0m
2026-10-08T19:45:42.9720987Z   [1m[94m--> [0muma-sim-core/tests/career_lab_branch_publication.rs:44:33
2026-10-08T19:45:42.9749322Z    [1m[94m|[0m
2026-10-08T19:45:42.9799792Z [1m[94m44[0m [1m[94m|[0m         "config": {"policy": if marker % 2 == 0 {"default"} else {"bot"}, "maxActions": marker + 1, "overrides": []},
2026-10-08T19:45:42.9819754Z    [1m[94m|[0m                                 [1m[33m^^^^^^^^^^^^^^^[0m [1m[33mhelp: replace with: `marker.is_multiple_of(2)`[0m
2026-10-08T19:45:42.9833875Z    [1m[94m|[0m
2026-10-08T19:45:42.9835477Z    [1m[94m= [0m[1mhelp[0m: for further information visit https://rust-lang.github.io/rust-clippy/rust-1.99.0/index.html#manual_is_multiple_of
2026-10-08T19:45:42.9837424Z    [1m[94m= [0m[1mnote[0m: `#[warn(clippy::manual_is_multiple_of)]` on by default
2026-10-08T19:45:42.9838272Z 
2026-10-08T19:45:42.9901364Z [1m[33mwarning[0m: `uma-sim-core` (test "career_lab_branch_publication") generated 1 warning (run `cargo clippy --fix --test "career_lab_branch_publication" -p uma-sim-core -- ` to apply 1 suggestion)
2026-10-08T19:45:43.0243057Z [1m[33mwarning[0m[1m: manual `RangeInclusive::contains` implementation[0m
2026-10-08T19:45:43.0269632Z    [1m[94m--> [0muma-sim-core/tests/race_v4_dist.rs:291:9
2026-10-08T19:45:43.0282038Z     [1m[94m|[0m
2026-10-08T19:45:43.0283146Z [1m[94m291[0m [1m[94m|[0m         mean_place >= 1.0 && mean_place <= 12.0,
2026-10-08T19:45:43.0284582Z     [1m[94m|[0m         [1m[33m^^^^^^^^^^^^^^^^^^^^^^^^^^^^^^^^^^^^^^^[0m [1m[33mhelp: use: `(1.0..=12.0).contains(&mean_place)`[0m
2026-10-08T19:45:43.0285723Z     [1m[94m|[0m
2026-10-08T19:45:43.0287196Z     [1m[94m= [0m[1mhelp[0m: for further information visit https://rust-lang.github.io/rust-clippy/rust-1.99.0/index.html#manual_range_contains
2026-10-08T19:45:43.0289361Z     [1m[94m= [0m[1mnote[0m: `#[warn(clippy::manual_range_contains)]` on by default
2026-10-08T19:45:43.0290200Z 
2026-10-08T19:45:43.0317871Z [1m[33mwarning[0m: `uma-sim-core` (test "race_v4_dist") generated 1 warning (run `cargo clippy --fix --test "race_v4_dist" -p uma-sim-core -- ` to apply 1 suggestion)
2026-10-08T19:45:43.3940051Z [1m[33mwarning[0m[1m: iterating on a map's keys[0m
2026-10-08T19:45:43.3960053Z    [1m[94m--> [0muma-sim-core/tests/parity.rs:308:32
2026-10-08T19:45:43.3979405Z     [1m[94m|[0m
2026-10-08T19:45:43.4019957Z [1m[94m308[0m [1m[94m|[0m             config.stat_caps = stats.iter().map(|(k, _)| (*k, 1400)).collect();
2026-10-08T19:45:43.4040527Z     [1m[94m|[0m                                [1m[33m^^^^^^^^^^^^^^^^^^^^^^^^^^^^^^^^^^^^^[0m [1m[33mhelp: try: `stats.keys().map(|k| (*k, 1400))`[0m
2026-10-08T19:45:43.4074881Z     [1m[94m|[0m
2026-10-08T19:45:43.4076384Z     [1m[94m= [0m[1mhelp[0m: for further information visit https://rust-lang.github.io/rust-clippy/rust-1.99.0/index.html#iter_kv_map
2026-10-08T19:45:43.4078070Z     [1m[94m= [0m[1mnote[0m: `#[warn(clippy::iter_kv_map)]` on by default
2026-10-08T19:45:43.4079194Z 
2026-10-08T19:45:43.4080414Z [1m[33mwarning[0m: `uma-sim-core` (test "parity") generated 1 warning (run `cargo clippy --fix --test "parity" -p uma-sim-core -- ` to apply 1 suggestion)
2026-10-08T19:45:43.6115791Z [1m[92m    Finished[0m `dev` profile [unoptimized + debuginfo] target(s) in 10.55s
2026-10-08T19:45:43.6322053Z ##[group]Run cargo test --workspace --locked
2026-10-08T19:45:43.6322455Z [36;1mcargo test --workspace --locked[0m
2026-10-08T19:45:43.6385372Z shell: /usr/bin/bash -e {0}
2026-10-08T19:45:43.6385687Z env:
2026-10-08T19:45:43.6385931Z   CARGO_HOME: /home/runner/.cargo
2026-10-08T19:45:43.6386261Z   CARGO_INCREMENTAL: 0
2026-10-08T19:45:43.6386548Z   CARGO_TERM_COLOR: always
2026-10-08T19:45:43.6386832Z   CACHE_ON_FAILURE: false
2026-10-08T19:45:43.6387117Z ##[endgroup]
2026-10-08T19:45:43.7196386Z [1m[92m   Compiling[0m uma-race-core v0.1.0 (/home/runner/work/uma-sim/uma-sim/uma-race-core)
2026-10-08T19:45:43.7199145Z [1m[92m   Compiling[0m uma-sim-core v0.1.0 (/home/runner/work/uma-sim/uma-sim/uma-sim-core)
2026-10-08T19:45:57.3963911Z [1m[33mwarning[0m[1m: unused import: `uma_sim_core::scenario::TrackblazerMechanics`[0m
2026-10-08T19:45:57.3965595Z  [1m[94m--> [0muma-sim-core/examples/tb_shop_dump.rs:1:5
2026-10-08T19:45:57.3966600Z   [1m[94m|[0m
2026-10-08T19:45:57.3967638Z [1m[94m1[0m [1m[94m|[0m use uma_sim_core::scenario::TrackblazerMechanics;
2026-10-08T19:45:57.3969107Z   [1m[94m|[0m     [1m[33m^^^^^^^^^^^^^^^^^^^^^^^^^^^^^^^^^^^^^^^^^^^^[0m
2026-10-08T19:45:57.3969951Z   [1m[94m|[0m
2026-10-08T19:45:57.3970888Z   [1m[94m= [0m[1mnote[0m: `#[warn(unused_imports)]` (part of `#[warn(unused)]`) on by default
2026-10-08T19:45:57.3971689Z 
2026-10-08T19:45:57.7870563Z [1m[33mwarning[0m: `uma-sim-core` (example "tb_shop_dump") generated 1 warning (run `cargo fix --example "tb_shop_dump" -p uma-sim-core` to apply 1 suggestion)
2026-10-08T19:46:01.7801951Z [1m[92m    Finished[0m `test` profile [unoptimized + debuginfo] target(s) in 18.12s
2026-10-08T19:46:01.8901222Z [1m[92m     Running[0m unittests src/lib.rs (target/debug/deps/uma_race_core-25d6642d236d496f)
2026-10-08T19:46:01.8915977Z 
2026-10-08T19:46:01.8916237Z running 52 tests
2026-10-08T19:46:01.8920153Z test compete_fight::tests::guts_bonuses_positive ... ok
2026-10-08T19:46:01.8921500Z test compete_fight::tests::top_half_two_horse ... ok
2026-10-08T19:46:01.8933763Z test condition::parser::tests::parses_basic_and_or ... ok
2026-10-08T19:46:01.8936408Z test condition::parser::tests::or_binds_looser_than_and ... ok
2026-10-08T19:46:01.8963771Z test condition::regions::tests::all_corner_random_intersects_corners_not_always ... ok
2026-10-08T19:46:01.8965629Z test condition::regions::tests::finalcorner_empty_on_straight_course_10301 ... ok
2026-10-08T19:46:01.8967463Z test condition::regions::tests::base_power_gate_uses_mood_adjusted_stats ... ok
2026-10-08T19:46:01.8969021Z test condition::sample::tests::erlang_reconcile_keeps_right_k ... ok
2026-10-08T19:46:01.8970194Z test condition::regions::tests::phase_random_2_on_1600_is_final_third ... ok
2026-10-08T19:46:01.8971779Z test condition::skill::tests::activation_chance_kuromiak_examples ... ok
2026-10-08T19:46:01.8987546Z test condition::regions::tests::season_spring_default_rejects_autumn_winter_greens ... ok
2026-10-08T19:46:01.9532554Z test condition::skill::tests::compiles_200701_phase_random_accel ... ok
2026-10-08T19:46:01.9533737Z test condition::skill::tests::gene_version_910391_is_catalogued ... ok
2026-10-08T19:46:01.9535158Z test condition::skill::tests::evolution_does_not_skip_wisdom_unique_does ... ok
2026-10-08T19:46:01.9536362Z test course::tests::course_10601_round_trips_slope_geometry ... ok
2026-10-08T19:46:01.9537420Z test data::tests::finds_course_data_in_source_checkout ... ok
2026-10-08T19:46:01.9538335Z test data::tests::exe_dir_is_a_candidate ... ok
2026-10-08T19:46:01.9539667Z test data::tests::missing_file_is_none ... ok
2026-10-08T19:46:01.9548746Z test field::tests::entrant_seed_index_zero_is_root ... ok
2026-10-08T19:46:01.9549907Z test field::tests::independent_field_orders_faster_horse_first ... ok
2026-10-08T19:46:01.9628773Z test course::tests::covers_all_89_career_course_ids ... ok
2026-10-08T19:46:01.9629911Z test field::tests::synced_none_matches_independent_finish_order ... ok
2026-10-08T19:46:01.9650782Z test hp::tests::guts_modifier_example ... ok
2026-10-08T19:46:01.9651717Z test hp::tests::hp_per_second_at_base_speed_is_20 ... ok
2026-10-08T19:46:01.9652589Z test hp::tests::max_hp_formula ... ok
2026-10-08T19:46:01.9653460Z test hp::tests::spurt_accept_threshold_matches_doc ... ok
2026-10-08T19:46:01.9655352Z test hp::tests::status_modifiers_from_constants ... ok
2026-10-08T19:46:01.9657865Z test hp::tests::strategy_coefs_match_constants_file ... ok
2026-10-08T19:46:01.9659144Z test lead_comp::tests::guts_782_bonus_and_duration_positive ... ok
2026-10-08T19:46:01.9661047Z test physics::tests::base_speed_at_2000_is_20 ... ok
2026-10-08T19:46:01.9663416Z test physics::tests::phase_fractions_match_constants_file ... ok
2026-10-08T19:46:01.9664420Z test pos_keep::tests::course_factor_at_1000_is_one ... ok
2026-10-08T19:46:01.9666447Z test pos_keep::tests::senkou_min_threshold_ignores_course_factor ... ok
2026-10-08T19:46:01.9674920Z test pos_keep::tests::speed_coefs_match_research_json ... ok
2026-10-08T19:46:01.9676262Z test rng::tests::prando_readme_seed_12345678 ... ok
2026-10-08T19:46:01.9678351Z test rng::tests::seeded_streams_match_oracle_dump ... ok
2026-10-08T19:46:01.9679989Z test field::tests::synced_virtual_can_change_order_vs_none ... ok
2026-10-08T19:46:01.9681133Z test solver::tests::activate_count_heal_gates_until_heal ... ok
2026-10-08T19:46:01.9684570Z test solver::tests::case1_finish_within_one_frame_of_oracle ... ok
2026-10-08T19:46:01.9700163Z test runner::tests::virtual_default_pacer_case1_within_one_frame ... ok
2026-10-08T19:46:01.9701239Z test solver::tests::case3_accel_skill_beats_no_skill ... ok
2026-10-08T19:46:01.9706837Z test solver::tests::case3_skill_finish_within_one_frame_of_oracle ... ok
2026-10-08T19:46:01.9712281Z test solver::tests::order_ge_noop_in_solo_enforced_in_pack ... ok
2026-10-08T19:46:01.9713290Z test solver::tests::order_rate_enforced_only_for_multi_horse_fields ... ok
2026-10-08T19:46:01.9714051Z test solver::tests::post_number_uses_gate_block ... ok
2026-10-08T19:46:01.9714801Z test solver::tests::section_random_band_matches_kuromiak_examples ... ok
2026-10-08T19:46:01.9715588Z test solver::tests::uphill_penalty_uses_power_not_sqrt500 ... ok
2026-10-08T19:46:01.9716341Z test special_conditions::tests::blocked_side_starts_active ... ok
2026-10-08T19:46:01.9717028Z test special_conditions::tests::condition_timer_ticks_once_per_second ... ok
2026-10-08T19:46:01.9717536Z test special_conditions::tests::outer_lane_forces_off_on_tick ... ok
2026-10-08T19:46:01.9752390Z test field::tests::synced_virtual_order_deterministic ... ok
2026-10-08T19:46:02.0078944Z test condition::parser::tests::all_skill_condition_strings_parse ... ok
2026-10-08T19:46:02.0079529Z 
2026-10-08T19:46:02.0079812Z test result: ok. 52 passed; 0 failed; 0 ignored; 0 measured; 0 filtered out; finished in 0.12s
2026-10-08T19:46:02.0080227Z 
2026-10-08T19:46:02.0085188Z [1m[92m     Running[0m tests/checkpoint_r85.rs (target/debug/deps/checkpoint_r85-09b191734e50b08e)
2026-10-08T19:46:02.0097920Z 
2026-10-08T19:46:02.0098157Z running 1 test
2026-10-08T19:46:02.3465533Z test r85_checkpoint_sample_triage ... ok
2026-10-08T19:46:02.3466294Z 
2026-10-08T19:46:02.3467215Z test result: ok. 1 passed; 0 failed; 0 ignored; 0 measured; 0 filtered out; finished in 0.34s
2026-10-08T19:46:02.3468337Z 
2026-10-08T19:46:02.3470884Z [1m[92m     Running[0m tests/checkpoint_v3.rs (target/debug/deps/checkpoint_v3-38c824b672455bba)
2026-10-08T19:46:02.3485432Z 
2026-10-08T19:46:02.3485822Z running 1 test
2026-10-08T19:46:02.4958289Z test r85_v3_expanded_sample_soft_gate ... ok
2026-10-08T19:46:02.4959000Z 
2026-10-08T19:46:02.4959432Z test result: ok. 1 passed; 0 failed; 0 ignored; 0 measured; 0 filtered out; finished in 0.15s
2026-10-08T19:46:02.4960056Z 
2026-10-08T19:46:02.4964868Z [1m[92m     Running[0m tests/checkpoint_v3_1000.rs (target/debug/deps/checkpoint_v3_1000-489d0fa927e2d900)
2026-10-08T19:46:02.4975912Z 
2026-10-08T19:46:02.4976160Z running 1 test
2026-10-08T19:46:03.5331684Z test r85_v3_expanded_1000_soft_gate ... ok
2026-10-08T19:46:03.5332192Z 
2026-10-08T19:46:03.5332487Z test result: ok. 1 passed; 0 failed; 0 ignored; 0 measured; 0 filtered out; finished in 1.04s
2026-10-08T19:46:03.5332856Z 
2026-10-08T19:46:03.5338734Z [1m[92m     Running[0m tests/checkpoint_v3_wide.rs (target/debug/deps/checkpoint_v3_wide-bdefae85e3f1f0c2)
2026-10-08T19:46:03.5351062Z 
2026-10-08T19:46:03.5351391Z running 1 test
2026-10-08T19:46:03.8126390Z test r85_v3_wide_240_soft_gate ... ok
2026-10-08T19:46:03.8126782Z 
2026-10-08T19:46:03.8127058Z test result: ok. 1 passed; 0 failed; 0 ignored; 0 measured; 0 filtered out; finished in 0.28s
2026-10-08T19:46:03.8127451Z 
2026-10-08T19:46:03.8132592Z [1m[92m     Running[0m tests/condition_keywords.rs (target/debug/deps/condition_keywords-a42569097673071a)
2026-10-08T19:46:03.8143559Z 
2026-10-08T19:46:03.8144159Z running 3 tests
2026-10-08T19:46:03.8181264Z test corner_3_uses_oval_corner_indices ... ok
2026-10-08T19:46:03.8182177Z test distance_rate_after_random_50_has_regions ... ok
2026-10-08T19:46:03.8183000Z test is_basis_distance_filters_non_core_course ... ok
2026-10-08T19:46:03.8183334Z 
2026-10-08T19:46:03.8183791Z test result: ok. 3 passed; 0 failed; 0 ignored; 0 measured; 0 filtered out; finished in 0.00s
2026-10-08T19:46:03.8184256Z 
2026-10-08T19:46:03.8184989Z [1m[92m     Running[0m tests/probe_394_202662.rs (target/debug/deps/probe_394_202662-7376c3889745da8b)
2026-10-08T19:46:03.8194777Z 
2026-10-08T19:46:03.8194946Z running 1 test
2026-10-08T19:46:03.9146068Z test probe_394_202662 ... ok
2026-10-08T19:46:03.9146406Z 
2026-10-08T19:46:03.9146858Z test result: ok. 1 passed; 0 failed; 0 ignored; 0 measured; 0 filtered out; finished in 0.10s
2026-10-08T19:46:03.9147281Z 
2026-10-08T19:46:03.9155139Z [1m[92m     Running[0m tests/probe_394_pending.rs (target/debug/deps/probe_394_pending-a30b940c96048b09)
2026-10-08T19:46:03.9166507Z 
2026-10-08T19:46:03.9166672Z running 1 test
2026-10-08T19:46:04.0125112Z test probe_394_pending ... ok
2026-10-08T19:46:04.0125502Z 
2026-10-08T19:46:04.0125936Z test result: ok. 1 passed; 0 failed; 0 ignored; 0 measured; 0 filtered out; finished in 0.10s
2026-10-08T19:46:04.0126542Z 
2026-10-08T19:46:04.0135402Z [1m[92m     Running[0m tests/probe_534_procs.rs (target/debug/deps/probe_534_procs-0385cdae1396207b)
2026-10-08T19:46:04.0147403Z 
2026-10-08T19:46:04.0147618Z running 1 test
2026-10-08T19:46:04.1127042Z test probe_534_procs ... ok
2026-10-08T19:46:04.1127393Z 
2026-10-08T19:46:04.1127847Z test result: ok. 1 passed; 0 failed; 0 ignored; 0 measured; 0 filtered out; finished in 0.10s
2026-10-08T19:46:04.1128825Z 
2026-10-08T19:46:04.1134750Z [1m[92m     Running[0m tests/probe_534_stats.rs (target/debug/deps/probe_534_stats-e6a288a567dbaa73)
2026-10-08T19:46:04.1146180Z 
2026-10-08T19:46:04.1146342Z running 1 test
2026-10-08T19:46:04.2088553Z test probe_534_stats ... ok
2026-10-08T19:46:04.2089079Z 
2026-10-08T19:46:04.2089532Z test result: ok. 1 passed; 0 failed; 0 ignored; 0 measured; 0 filtered out; finished in 0.09s
2026-10-08T19:46:04.2090054Z 
2026-10-08T19:46:04.2096660Z [1m[92m     Running[0m tests/probe_last_two.rs (target/debug/deps/probe_last_two-617fd1afbf56b3a1)
2026-10-08T19:46:04.2108843Z 
2026-10-08T19:46:04.2109050Z running 1 test
2026-10-08T19:46:04.3146411Z test probe_last_two_procs ... ok
2026-10-08T19:46:04.3146818Z 
2026-10-08T19:46:04.3147262Z test result: ok. 1 passed; 0 failed; 0 ignored; 0 measured; 0 filtered out; finished in 0.10s
2026-10-08T19:46:04.3147872Z 
2026-10-08T19:46:04.3153858Z [1m[92m     Running[0m tests/probe_residual.rs (target/debug/deps/probe_residual-d12cb37c6f329fd3)
2026-10-08T19:46:04.3165240Z 
2026-10-08T19:46:04.3165398Z running 2 tests
2026-10-08T19:46:04.4070509Z test probe_590_pk ... ok
2026-10-08T19:46:04.4073890Z test probe_590_pos ... ok
2026-10-08T19:46:04.4074182Z 
2026-10-08T19:46:04.4074510Z test result: ok. 2 passed; 0 failed; 0 ignored; 0 measured; 0 filtered out; finished in 0.09s
2026-10-08T19:46:04.4074869Z 
2026-10-08T19:46:04.4085012Z [1m[92m     Running[0m tests/probe_residuals_bare.rs (target/debug/deps/probe_residuals_bare-16e53fcf21c41e75)
2026-10-08T19:46:04.4096625Z 
2026-10-08T19:46:04.4096927Z running 1 test
2026-10-08T19:46:04.6292982Z test probe_residuals_bare ... ok
2026-10-08T19:46:04.6293684Z 
2026-10-08T19:46:04.6294536Z test result: ok. 1 passed; 0 failed; 0 ignored; 0 measured; 0 filtered out; finished in 0.22s
2026-10-08T19:46:04.6295784Z 
2026-10-08T19:46:04.6303350Z [1m[92m     Running[0m unittests src/lib.rs (target/debug/deps/uma_sim_core-69171c73a3dc97ca)
2026-10-08T19:46:04.6318612Z 
2026-10-08T19:46:04.6318753Z running 46 tests
2026-10-08T19:46:05.0999742Z test api::tests::fast_503_leaves_speed_unchanged_success_sets_it ... ok
2026-10-08T19:46:05.1823534Z test api::tests::health_and_catalogs_and_action_include_state ... ok
2026-10-08T19:46:05.5402731Z test api::tests::lab_library_fork_branch_compare_flow ... ok
2026-10-08T19:46:05.7014671Z test api::tests::policy_case_variants ... ok
2026-10-08T19:46:05.7537495Z test api::tests::policy_error_shape_contract ... ok
2026-10-08T19:46:05.8074113Z test api::tests::lab_library_import_failure_is_nondestructive ... ok
2026-10-08T19:46:05.8601649Z test api::tests::policy_external_without_policy_cmd_fails_loudly_not_silently ... ok
2026-10-08T19:46:06.0188175Z test api::tests::policy_unknown_on_auto_and_fast ... ok
2026-10-08T19:46:06.0713881Z test api::tests::run_endpoints_unaffected_by_policy_errors ... ok
2026-10-08T19:46:06.0716842Z test batch_analysis::tests::aggregates_known_values ... ok
2026-10-08T19:46:06.0720742Z test batch_analysis::tests::compare_deltas ... ok
2026-10-08T19:46:06.0721755Z test batch_analysis::tests::empty_input_is_error ... ok
2026-10-08T19:46:06.0723356Z test batch_analysis::tests::malformed_lines_skipped_not_fatal ... ok
2026-10-08T19:46:06.0725718Z test batch_analysis::tests::text_render_contains_key_sections ... ok
2026-10-08T19:46:06.0727874Z test batch_analysis::tests::top_n_truncates ... ok
2026-10-08T19:46:06.0728937Z test career_lab::unit_tests::action_choice_id_round_trips ... ok
2026-10-08T19:46:06.0730242Z test career_lab::unit_tests::fingerprint_check_flags_schema_but_not_version ... ok
2026-10-08T19:46:06.0731476Z test career_lab::unit_tests::name_validation ... ok
2026-10-08T19:46:06.0736144Z test career_lab::unit_tests::refused_snapshot_restoration_retains_recoverable_bytes ... ok
2026-10-08T19:46:06.0736965Z test career_lab::unit_tests::rfc3339_formats_epoch ... ok
2026-10-08T19:46:06.0738290Z test legacy::unit::aptitude_rise_caps_at_a ... ok
2026-10-08T19:46:06.0739433Z test legacy::unit::blue_star_tables ... ok
2026-10-08T19:46:06.0740485Z test legacy::unit::pink_rank_table_matches_planner ... ok
2026-10-08T19:46:06.0741311Z test mid_run_inheritance::tests::april_dates_match_classic_and_senior ... ok
2026-10-08T19:46:06.0742210Z test mid_run_inheritance::tests::blue_ranges_match_crazyfellow_table ... ok
2026-10-08T19:46:06.0743427Z test mid_run_inheritance::tests::compatibility_grade_bands ... ok
2026-10-08T19:46:06.0744220Z test mid_run_inheritance::tests::odds_scale_with_compatibility ... ok
2026-10-08T19:46:06.1243349Z test api::tests::session_usable_after_policy_503 ... ok
2026-10-08T19:46:06.1769489Z test api::tests::start_rejects_unknown_policy ... ok
2026-10-08T19:46:06.1895030Z test race::tests::course_id_lookup_from_canonical_race_json ... ok
2026-10-08T19:46:06.1896119Z test race::tests::default_race_model_is_physics_since_r88 ... ok
2026-10-08T19:46:06.1897068Z test race::tests::derive_race_seed_is_stable_and_nonzero ... ok
2026-10-08T19:46:06.1898169Z test race::tests::npc_count_uses_race_json_entries_when_present ... ok
2026-10-08T19:46:06.2340751Z test api::tests::start_rejects_unknown_scenario_and_race_model ... ok
2026-10-08T19:46:06.2349187Z test race::tests::placeholder_npcs_vary_aptitudes_moods_strategies_skills ... ok
2026-10-08T19:46:06.2350644Z test race::tests::placement_bands ... ok
2026-10-08T19:46:06.2351663Z test race::tests::preferred_running_style_overrides_best_aptitude ... ok
2026-10-08T19:46:06.2353168Z test race::tests::race_effective_stat_halves_above_soft_cap ... ok
2026-10-08T19:46:06.2354167Z test rng::tests::matches_kotlin_seed_42_fixture ... ok
2026-10-08T19:46:06.2355020Z test rng::tests::raw_ints_match_kotlin ... ok
2026-10-08T19:46:06.2355973Z test scoring::terminal_utility::tests::evaluate_produces_nonzero_u ... ok
2026-10-08T19:46:06.2357131Z test scoring::terminal_utility::tests::phi_matches_condor_allocations ... ok
2026-10-08T19:46:06.2358248Z test scoring::terminal_utility::tests::skill_shop_converts_sp ... ok
2026-10-08T19:46:06.2397087Z test policy_external::tests::dead_policy_child_is_reaped_and_respawned ... ok
2026-10-08T19:46:06.2655635Z test race::tests::physics_debut_with_weak_stats_does_not_always_place_first ... ok
2026-10-08T19:46:07.0469522Z test policy_external::tests::wedged_policy_server_times_out_loudly_and_respawns ... ok
2026-10-08T19:46:07.0470976Z 
2026-10-08T19:46:07.0473289Z test result: ok. 46 passed; 0 failed; 0 ignored; 0 measured; 0 filtered out; finished in 2.41s
2026-10-08T19:46:07.0474273Z 
2026-10-08T19:46:07.0514292Z [1m[92m     Running[0m unittests src/bin/uma-sim.rs (target/debug/deps/uma_sim-c6ee01c3064dc43f)
2026-10-08T19:46:07.0524391Z 
2026-10-08T19:46:07.0524632Z running 0 tests
2026-10-08T19:46:07.0524893Z 
2026-10-08T19:46:07.0525272Z test result: ok. 0 passed; 0 failed; 0 ignored; 0 measured; 0 filtered out; finished in 0.00s
2026-10-08T19:46:07.0525671Z 
2026-10-08T19:46:07.0528276Z [1m[92m     Running[0m unittests src/bin/uma-sim-api.rs (target/debug/deps/uma_sim_api-af58dc6de920f48f)
2026-10-08T19:46:07.0536785Z 
2026-10-08T19:46:07.0536978Z running 0 tests
2026-10-08T19:46:07.0537277Z 
2026-10-08T19:46:07.0537792Z test result: ok. 0 passed; 0 failed; 0 ignored; 0 measured; 0 filtered out; finished in 0.00s
2026-10-08T19:46:07.0538658Z 
2026-10-08T19:46:07.0540037Z [1m[92m     Running[0m tests/api_body_admission.rs (target/debug/deps/api_body_admission-8e32d5dda1eafa35)
2026-10-08T19:46:07.0549498Z 
2026-10-08T19:46:07.0549760Z running 5 tests
2026-10-08T19:46:07.7199007Z test invalid_utf8_is_rejected_before_start_and_auto ... ok
2026-10-08T19:46:07.7213316Z test nonobject_json_is_not_an_empty_command ... ok
2026-10-08T19:46:07.7770906Z test malformed_json_is_rejected_before_every_post_handler ... ok
2026-10-08T19:46:07.8141797Z test empty_bodies_and_valid_objects_keep_existing_defaults ... ok
2026-10-08T19:46:08.0779154Z test unsupported_routes_and_preflight_keep_their_status ... ok
2026-10-08T19:46:08.0779693Z 
2026-10-08T19:46:08.0780096Z test result: ok. 5 passed; 0 failed; 0 ignored; 0 measured; 0 filtered out; finished in 1.02s
2026-10-08T19:46:08.0780460Z 
2026-10-08T19:46:08.0782596Z [1m[92m     Running[0m tests/batch_output_failures.rs (target/debug/deps/batch_output_failures-0383987cbbdb2899)
2026-10-08T19:46:08.0794100Z 
2026-10-08T19:46:08.0794268Z running 3 tests
2026-10-08T19:46:08.0823374Z test batch_output_open_failure_is_nonzero_and_preserves_existing_directory ... ok
2026-10-08T19:46:09.1100074Z test batch_success_writes_every_requested_career_and_returns_zero ... ok
2026-10-08T19:46:09.9147977Z test batch_midstream_write_failure_is_nonzero_and_retains_the_written_prefix ... ok
2026-10-08T19:46:09.9149005Z 
2026-10-08T19:46:09.9149457Z test result: ok. 3 passed; 0 failed; 0 ignored; 0 measured; 0 filtered out; finished in 1.84s
2026-10-08T19:46:09.9150070Z 
2026-10-08T19:46:09.9150951Z [1m[92m     Running[0m tests/bond_gain_config.rs (target/debug/deps/bond_gain_config-be83ec7bdac84427)
2026-10-08T19:46:09.9162189Z 
2026-10-08T19:46:09.9162420Z running 2 tests
2026-10-08T19:46:09.9165600Z test rainbow_count_requires_bond_on_specialty ... ok
2026-10-08T19:46:09.9166287Z test training_increases_bond_on_facility_cards ... ok
2026-10-08T19:46:09.9166682Z 
2026-10-08T19:46:09.9166949Z test result: ok. 2 passed; 0 failed; 0 ignored; 0 measured; 0 filtered out; finished in 0.00s
2026-10-08T19:46:09.9167557Z 
2026-10-08T19:46:09.9168195Z [1m[92m     Running[0m tests/bot_parity.rs (target/debug/deps/bot_parity-15fb69031a49da40)
2026-10-08T19:46:09.9181065Z 
2026-10-08T19:46:09.9181325Z running 6 tests
2026-10-08T19:46:09.9184748Z test event_low_energy_prefers_energy_option ... ok
2026-10-08T19:46:09.9185383Z test external_policy_all_scenarios ... ok
2026-10-08T19:46:09.9186114Z test external_policy_drives_career_self_consistent ... ok
2026-10-08T19:46:09.9186941Z test inheritance_event_at_turn_13 ... ok
2026-10-08T19:46:09.9187508Z test training_picks_speed_when_prioritized ... ok
2026-10-08T19:46:09.9359060Z test lesson_scoring_prefers_song_near_concert_when_hype_not_ready ... ok
2026-10-08T19:46:09.9359883Z 
2026-10-08T19:46:09.9360548Z test result: ok. 6 passed; 0 failed; 0 ignored; 0 measured; 0 filtered out; finished in 0.02s
2026-10-08T19:46:09.9361436Z 
2026-10-08T19:46:09.9365484Z [1m[92m     Running[0m tests/career_lab.rs (target/debug/deps/career_lab-8b99d504b4521411)
2026-10-08T19:46:09.9380321Z 
2026-10-08T19:46:09.9380660Z running 14 tests
2026-10-08T19:46:10.5730871Z test branch_run_is_deterministic ... ok
2026-10-08T19:46:10.7043475Z test branch_store_round_trip ... ok
2026-10-08T19:46:10.7365910Z test checkpoint_restore_reproduces_state_and_rng ... ok
2026-10-08T19:46:11.4741640Z test comparison_report_renders ... ok
2026-10-08T19:46:11.7458632Z test divergence_detected_on_first_decision_difference ... ok
2026-10-08T19:46:11.8164072Z test event_and_mandatory_race_checkpoints_all_scenarios ... ok
2026-10-08T19:46:11.9586064Z test identical_branches_have_no_divergence ... ok
2026-10-08T19:46:11.9586981Z test rng_state_words_restore_is_exact ... ok
2026-10-08T19:46:11.9693937Z test import_failure_preserves_last_good ... ok
2026-10-08T19:46:11.9800314Z test library_name_rules_and_overwrite_protection ... ok
2026-10-08T19:46:11.9803480Z test stale_tmp_files_are_swept ... ok
2026-10-08T19:46:11.9946919Z test library_round_trip ... ok
2026-10-08T19:46:12.2684321Z test sibling_branch_cannot_mutate_checkpoint_or_sibling ... ok
2026-10-08T19:46:12.2763388Z test snapshot_carries_rng_state_words ... ok
2026-10-08T19:46:12.2763814Z 
2026-10-08T19:46:12.2764275Z test result: ok. 14 passed; 0 failed; 0 ignored; 0 measured; 0 filtered out; finished in 2.34s
2026-10-08T19:46:12.2764874Z 
2026-10-08T19:46:12.2789591Z [1m[92m     Running[0m tests/career_lab_branch_publication.rs (target/debug/deps/career_lab_branch_publication-3720c9fed994df86)
2026-10-08T19:46:12.2800766Z 
2026-10-08T19:46:12.2800928Z running 6 tests
2026-10-08T19:46:12.2829977Z test dangling_destination_is_an_existing_identity_and_is_preserved ... ok
2026-10-08T19:46:12.2842028Z test changed_payload_cannot_replace_an_acknowledged_identity ... ok
2026-10-08T19:46:12.2843499Z test subprocess_branch_store_worker ... ignored, invoked only by the bounded independent-process receiver
2026-10-08T19:46:12.2855068Z test identical_payload_repeated_save_is_still_a_creation_conflict ... ok
2026-10-08T19:46:12.2856099Z test distinct_results_reopen_without_changing_checkpoint_session_or_sibling ... ok
2026-10-08T19:46:12.2890823Z test competing_processes_acknowledge_exactly_one_complete_result ... ok
2026-10-08T19:46:12.2891452Z 
2026-10-08T19:46:12.2891838Z test result: ok. 5 passed; 0 failed; 1 ignored; 0 measured; 0 filtered out; finished in 0.01s
2026-10-08T19:46:12.2892216Z 
2026-10-08T19:46:12.2893860Z [1m[92m     Running[0m tests/career_lab_divergence.rs (target/debug/deps/career_lab_divergence-ceda4417a2f326da)
2026-10-08T19:46:12.2902821Z 
2026-10-08T19:46:12.2903080Z running 6 tests
2026-10-08T19:46:12.2928836Z test an_empty_branch_ended_after_zero_recorded_steps_in_either_position ... ok
2026-10-08T19:46:12.2930235Z test earlier_decision_or_outcome_remains_first_when_a_branch_later_ends ... ok
2026-10-08T19:46:12.2942011Z test b_ended_note_counts_b_recorded_steps_when_a_continues ... ok
2026-10-08T19:46:12.2949015Z test a_ended_note_counts_a_recorded_steps_when_b_continues ... ok
2026-10-08T19:46:12.2960286Z test ending_uses_the_recorded_timeline_even_if_summary_counts_are_stale ... ok
2026-10-08T19:46:12.2962459Z test equal_length_timelines_keep_existing_divergence_behavior ... ok
2026-10-08T19:46:12.2963333Z 
2026-10-08T19:46:12.2963792Z test result: ok. 6 passed; 0 failed; 0 ignored; 0 measured; 0 filtered out; finished in 0.01s
2026-10-08T19:46:12.2964308Z 
2026-10-08T19:46:12.2965646Z [1m[92m     Running[0m tests/career_lab_reports.rs (target/debug/deps/career_lab_reports-0774675e3ea13d9b)
2026-10-08T19:46:12.2975336Z 
2026-10-08T19:46:12.2986080Z running 9 tests
2026-10-08T19:46:12.2990903Z test changed_numeric_input_and_absent_divergence_are_rendered_from_the_comparison ... ok
2026-10-08T19:46:12.3119398Z test branch_names_remain_literal_and_cannot_split_outcome_columns ... ok
2026-10-08T19:46:12.3367956Z test every_displayed_field_preserves_punctuation_and_entity_text ... ok
2026-10-08T19:46:12.3377337Z test ordinary_reports_keep_numeric_columns_and_timeline_meaning ... ok
2026-10-08T19:46:12.3378655Z test every_displayed_field_prevents_raw_html_elements ... ok
2026-10-08T19:46:12.3380420Z test rendering_does_not_rewrite_source_data_or_json_report ... ok
2026-10-08T19:46:12.3382583Z test every_displayed_field_keeps_line_breaks_out_of_report_structure ... ok
2026-10-08T19:46:12.3387181Z test the_report_uses_display_labels_without_substituting_hidden_identifiers ... ok
2026-10-08T19:46:12.3528284Z test inline_code_fields_keep_backtick_runs_entities_and_significant_padding ... ok
2026-10-08T19:46:12.3529051Z 
2026-10-08T19:46:12.3529332Z test result: ok. 9 passed; 0 failed; 0 ignored; 0 measured; 0 filtered out; finished in 0.06s
2026-10-08T19:46:12.3529738Z 
2026-10-08T19:46:12.3532644Z [1m[92m     Running[0m tests/career_library_replacement.rs (target/debug/deps/career_library_replacement-de3a34823e95a6d1)
2026-10-08T19:46:12.3546790Z 
2026-10-08T19:46:12.3546984Z running 6 tests
2026-10-08T19:46:12.7191316Z test a_failed_new_save_does_not_create_a_visible_partial_checkpoint ... ok
2026-10-08T19:46:12.7237835Z test failed_import_overwrite_preserves_an_existing_checkpoint ... ok
2026-10-08T19:46:12.7284207Z test failed_overwrite_restores_the_complete_previous_checkpoint ... ok
2026-10-08T19:46:12.7294903Z test no_overwrite_preserves_orphan_snapshot_bytes ... ok
2026-10-08T19:46:12.7331221Z test snapshot_staging_failure_preserves_the_old_pair_and_cleans_its_backup ... ok
2026-10-08T19:46:12.7375604Z test successful_overwrite_replaces_state_and_metadata_without_recovery_files ... ok
2026-10-08T19:46:12.7376349Z 
2026-10-08T19:46:12.7376622Z test result: ok. 6 passed; 0 failed; 0 ignored; 0 measured; 0 filtered out; finished in 0.38s
2026-10-08T19:46:12.7376981Z 
2026-10-08T19:46:12.7398301Z [1m[92m     Running[0m tests/cli_policy.rs (target/debug/deps/cli_policy-79d863b08e07da3a)
2026-10-08T19:46:12.7408727Z 
2026-10-08T19:46:12.7408903Z running 2 tests
2026-10-08T19:46:13.0902892Z test cli_policy_external_missing_cmd_names_env ... ok
2026-10-08T19:46:13.3641507Z test cli_policy_unknown_runs_default ... ok
2026-10-08T19:46:13.3641979Z 
2026-10-08T19:46:13.3642257Z test result: ok. 2 passed; 0 failed; 0 ignored; 0 measured; 0 filtered out; finished in 0.62s
2026-10-08T19:46:13.3642615Z 
2026-10-08T19:46:13.3643799Z [1m[92m     Running[0m tests/cli_seed_admission.rs (target/debug/deps/cli_seed_admission-3f425ddb33201893)
2026-10-08T19:46:13.3656659Z 
2026-10-08T19:46:13.3656850Z running 15 tests
2026-10-08T19:46:13.9320035Z test last_valid_duplicate_seed_still_wins ... ok
2026-10-08T19:46:13.9323877Z test fractional_seed_preserves_existing_career ... ok
2026-10-08T19:46:13.9349078Z test empty_seed_preserves_existing_career ... ok
2026-10-08T19:46:14.4867831Z test malformed_batch_preserves_output_before_zero_career_run ... ok
2026-10-08T19:46:14.4919362Z test malformed_seed_after_valid_duplicate_is_refused ... ok
2026-10-08T19:46:14.4929173Z test malformed_seed_does_not_create_a_first_career ... ok
2026-10-08T19:46:14.5089359Z test malformed_seed_before_valid_duplicate_is_refused ... ok
2026-10-08T19:46:14.5419539Z test explicit_seed_list_still_overrides_valid_seed_and_count ... ok
2026-10-08T19:46:15.0479494Z test malformed_seed_is_refused_even_when_explicit_list_would_override_it ... ok
2026-10-08T19:46:15.0529708Z test malformed_start_preserves_existing_career ... ok
2026-10-08T19:46:15.0639561Z test signed_i64_boundaries_are_admitted_without_running_a_career ... ok
2026-10-08T19:46:15.0732294Z test omitted_seed_still_starts_seed_42 ... ok
2026-10-08T19:46:15.0935327Z test seed_above_i64_max_preserves_existing_career ... ok
2026-10-08T19:46:15.4148132Z test seed_below_i64_min_preserves_existing_career ... ok
2026-10-08T19:46:16.1241511Z test valid_signed_seeds_are_saved_exactly ... ok
2026-10-08T19:46:16.1242118Z 
2026-10-08T19:46:16.1242798Z test result: ok. 15 passed; 0 failed; 0 ignored; 0 measured; 0 filtered out; finished in 2.76s
2026-10-08T19:46:16.1243399Z 
2026-10-08T19:46:16.1244366Z [1m[92m     Running[0m tests/content_pack_loader.rs (target/debug/deps/content_pack_loader-cf08ec1d928e49d3)
2026-10-08T19:46:16.1255425Z 
2026-10-08T19:46:16.1255581Z running 1 test
2026-10-08T19:46:16.1259585Z test example_pack_has_events ... ok
2026-10-08T19:46:16.1259965Z 
2026-10-08T19:46:16.1260261Z test result: ok. 1 passed; 0 failed; 0 ignored; 0 measured; 0 filtered out; finished in 0.00s
2026-10-08T19:46:16.1260625Z 
2026-10-08T19:46:16.1262160Z [1m[92m     Running[0m tests/deck_placement.rs (target/debug/deps/deck_placement-412e471d0122826c)
2026-10-08T19:46:16.1273735Z 
2026-10-08T19:46:16.1273935Z running 7 tests
2026-10-08T19:46:16.1280147Z test assigns_cards_to_specialty_facilities ... ok
2026-10-08T19:46:16.1281190Z test deck_spec_parses_manual_placement ... ok
2026-10-08T19:46:16.1282309Z test grand_live_scenario_links_only_on_trained_facility ... ok
2026-10-08T19:46:16.1283067Z test manual_placement_stacks_cards_on_facility ... ok
2026-10-08T19:46:16.1283727Z test deck_increases_training_gain_vs_empty_deck ... ok
2026-10-08T19:46:16.1284304Z test runtime_reassign_moves_card ... ok
2026-10-08T19:46:16.1285738Z test training_gain_uses_only_cards_on_facility ... ok
2026-10-08T19:46:16.1286140Z 
2026-10-08T19:46:16.1286593Z test result: ok. 7 passed; 0 failed; 0 ignored; 0 measured; 0 filtered out; finished in 0.00s
2026-10-08T19:46:16.1286982Z 
2026-10-08T19:46:16.1287826Z [1m[92m     Running[0m tests/deck_support_bridge.rs (target/debug/deps/deck_support_bridge-eedd0eb3ae8938f4)
2026-10-08T19:46:16.1295780Z 
2026-10-08T19:46:16.1295930Z running 1 test
2026-10-08T19:46:16.1300776Z test deck_increases_training_gain_vs_empty_deck ... ok
2026-10-08T19:46:16.1301169Z 
2026-10-08T19:46:16.1301436Z test result: ok. 1 passed; 0 failed; 0 ignored; 0 measured; 0 filtered out; finished in 0.00s
2026-10-08T19:46:16.1301792Z 
2026-10-08T19:46:16.1303291Z [1m[92m     Running[0m tests/event_effect_applier.rs (target/debug/deps/event_effect_applier-516f1334a2eb08cb)
2026-10-08T19:46:16.1313935Z 
2026-10-08T19:46:16.1314107Z running 2 tests
2026-10-08T19:46:16.1493197Z test applies_stat_and_energy ... ok
2026-10-08T19:46:16.1510225Z test applies_skill_points_and_hints ... ok
2026-10-08T19:46:16.1510540Z 
2026-10-08T19:46:16.1510840Z test result: ok. 2 passed; 0 failed; 0 ignored; 0 measured; 0 filtered out; finished in 0.02s
2026-10-08T19:46:16.1511201Z 
2026-10-08T19:46:16.1515795Z [1m[92m     Running[0m tests/event_pool_gating.rs (target/debug/deps/event_pool_gating-78b517e910c38910)
2026-10-08T19:46:16.1526097Z 
2026-10-08T19:46:16.1526248Z running 4 tests
2026-10-08T19:46:16.1530550Z test scenario_events_match_active_scenario_only ... ok
2026-10-08T19:46:16.1531204Z test scenario_owner_maps_engine_ids ... ok
2026-10-08T19:46:16.1531784Z test support_events_require_deck_membership ... ok
2026-10-08T19:46:16.2787481Z test file_catalog_ura_pool_excludes_other_scenarios_and_undecked_supports ... ok
2026-10-08T19:46:16.2787886Z 
2026-10-08T19:46:16.2788149Z test result: ok. 4 passed; 0 failed; 0 ignored; 0 measured; 0 filtered out; finished in 0.13s
2026-10-08T19:46:16.2788900Z 
2026-10-08T19:46:16.2790746Z [1m[92m     Running[0m tests/event_probability_config.rs (target/debug/deps/event_probability_config-7b11d3a367a0b4e3)
2026-10-08T19:46:16.2801775Z 
2026-10-08T19:46:16.2801940Z running 3 tests
2026-10-08T19:46:16.2805912Z test deck_raises_event_chance ... ok
2026-10-08T19:46:16.2806443Z test energy_variance_picks_from_outcomes ... ok
2026-10-08T19:46:16.2806951Z test matches_energy_variance_pattern ... ok
2026-10-08T19:46:16.2807241Z 
2026-10-08T19:46:16.2807915Z test result: ok. 3 passed; 0 failed; 0 ignored; 0 measured; 0 filtered out; finished in 0.00s
2026-10-08T19:46:16.2809735Z [1m[92m     Running[0m tests/facility_level_config.rs (target/debug/deps/facility_level_config-2f9958e3e56de64e)
2026-10-08T19:46:16.2810267Z 
2026-10-08T19:46:16.2818115Z 
2026-10-08T19:46:16.2818294Z running 3 tests
2026-10-08T19:46:16.2821590Z test level_rises_every_four_trains ... ok
2026-10-08T19:46:16.2822215Z test ura_uses_train_count_leveling_unity_does_not ... ok
2026-10-08T19:46:16.2822985Z test successful_train_increments_level_after_fourth_use ... ok
2026-10-08T19:46:16.2823774Z 
2026-10-08T19:46:16.2824212Z test result: ok. 3 passed; 0 failed; 0 ignored; 0 measured; 0 filtered out; finished in 0.00s
2026-10-08T19:46:16.2824840Z 
2026-10-08T19:46:16.2825470Z [1m[92m     Running[0m tests/golden_seed.rs (target/debug/deps/golden_seed-26d67a9a015bebb8)
2026-10-08T19:46:16.2836370Z 
2026-10-08T19:46:16.2836528Z running 3 tests
2026-10-08T19:46:16.6916514Z test golden_seed_42_ura ... ok
2026-10-08T19:46:31.7271361Z test fixture_file_matches_engine ... ok
2026-10-08T19:46:45.3696107Z test all_fifty_seeds_reproducible ... ok
2026-10-08T19:46:45.3697605Z 
2026-10-08T19:46:45.3698715Z test result: ok. 3 passed; 0 failed; 0 ignored; 0 measured; 0 filtered out; finished in 29.09s
2026-10-08T19:46:45.3699371Z 
2026-10-08T19:46:45.3705918Z [1m[92m     Running[0m tests/golden_seeds.rs (target/debug/deps/golden_seeds-44659c3cedf7ebd3)
2026-10-08T19:46:45.3719970Z 
2026-10-08T19:46:45.3720146Z running 3 tests
2026-10-08T19:46:45.6115632Z test kotlin_golden_fixture_seed_42_ura ... ok
2026-10-08T19:46:45.7070937Z test seed_42_ura_reproducible ... ok
2026-10-08T19:46:59.8434120Z test all_kotlin_golden_summaries ... ok
2026-10-08T19:46:59.8434574Z 
2026-10-08T19:46:59.8434949Z test result: ok. 3 passed; 0 failed; 0 ignored; 0 measured; 0 filtered out; finished in 14.47s
2026-10-08T19:46:59.8435329Z 
2026-10-08T19:46:59.8444209Z [1m[92m     Running[0m tests/grand_live_bot_replay.rs (target/debug/deps/grand_live_bot_replay-962da15d3a66b9f5)
2026-10-08T19:46:59.8458070Z 
2026-10-08T19:46:59.8458327Z running 2 tests
2026-10-08T19:46:59.8462707Z test gl_token_totals_wired_into_decision_context ... ok
2026-10-08T19:46:59.8650975Z test gl_replay_fixtures_match_at_least_95_percent ... ok
2026-10-08T19:46:59.8651499Z 
2026-10-08T19:46:59.8651879Z test result: ok. 2 passed; 0 failed; 0 ignored; 0 measured; 0 filtered out; finished in 0.02s
2026-10-08T19:46:59.8652390Z 
2026-10-08T19:46:59.8656447Z [1m[92m     Running[0m tests/grand_live_calibration_loader.rs (target/debug/deps/grand_live_calibration_loader-be59d50ae4794352)
2026-10-08T19:46:59.8667176Z 
2026-10-08T19:46:59.8667522Z running 4 tests
2026-10-08T19:46:59.8673457Z test calibration_row_totals_documented ... ok
2026-10-08T19:46:59.8676228Z test deck_size_specific_row_preferred ... ok
2026-10-08T19:46:59.8679725Z test load_from_path ... ok
2026-10-08T19:46:59.8682493Z test loads_calibration_from_repo ... ok
2026-10-08T19:46:59.8682801Z 
2026-10-08T19:46:59.8683124Z test result: ok. 4 passed; 0 failed; 0 ignored; 0 measured; 0 filtered out; finished in 0.00s
2026-10-08T19:46:59.8683587Z 
2026-10-08T19:46:59.8685856Z [1m[92m     Running[0m tests/grand_live_catalog_loader.rs (target/debug/deps/grand_live_catalog_loader-ebba63bcb4ab2857)
2026-10-08T19:46:59.8694795Z 
2026-10-08T19:46:59.8694950Z running 1 test
2026-10-08T19:46:59.8772132Z test loads_songs_from_knowledge_base ... ok
2026-10-08T19:46:59.8772543Z 
2026-10-08T19:46:59.8772983Z test result: ok. 1 passed; 0 failed; 0 ignored; 0 measured; 0 filtered out; finished in 0.01s
2026-10-08T19:46:59.8773629Z 
2026-10-08T19:46:59.8776018Z [1m[92m     Running[0m tests/grand_live_formula_calibration.rs (target/debug/deps/grand_live_formula_calibration-34df03460eb2cb23)
2026-10-08T19:46:59.8785658Z 
2026-10-08T19:46:59.8785868Z running 4 tests
2026-10-08T19:46:59.8789912Z test calibration_rows_match_uma_guide_formula_total ... ok
2026-10-08T19:46:59.8790608Z test inheritance_choice_applies_skills ... ok
2026-10-08T19:46:59.8791718Z test skill_factors_become_inherited_skills ... ok
2026-10-08T19:46:59.8792282Z test split_sums_to_formula_total ... ok
2026-10-08T19:46:59.8792529Z 
2026-10-08T19:46:59.8792785Z test result: ok. 4 passed; 0 failed; 0 ignored; 0 measured; 0 filtered out; finished in 0.00s
2026-10-08T19:46:59.8793158Z 
2026-10-08T19:46:59.8795592Z [1m[92m     Running[0m tests/grand_live_l1_training.rs (target/debug/deps/grand_live_l1_training-df60fd29519aee79)
2026-10-08T19:46:59.8804562Z 
2026-10-08T19:46:59.8804731Z running 3 tests
2026-10-08T19:46:59.8809918Z test grand_concert_l1_speed_matches_gametora_base ... ok
2026-10-08T19:46:59.8810345Z test ura_l1_unchanged_by_gl_override ... ok
2026-10-08T19:46:59.8811569Z test grand_concert_l1_wit_recovers_energy ... ok
2026-10-08T19:46:59.8811975Z 
2026-10-08T19:46:59.8813286Z test result: ok. 3 passed; 0 failed; 0 ignored; 0 measured; 0 filtered out; finished in 0.00s
2026-10-08T19:46:59.8813739Z 
2026-10-08T19:46:59.8814325Z [1m[92m     Running[0m tests/grand_live_r7.rs (target/debug/deps/grand_live_r7-90b86100e9166009)
2026-10-08T19:46:59.8826504Z 
2026-10-08T19:46:59.8826666Z running 18 tests
2026-10-08T19:46:59.8831647Z test blocked_performance_types_zero_token_gains ... ok
2026-10-08T19:46:59.8832666Z test concert_outcome_great_success_normal_and_failure ... ok
2026-10-08T19:46:59.8835274Z test concert_failure_on_race_loss ... ok
2026-10-08T19:46:59.8836043Z test concert_outcome_respects_race_result_flag ... ok
2026-10-08T19:46:59.8837664Z test closer_together_fires_at_senior_nov_with_16_songs ... ok
2026-10-08T19:46:59.8838659Z test consolation_unique_path_sets_power ... ok
2026-10-08T19:46:59.8839331Z test fan_scaled_unique_skill_power_multiply_fan_count ... ok
2026-10-08T19:46:59.8840091Z test live_type_and_result_state_packet_mapping ... ok
2026-10-08T19:46:59.8840869Z test lesson_board_includes_unaffordable_and_song_when_unlocked ... ok
2026-10-08T19:46:59.8841572Z test member_ready_count_tracks_deck_size ... ok
2026-10-08T19:46:59.8843582Z test reserve_square_id_prefers_board_slot ... ok
2026-10-08T19:46:59.8849816Z test normal_concert_path_without_great_success ... ok
2026-10-08T19:46:59.8851518Z test lesson_board_three_slots_documents_next_square_approximation ... ok
2026-10-08T19:46:59.8869217Z test dating_light_hello_event_can_fire_and_unlocks_pal_date ... ok
2026-10-08T19:46:59.8882087Z test specialty_bonus_biases_roll_toward_specialty_facility ... ok
2026-10-08T19:46:59.8948003Z test technique_pivot_skips_forced_song_slot_at_21_songs ... ok
2026-10-08T19:46:59.8969719Z test song_mastery_train_bonuses_apply_on_purchase ... ok
2026-10-08T19:46:59.8992803Z test technique_tiers_gate_advanced_lessons_until_later_concerts ... ok
2026-10-08T19:46:59.8993346Z 
2026-10-08T19:46:59.8993770Z test result: ok. 18 passed; 0 failed; 0 ignored; 0 measured; 0 filtered out; finished in 0.02s
2026-10-08T19:46:59.8994127Z 
2026-10-08T19:46:59.8997782Z [1m[92m     Running[0m tests/grand_live_simulation.rs (target/debug/deps/grand_live_simulation-9b0da865c810dcd1)
2026-10-08T19:46:59.9012884Z 
2026-10-08T19:46:59.9013048Z running 24 tests
2026-10-08T19:46:59.9017891Z test all_six_concert_turns_mapped ... ok
2026-10-08T19:46:59.9018746Z test days_to_concert_matches_scoring_shared ... ok
2026-10-08T19:46:59.9019345Z test cycle_max_blocks_song_when_full ... ok
2026-10-08T19:46:59.9022605Z test career_starts_without_make_debut_until_grant_turn ... ok
2026-10-08T19:46:59.9023357Z test friendship_bonus_increases_training_multiplier ... ok
2026-10-08T19:46:59.9024117Z test debut_grants_no_tokens_make_debut_song_already_granted ... ok
2026-10-08T19:46:59.9027031Z test friendship_training_biases_secondary_to_least_owned ... ok
2026-10-08T19:46:59.9029800Z test great_success_grand_concert_with_18_songs ... ok
2026-10-08T19:46:59.9031292Z test debut_race_preserves_make_debut_cycle_hype ... ok
2026-10-08T19:46:59.9036630Z test is_hype_maxed_when_cycle_meets_required ... ok
2026-10-08T19:46:59.9042201Z test lesson_board_has_at_most_three_slots ... ok
2026-10-08T19:46:59.9043120Z test light_hello_grants_least_owned_on_proc ... ok
2026-10-08T19:46:59.9044095Z test make_debut_song_grants_all_performance_tokens ... ok
2026-10-08T19:46:59.9045080Z test part_four_songs_unlock_in_senior_dec_late ... ok
2026-10-08T19:46:59.9045876Z test performance_tokens_cap_at_200 ... ok
2026-10-08T19:46:59.9046518Z test promo_concert_grants_stats_sp_and_raises_perf_cap ... ok
2026-10-08T19:46:59.9047176Z test promo_concert_mandatory_at_turn_24 ... ok
2026-10-08T19:46:59.9047751Z test scenario_links_increase_formula_total ... ok
2026-10-08T19:46:59.9048878Z test soft_cap_halves_gains_above_1200 ... ok
2026-10-08T19:46:59.9049440Z test song_purchase_increments_cycle_hype ... ok
2026-10-08T19:46:59.9050100Z test technique_gate_blocks_song_purchase ... ok
2026-10-08T19:46:59.9050679Z test training_applies_603010_token_split ... ok
2026-10-08T19:46:59.9051222Z test uma_guide_performance_formula ... ok
2026-10-08T19:47:00.4701948Z test full_career_completes_with_engine ... ok
2026-10-08T19:47:00.4702465Z 
2026-10-08T19:47:00.4702978Z test result: ok. 24 passed; 0 failed; 0 ignored; 0 measured; 0 filtered out; finished in 0.57s
2026-10-08T19:47:00.4703703Z 
2026-10-08T19:47:00.4709451Z [1m[92m     Running[0m tests/grand_live_token_labels.rs (target/debug/deps/grand_live_token_labels-733e1af4fa910d75)
2026-10-08T19:47:00.4720643Z 
2026-10-08T19:47:00.4720925Z running 1 test
2026-10-08T19:47:00.4723695Z test facility_split_labels_match_gametora_condor ... ok
2026-10-08T19:47:00.4724181Z 
2026-10-08T19:47:00.4724687Z test result: ok. 1 passed; 0 failed; 0 ignored; 0 measured; 0 filtered out; finished in 0.00s
2026-10-08T19:47:00.4725667Z 
2026-10-08T19:47:00.4727035Z [1m[92m     Running[0m tests/hint_progression_config.rs (target/debug/deps/hint_progression_config-9f4ce874ea34ade3)
2026-10-08T19:47:00.4736129Z 
2026-10-08T19:47:00.4736403Z running 4 tests
2026-10-08T19:47:00.4739552Z test caps_at_max_level ... ok
2026-10-08T19:47:00.4740094Z test event_options_include_bonus ... ok
2026-10-08T19:47:00.4740650Z test increments_below_max ... ok
2026-10-08T19:47:00.4741137Z test roll_bonus_within_range ... ok
2026-10-08T19:47:00.4741457Z 
2026-10-08T19:47:00.4741812Z test result: ok. 4 passed; 0 failed; 0 ignored; 0 measured; 0 filtered out; finished in 0.00s
2026-10-08T19:47:00.4742231Z 
2026-10-08T19:47:00.4743741Z [1m[92m     Running[0m tests/knowledge_validate.rs (target/debug/deps/knowledge_validate-77befdfb09cb30c1)
2026-10-08T19:47:00.4752547Z 
2026-10-08T19:47:00.4752715Z running 1 test
2026-10-08T19:47:00.6330777Z test canonical_knowledge_base_passes_validate_script ... ok
2026-10-08T19:47:00.6331579Z 
2026-10-08T19:47:00.6332203Z test result: ok. 1 passed; 0 failed; 0 ignored; 0 measured; 0 filtered out; finished in 0.16s
2026-10-08T19:47:00.6333143Z 
2026-10-08T19:47:00.6334383Z [1m[92m     Running[0m tests/legacy_applicator.rs (target/debug/deps/legacy_applicator-8e05a08efdecbfac)
2026-10-08T19:47:00.6349184Z 
2026-10-08T19:47:00.6349607Z running 10 tests
2026-10-08T19:47:00.6353172Z test blue_starting_bonuses_match_gametora_table ... ok
2026-10-08T19:47:00.6357123Z test effective_cap_raises_above_base ... ok
2026-10-08T19:47:00.6357987Z test inheritance_choice_1_boosts_spark_stats ... ok
2026-10-08T19:47:00.6359566Z test legacy_tree_preferred_over_flat_factors ... ok
2026-10-08T19:47:00.6360263Z test inheritance_choice_applies_skills ... ok
2026-10-08T19:47:00.6361033Z test pink_and_race_factors_tracked ... ok
2026-10-08T19:47:00.6361620Z test skill_factors_become_inherited_skills ... ok
2026-10-08T19:47:00.6362002Z test pink_preview_caps_at_a ... ok
2026-10-08T19:47:00.9173791Z test spark_run_differs_from_ace_run ... ok
2026-10-08T19:47:00.9174435Z test spark_caps_stack_per_star ... ok
2026-10-08T19:47:00.9174769Z 
2026-10-08T19:47:00.9175581Z test result: ok. 10 passed; 0 failed; 0 ignored; 0 measured; 0 filtered out; finished in 0.28s
2026-10-08T19:47:00.9175957Z 
2026-10-08T19:47:00.9184233Z [1m[92m     Running[0m tests/live_bot_telemetry.rs (target/debug/deps/live_bot_telemetry-496f02d78ff21496)
2026-10-08T19:47:00.9197758Z 
2026-10-08T19:47:00.9197944Z running 1 test
2026-10-08T19:47:00.9386579Z test live_bot_sample_match_rate ... ok
2026-10-08T19:47:00.9386983Z 
2026-10-08T19:47:00.9387442Z test result: ok. 1 passed; 0 failed; 0 ignored; 0 measured; 0 filtered out; finished in 0.02s
2026-10-08T19:47:00.9388086Z 
2026-10-08T19:47:00.9391578Z [1m[92m     Running[0m tests/live_telemetry_replay.rs (target/debug/deps/live_telemetry_replay-b24ad8477a0e6199)
2026-10-08T19:47:00.9405989Z 
2026-10-08T19:47:00.9406177Z running 1 test
2026-10-08T19:47:00.9601996Z test jsonl_replay_match_rate_at_least_90_percent ... ok
2026-10-08T19:47:00.9602463Z 
2026-10-08T19:47:00.9602915Z test result: ok. 1 passed; 0 failed; 0 ignored; 0 measured; 0 filtered out; finished in 0.02s
2026-10-08T19:47:00.9603573Z 
2026-10-08T19:47:00.9606667Z [1m[92m     Running[0m tests/mid_run_inspiration.rs (target/debug/deps/mid_run_inspiration-edb7e7f8c6217b83)
2026-10-08T19:47:00.9621487Z 
2026-10-08T19:47:00.9621694Z running 2 tests
2026-10-08T19:47:00.9624584Z test career_start_calendar_is_not_april_inspiration ... ok
2026-10-08T19:47:00.9627296Z test mid_run_inspiration_applies_blue_when_compat_guarantees_proc ... ok
2026-10-08T19:47:00.9627987Z 
2026-10-08T19:47:00.9628750Z test result: ok. 2 passed; 0 failed; 0 ignored; 0 measured; 0 filtered out; finished in 0.00s
2026-10-08T19:47:00.9629443Z 
2026-10-08T19:47:00.9630923Z [1m[92m     Running[0m tests/paired_batches.rs (target/debug/deps/paired_batches-0b2647a46b0df1b2)
2026-10-08T19:47:00.9640635Z 
2026-10-08T19:47:00.9640830Z running 7 tests
2026-10-08T19:47:00.9647092Z test incomplete_or_duplicate_cohorts_refuse_in_both_directions ... ok
2026-10-08T19:47:00.9648076Z test matches_complete_identities_instead_of_positions_or_seed_alone ... ok
2026-10-08T19:47:00.9651546Z test every_required_field_is_strict_and_late_bad_records_are_not_skipped ... ok
2026-10-08T19:47:00.9652323Z test odd_median_and_full_signed_integer_endpoints_are_exact ... ok
2026-10-08T19:47:00.9653162Z test string_limits_count_utf8_bytes_and_retain_literal_whitespace ... ok
2026-10-08T19:47:00.9659972Z test text_ranks_ten_largest_absolute_deltas_and_json_keeps_all_pairs ... ok
2026-10-08T19:47:01.8440005Z test reader_bounds_utf8_and_io_errors_are_reported ... ok
2026-10-08T19:47:01.8440582Z 
2026-10-08T19:47:01.8441024Z test result: ok. 7 passed; 0 failed; 0 ignored; 0 measured; 0 filtered out; finished in 0.88s
2026-10-08T19:47:01.8441640Z 
2026-10-08T19:47:01.8443283Z [1m[92m     Running[0m tests/paired_batches_cli.rs (target/debug/deps/paired_batches_cli-4d25892d9d2d4538)
2026-10-08T19:47:01.8454617Z 
2026-10-08T19:47:01.8454926Z running 5 tests
2026-10-08T19:47:01.8482248Z test help_is_available_without_files ... ok
2026-10-08T19:47:01.8515196Z test actual_unwritable_output_and_diagnostic_sinks_return_failure_without_panicking ... ok
2026-10-08T19:47:01.8574219Z test real_cli_reports_saved_records_without_session_or_simulator_configuration ... ok
2026-10-08T19:47:01.8604806Z test missing_late_invalid_and_unmatched_input_produce_no_primary_output ... ok
2026-10-08T19:47:01.8689959Z test unknown_duplicate_empty_and_missing_flags_refuse_before_input_access ... ok
2026-10-08T19:47:01.8690677Z 
2026-10-08T19:47:01.8691107Z test result: ok. 5 passed; 0 failed; 0 ignored; 0 measured; 0 filtered out; finished in 0.02s
2026-10-08T19:47:01.8691483Z 
2026-10-08T19:47:01.8692765Z [1m[92m     Running[0m tests/parity.rs (target/debug/deps/parity-a47619aa11e4bdba)
2026-10-08T19:47:01.8706050Z 
2026-10-08T19:47:01.8706247Z running 6 tests
2026-10-08T19:47:01.8720250Z test rng_seed_42_fixture_present ... ok
2026-10-08T19:47:01.8755529Z test parity_fixture_manifest_complete ... ok
2026-10-08T19:47:01.9060155Z test scoring_vectors_fixture_loads ... ok
2026-10-08T19:47:01.9723355Z test event_parse_vectors_fixture_loads ... ok
2026-10-08T19:47:01.9882198Z test all_rng_trace_fixtures_match_kotlin ... ok
2026-10-08T19:47:02.0410785Z test turn_traces_report_first_divergence ... ok
2026-10-08T19:47:02.0411371Z 
2026-10-08T19:47:02.0411923Z test result: ok. 6 passed; 0 failed; 0 ignored; 0 measured; 0 filtered out; finished in 0.17s
2026-10-08T19:47:02.0412478Z 
2026-10-08T19:47:02.0419514Z [1m[92m     Running[0m tests/perf.rs (target/debug/deps/perf-288f99fb6beb7aea)
2026-10-08T19:47:02.0434307Z 
2026-10-08T19:47:02.0434490Z running 2 tests
2026-10-08T19:47:02.2321202Z test full_career_under_10s_at_x20 ... ok
2026-10-08T19:47:02.2321797Z test full_career_under_3s_at_x100 ... ok
2026-10-08T19:47:02.2322143Z 
2026-10-08T19:47:02.2322579Z test result: ok. 2 passed; 0 failed; 0 ignored; 0 measured; 0 filtered out; finished in 0.19s
2026-10-08T19:47:02.2323678Z 
2026-10-08T19:47:02.2329060Z [1m[92m     Running[0m tests/product_readiness.rs (target/debug/deps/product_readiness-9ebaea476e1c2f9f)
2026-10-08T19:47:02.2343631Z 
2026-10-08T19:47:02.2343857Z running 7 tests
2026-10-08T19:47:02.7953631Z test four_scenarios_complete_72_turns ... ok
2026-10-08T19:47:02.7954649Z test golden_fixture_file_present ... ok
2026-10-08T19:47:02.7955634Z test speed_multiplier_clamps_1_to_100 ... ok
2026-10-08T19:47:02.7970762Z test telemetry_replay_resources_present ... ok
2026-10-08T19:47:03.1545792Z test deck_and_legacy_start_completes_career ... ok
2026-10-08T19:47:04.1092827Z test full_career_under_ten_seconds_at_x20 ... ok
2026-10-08T19:47:05.1997032Z test bot_policy_completes_all_four_scenarios ... ok
2026-10-08T19:47:05.1997576Z 
2026-10-08T19:47:05.1998029Z test result: ok. 7 passed; 0 failed; 0 ignored; 0 measured; 0 filtered out; finished in 2.97s
2026-10-08T19:47:05.1999181Z 
2026-10-08T19:47:05.2028280Z [1m[92m     Running[0m tests/race_npc_r86.rs (target/debug/deps/race_npc_r86-903587ad110c00fa)
2026-10-08T19:47:05.2041629Z 
2026-10-08T19:47:05.2041969Z running 1 test
2026-10-08T19:47:07.0049570Z test r86_npc_win_rates_ordered_vs_telemetry_prior ... ok
2026-10-08T19:47:07.0050169Z 
2026-10-08T19:47:07.0050589Z test result: ok. 1 passed; 0 failed; 0 ignored; 0 measured; 0 filtered out; finished in 1.80s
2026-10-08T19:47:07.0051161Z 
2026-10-08T19:47:07.0054944Z [1m[92m     Running[0m tests/race_outcomes.rs (target/debug/deps/race_outcomes-019a1e18c4b6e6a4)
2026-10-08T19:47:07.0066558Z 
2026-10-08T19:47:07.0066903Z running 3 tests
2026-10-08T19:47:07.0069868Z test g1_and_climax_wins_grant_stub_epithets ... ok
2026-10-08T19:47:07.0070940Z test mid_run_race_physics_documented_in_research ... ok
2026-10-08T19:47:07.0071614Z test place_and_show_fans_are_lower_than_win ... ok
2026-10-08T19:47:07.0071850Z 
2026-10-08T19:47:07.0072112Z test result: ok. 3 passed; 0 failed; 0 ignored; 0 measured; 0 filtered out; finished in 0.00s
2026-10-08T19:47:07.0072528Z 
2026-10-08T19:47:07.0074208Z [1m[92m     Running[0m tests/race_perf_r89.rs (target/debug/deps/race_perf_r89-b66ddbff0f943165)
2026-10-08T19:47:07.0086944Z 
2026-10-08T19:47:07.0087133Z running 2 tests
2026-10-08T19:47:07.1844680Z test physics_career_race_budget_under_250ms ... ok
2026-10-08T19:47:08.3996376Z test eighteen_horse_2000m_under_10ms_p50 ... ok
2026-10-08T19:47:08.3996840Z 
2026-10-08T19:47:08.3997290Z test result: ok. 2 passed; 0 failed; 0 ignored; 0 measured; 0 filtered out; finished in 1.39s
2026-10-08T19:47:08.3997934Z 
2026-10-08T19:47:08.4006432Z [1m[92m     Running[0m tests/race_physics_r87.rs (target/debug/deps/race_physics_r87-792eb495763192b6)
2026-10-08T19:47:08.4021826Z 
2026-10-08T19:47:08.4022027Z running 3 tests
2026-10-08T19:47:08.4029905Z test stub_default_debut_still_places_first ... ok
2026-10-08T19:47:08.4870307Z test physics_debut_race_returns_real_order_not_always_first ... ok
2026-10-08T19:47:08.5838992Z test physics_full_career_completes_with_varied_or_non_first_places ... ok
2026-10-08T19:47:08.5840035Z 
2026-10-08T19:47:08.5841299Z test result: ok. 3 passed; 0 failed; 0 ignored; 0 measured; 0 filtered out; finished in 0.18s
2026-10-08T19:47:08.5842422Z 
2026-10-08T19:47:08.5851043Z [1m[92m     Running[0m tests/race_scheduler.rs (target/debug/deps/race_scheduler-72c90596173a56c3)
2026-10-08T19:47:08.5862418Z 
2026-10-08T19:47:08.5862628Z running 4 tests
2026-10-08T19:47:08.5866197Z test skips_early_turns ... ok
2026-10-08T19:47:08.5866818Z test skips_non_free_phase ... ok
2026-10-08T19:47:08.5867368Z test skips_when_fans_high ... ok
2026-10-08T19:47:08.5867789Z test suggests_race_when_fans_low ... ok
2026-10-08T19:47:08.5868179Z 
2026-10-08T19:47:08.5868833Z test result: ok. 4 passed; 0 failed; 0 ignored; 0 measured; 0 filtered out; finished in 0.00s
2026-10-08T19:47:08.5869402Z 
2026-10-08T19:47:08.5870149Z [1m[92m     Running[0m tests/race_v4_dist.rs (target/debug/deps/race_v4_dist-948f119ece761ed6)
2026-10-08T19:47:08.5882103Z 
2026-10-08T19:47:08.5882283Z running 2 tests
2026-10-08T19:47:09.1761971Z test r86_v4_career_physics_logs_emit_place_and_margins ... ok
2026-10-08T19:47:09.8314584Z test r86_v4_place_margin_distribution_soft_gate ... ok
2026-10-08T19:47:09.8315633Z 
2026-10-08T19:47:09.8316607Z test result: ok. 2 passed; 0 failed; 0 ignored; 0 measured; 0 filtered out; finished in 1.24s
2026-10-08T19:47:09.8317816Z 
2026-10-08T19:47:09.8325297Z [1m[92m     Running[0m tests/rest_policy_external_stub.rs (target/debug/deps/rest_policy_external_stub-480ac7d9f4f5276f)
2026-10-08T19:47:09.8340395Z 
2026-10-08T19:47:09.8340549Z running 1 test
2026-10-08T19:47:10.2176823Z test policy_external_positive_path_with_stub ... ok
2026-10-08T19:47:10.2177400Z 
2026-10-08T19:47:10.2177899Z test result: ok. 1 passed; 0 failed; 0 ignored; 0 measured; 0 filtered out; finished in 0.38s
2026-10-08T19:47:10.2178584Z 
2026-10-08T19:47:10.2201542Z [1m[92m     Running[0m tests/scenario_depth.rs (target/debug/deps/scenario_depth-1119343b4c225ea1)
2026-10-08T19:47:10.2212220Z 
2026-10-08T19:47:10.2212441Z running 4 tests
2026-10-08T19:47:10.2216917Z test grand_concert_promo_mandatory_at_turn_36 ... ok
2026-10-08T19:47:10.2217579Z test happy_meek_badge_rolls_on_turn_start ... ok
2026-10-08T19:47:10.2218246Z test grand_concert_perfect_when_18_songs_and_great_success ... ok
2026-10-08T19:47:10.2219662Z test unity_extreme_burst_consumes_ready_flag ... ok
2026-10-08T19:47:10.2220071Z 
2026-10-08T19:47:10.2220797Z test result: ok. 4 passed; 0 failed; 0 ignored; 0 measured; 0 filtered out; finished in 0.00s
2026-10-08T19:47:10.2222111Z [1m[92m     Running[0m tests/sim_engine.rs (target/debug/deps/sim_engine-7df509cf75fe5345)
2026-10-08T19:47:10.2222877Z 
2026-10-08T19:47:10.2234405Z 
2026-10-08T19:47:10.2234574Z running 10 tests
2026-10-08T19:47:10.2253180Z test mandatory_debut_race_on_turn_1 ... ok
2026-10-08T19:47:10.3212571Z test grand_concert_earns_performance_tokens ... ok
2026-10-08T19:47:10.3367810Z test snapshot_round_trip_preserves_turn ... ok
2026-10-08T19:47:10.3368848Z test speed_clamped_to_100 ... ok
2026-10-08T19:47:10.3389912Z test event_choice_updates_stats ... ok
2026-10-08T19:47:10.3394574Z test training_uses_formula_gain ... ok
2026-10-08T19:47:10.3395420Z test turbo_suppresses_dialogue ... ok
2026-10-08T19:47:10.3565482Z test same_seed_same_outcome ... ok
2026-10-08T19:47:10.3635498Z test trackblazer_earns_coins_on_race ... ok
2026-10-08T19:47:10.4352193Z test completes_72_turn_career ... ok
2026-10-08T19:47:10.4352610Z 
2026-10-08T19:47:10.4353052Z test result: ok. 10 passed; 0 failed; 0 ignored; 0 measured; 0 filtered out; finished in 0.21s
2026-10-08T19:47:10.4353655Z 
2026-10-08T19:47:10.4363341Z [1m[92m     Running[0m tests/sim_telemetry_export.rs (target/debug/deps/sim_telemetry_export-85f711ca6de494fe)
2026-10-08T19:47:10.4377818Z 
2026-10-08T19:47:10.4377999Z running 2 tests
2026-10-08T19:47:10.5399464Z test export_jsonl_matches_android_turn_shape ... ok
2026-10-08T19:47:10.9622199Z test bot_run_produces_calibration_ready_training_records ... ok
2026-10-08T19:47:10.9623048Z 
2026-10-08T19:47:10.9624175Z test result: ok. 2 passed; 0 failed; 0 ignored; 0 measured; 0 filtered out; finished in 0.52s
2026-10-08T19:47:10.9625221Z 
2026-10-08T19:47:10.9633031Z [1m[92m     Running[0m tests/skill_catalog_display.rs (target/debug/deps/skill_catalog_display-890ce50352fb1817)
2026-10-08T19:47:10.9645597Z 
2026-10-08T19:47:10.9645943Z running 1 test
2026-10-08T19:47:10.9650673Z test display_projection_preserves_name_lookup_and_failed_load_semantics ... ok
2026-10-08T19:47:10.9651191Z 
2026-10-08T19:47:10.9651496Z test result: ok. 1 passed; 0 failed; 0 ignored; 0 measured; 0 filtered out; finished in 0.00s
2026-10-08T19:47:10.9652019Z 
2026-10-08T19:47:10.9653461Z [1m[92m     Running[0m tests/skill_hint_routing.rs (target/debug/deps/skill_hint_routing-18287bcf48fe9db6)
2026-10-08T19:47:10.9664127Z 
2026-10-08T19:47:10.9664283Z running 2 tests
2026-10-08T19:47:10.9979651Z test trainee_skills_event_loaded_for_special_week ... ok
2026-10-08T19:47:11.2876768Z test skill_catalog_resolves_hydrate_or_loads ... ok
2026-10-08T19:47:11.2877474Z 
2026-10-08T19:47:11.2878030Z test result: ok. 2 passed; 0 failed; 0 ignored; 0 measured; 0 filtered out; finished in 0.32s
2026-10-08T19:47:11.2879527Z 
2026-10-08T19:47:11.2899968Z [1m[92m     Running[0m tests/soft_cap.rs (target/debug/deps/soft_cap-917785d16b4a2e3a)
2026-10-08T19:47:11.2911286Z 
2026-10-08T19:47:11.2911598Z running 2 tests
2026-10-08T19:47:11.2913949Z test shared_multiplier_matches_scoring_shared ... ok
2026-10-08T19:47:11.2914539Z test spark_cap_raises_hard_cap_before_soft_cap_blend ... ok
2026-10-08T19:47:11.2914899Z 
2026-10-08T19:47:11.2915582Z test result: ok. 2 passed; 0 failed; 0 ignored; 0 measured; 0 filtered out; finished in 0.00s
2026-10-08T19:47:11.2916244Z 
2026-10-08T19:47:11.2916803Z [1m[92m     Running[0m tests/spark_generation.rs (target/debug/deps/spark_generation-68c36383b5336bda)
2026-10-08T19:47:11.2929802Z 
2026-10-08T19:47:11.2930071Z running 5 tests
2026-10-08T19:47:11.2934866Z test blue_bands_never_roll_3star_below_600 ... ok
2026-10-08T19:47:11.2935474Z test grade_quality_ue_can_roll_3star ... ok
2026-10-08T19:47:11.2936077Z test red_star_distribution_covers_1_2_3 ... ok
2026-10-08T19:47:11.6752179Z test completed_career_emits_blue_and_green_sparks ... ok
2026-10-08T19:47:11.6773894Z test spark_generation_does_not_change_career_rng_call_count ... ok
2026-10-08T19:47:11.6774296Z 
2026-10-08T19:47:11.6774564Z test result: ok. 5 passed; 0 failed; 0 ignored; 0 measured; 0 filtered out; finished in 0.38s
2026-10-08T19:47:11.6774929Z 
2026-10-08T19:47:11.6795546Z [1m[92m     Running[0m tests/support_catalog.rs (target/debug/deps/support_catalog-12bfdec8355b36ac)
2026-10-08T19:47:11.6806450Z 
2026-10-08T19:47:11.6806654Z running 1 test
2026-10-08T19:47:11.8007556Z test loads_special_week_from_kb_when_available ... ok
2026-10-08T19:47:11.8007881Z 
2026-10-08T19:47:11.8008151Z test result: ok. 1 passed; 0 failed; 0 ignored; 0 measured; 0 filtered out; finished in 0.12s
2026-10-08T19:47:11.8008722Z 
2026-10-08T19:47:11.8026502Z [1m[92m     Running[0m tests/telemetry_replay.rs (target/debug/deps/telemetry_replay-2a57734a7d2299fc)
2026-10-08T19:47:11.8040127Z 
2026-10-08T19:47:11.8040339Z running 2 tests
2026-10-08T19:47:11.8229595Z test event_fixtures_exact_match ... ok
2026-10-08T19:47:11.8230213Z test replay_fixtures_match_at_least_90_percent ... ok
2026-10-08T19:47:11.8230592Z 
2026-10-08T19:47:11.8231018Z test result: ok. 2 passed; 0 failed; 0 ignored; 0 measured; 0 filtered out; finished in 0.02s
2026-10-08T19:47:11.8231653Z 
2026-10-08T19:47:11.8235172Z [1m[92m     Running[0m tests/trainee_catalog.rs (target/debug/deps/trainee_catalog-1ed3c0a9294336c2)
2026-10-08T19:47:11.8246425Z 
2026-10-08T19:47:11.8246628Z running 3 tests
2026-10-08T19:47:11.8561781Z test loads_special_week_growth_from_kb ... ok
2026-10-08T19:47:11.8562342Z test list_all_excludes_staff_and_non_card_chars ... ok
2026-10-08T19:47:11.8567496Z test growth_pct_boosts_training_gain ... ok
2026-10-08T19:47:11.8567903Z 
2026-10-08T19:47:11.8568302Z test result: ok. 3 passed; 0 failed; 0 ignored; 0 measured; 0 filtered out; finished in 0.03s
2026-10-08T19:47:11.8569445Z 
2026-10-08T19:47:11.8574524Z [1m[92m     Running[0m tests/training_failure_config.rs (target/debug/deps/training_failure_config-e5dd3180913d3c89)
2026-10-08T19:47:11.8585644Z 
2026-10-08T19:47:11.8585804Z running 3 tests
2026-10-08T19:47:11.8589159Z test awful_mood_increases_failure ... ok
2026-10-08T19:47:11.8589752Z test low_energy_increases_failure ... ok
2026-10-08T19:47:11.8592244Z test rainbow_activates_friendship_for_all_cards_on_facility ... ok
2026-10-08T19:47:11.8592565Z 
2026-10-08T19:47:11.8592858Z test result: ok. 3 passed; 0 failed; 0 ignored; 0 measured; 0 filtered out; finished in 0.00s
2026-10-08T19:47:11.8593214Z 
2026-10-08T19:47:11.8594768Z [1m[92m     Running[0m tests/training_failure_penalty.rs (target/debug/deps/training_failure_penalty-40ce375d01f8b3f4)
2026-10-08T19:47:11.8606989Z 
2026-10-08T19:47:11.8607146Z running 4 tests
2026-10-08T19:47:11.8613688Z test certain_injury_chance_applies_injury_flag ... ok
2026-10-08T19:47:11.8614402Z test injured_trainee_blocked_from_training ... ok
2026-10-08T19:47:11.8615811Z test rest_clears_injury ... ok
2026-10-08T19:47:11.8620410Z test wit_training_restores_energy ... ok
2026-10-08T19:47:11.8620701Z 
2026-10-08T19:47:11.8620973Z test result: ok. 4 passed; 0 failed; 0 ignored; 0 measured; 0 filtered out; finished in 0.00s
2026-10-08T19:47:11.8621330Z 
2026-10-08T19:47:11.8624081Z [1m[92m     Running[0m tests/training_inspection.rs (target/debug/deps/training_inspection-8fa9ecb80fb7751b)
2026-10-08T19:47:11.8636295Z 
2026-10-08T19:47:11.8636454Z running 7 tests
2026-10-08T19:47:11.8663012Z test current_energy_risk_uses_the_native_post_cost_boundary ... ok
2026-10-08T19:47:11.8699914Z test repeated_inspection_preserves_snapshot_rng_and_next_action ... ok
2026-10-08T19:47:11.8719306Z test samples_stay_raw_while_energy_recovery_respects_the_cap ... ok
2026-10-08T19:47:11.8779743Z test scenario_zero_failure_and_effective_unity_level_are_inspected ... ok
2026-10-08T19:47:11.8792348Z test unavailable_phases_and_blocked_rows_have_no_attempt_results ... ok
2026-10-08T19:47:11.8836799Z test actual_cli_refuses_arguments_and_unreadable_sessions_without_writes ... ok
2026-10-08T19:47:14.3816652Z test actual_cli_inspects_saved_native_career_without_rewriting_it ... ok
2026-10-08T19:47:14.3817150Z 
2026-10-08T19:47:14.3817517Z test result: ok. 7 passed; 0 failed; 0 ignored; 0 measured; 0 filtered out; finished in 2.52s
2026-10-08T19:47:14.3818061Z 
2026-10-08T19:47:14.3820975Z [1m[92m     Running[0m tests/training_resolver.rs (target/debug/deps/training_resolver-efededd8d228c80f)
2026-10-08T19:47:14.3831917Z 
2026-10-08T19:47:14.3832117Z running 2 tests
2026-10-08T19:47:14.3834992Z test power_training_secondary_is_stamina ... ok
2026-10-08T19:47:14.3841853Z test tertiary_gain_is_twenty_percent_of_main ... ok
2026-10-08T19:47:14.3842324Z 
2026-10-08T19:47:14.3842706Z test result: ok. 2 passed; 0 failed; 0 ignored; 0 measured; 0 filtered out; finished in 0.00s
2026-10-08T19:47:14.3843190Z 
2026-10-08T19:47:14.3844177Z [1m[92m     Running[0m tests/unity_trackblazer_mechanics.rs (target/debug/deps/unity_trackblazer_mechanics-2083eea53868887a)
2026-10-08T19:47:14.3854974Z 
2026-10-08T19:47:14.3855256Z running 20 tests
2026-10-08T19:47:14.3859062Z test trackblazer_climax2_gap_documented ... ok
2026-10-08T19:47:14.3860302Z test trackblazer_climax_awards_victory_points ... ok
2026-10-08T19:47:14.3861091Z test trackblazer_climax_pays_more_coins ... ok
2026-10-08T19:47:14.3865512Z test trackblazer_epithet_gap_documented ... ok
2026-10-08T19:47:14.3867496Z test trackblazer_inventory_gap_documented ... ok
2026-10-08T19:47:14.3869959Z test trackblazer_megaphone_training_multiplier ... ok
2026-10-08T19:47:14.3870742Z test trackblazer_shop_opens_on_interval ... ok
2026-10-08T19:47:14.3871324Z test trackblazer_rival_gap_documented ... ok
2026-10-08T19:47:14.3872037Z test trackblazer_shop_roll_is_deterministic ... ok
2026-10-08T19:47:14.3873324Z test trackblazer_shop_purchase_deducts_coins_and_applies_stats ... ok
2026-10-08T19:47:14.3874379Z test unity_per_leg_gap_documented ... ok
2026-10-08T19:47:14.4044265Z test trackblazer_speed_charm_effects_raise_speed ... ok
2026-10-08T19:47:14.4045157Z test trackblazer_shop_sale_reduces_purchase_cost ... ok
2026-10-08T19:47:14.4046379Z test unity_extreme_burst_grants_ignited_spirit_hint ... ok
2026-10-08T19:47:14.4047483Z test unity_spirit_burst_at_research_threshold ... ok
2026-10-08T19:47:14.4048568Z test unity_plugin_syncs_facility_levels_from_rank ... ok
2026-10-08T19:47:14.4050133Z test unity_team_race_win_counts_five_legs_and_zenith ... ok
2026-10-08T19:47:14.4050972Z test unity_teammate_share_gap_documented ... ok
2026-10-08T19:47:14.4051775Z test unity_team_rank_maps_to_facility_level ... ok
2026-10-08T19:47:14.4052560Z test unity_spirit_burst_bumps_team_rank ... ok
2026-10-08T19:47:14.4053123Z 
2026-10-08T19:47:14.4053722Z test result: ok. 20 passed; 0 failed; 0 ignored; 0 measured; 0 filtered out; finished in 0.02s
2026-10-08T19:47:14.4055034Z 
2026-10-08T19:47:14.4057372Z [1m[92m     Running[0m tests/ura_mechanics.rs (target/debug/deps/ura_mechanics-d01cb73d8f52df87)
2026-10-08T19:47:14.4068059Z 
2026-10-08T19:47:14.4068264Z running 9 tests
2026-10-08T19:47:14.4071568Z test choose_duel_falls_back_to_best_odds_when_no_good_target ... ok
2026-10-08T19:47:14.4072534Z test choose_duel_prefers_good_odds_target_stat ... ok
2026-10-08T19:47:14.4073363Z test duel_win_grants_racing_spirit_hint ... ok
2026-10-08T19:47:14.4076060Z test duel_training_bias_boosts_badged_facility ... ok
2026-10-08T19:47:14.4076774Z test duel_accepts_bad_odds_when_failure_within_pct ... ok
2026-10-08T19:47:14.4077456Z test duel_win_raises_cap_and_meek_level ... ok
2026-10-08T19:47:14.4078241Z test max_level_meek_win_unlocks_past_my_limits ... ok
2026-10-08T19:47:14.4079206Z test training_on_badged_facility_triggers_duel_event ... ok
2026-10-08T19:47:14.4081133Z test ura_finale_distance_gap_documented ... ok
2026-10-08T19:47:14.4081532Z 
2026-10-08T19:47:14.4081977Z test result: ok. 9 passed; 0 failed; 0 ignored; 0 measured; 0 filtered out; finished in 0.00s
2026-10-08T19:47:14.4082577Z 
2026-10-08T19:47:14.4083016Z [1m[92m   Doc-tests[0m uma_race_core
2026-10-08T19:47:15.0543643Z 
2026-10-08T19:47:15.0544454Z running 0 tests
2026-10-08T19:47:15.0544737Z 
2026-10-08T19:47:15.0545167Z test result: ok. 0 passed; 0 failed; 0 ignored; 0 measured; 0 filtered out; finished in 0.00s
2026-10-08T19:47:15.0545746Z 
2026-10-08T19:47:15.0734094Z [1m[92m   Doc-tests[0m uma_sim_core
2026-10-08T19:47:15.4429625Z 
2026-10-08T19:47:15.4430160Z running 0 tests
2026-10-08T19:47:15.4430450Z 
2026-10-08T19:47:15.4430815Z test result: ok. 0 passed; 0 failed; 0 ignored; 0 measured; 0 filtered out; finished in 0.00s
2026-10-08T19:47:15.4431206Z 
2026-10-08T19:47:15.4540361Z ##[group]Run cargo build --locked --release --features embed-ui -p uma-sim-core
2026-10-08T19:47:15.4541353Z [36;1mcargo build --locked --release --features embed-ui -p uma-sim-core[0m
2026-10-08T19:47:15.4611192Z shell: /usr/bin/bash -e {0}
2026-10-08T19:47:15.4611488Z env:
2026-10-08T19:47:15.4611716Z   CARGO_HOME: /home/runner/.cargo
2026-10-08T19:47:15.4611997Z   CARGO_INCREMENTAL: 0
2026-10-08T19:47:15.4612244Z   CARGO_TERM_COLOR: always
2026-10-08T19:47:15.4612485Z   CACHE_ON_FAILURE: false
2026-10-08T19:47:15.4612723Z ##[endgroup]
2026-10-08T19:47:15.5540760Z [1m[92m   Compiling[0m uma-sim-core v0.1.0 (/home/runner/work/uma-sim/uma-sim/uma-sim-core)
2026-10-08T19:47:15.5542392Z [1m[92m   Compiling[0m uma-race-core v0.1.0 (/home/runner/work/uma-sim/uma-sim/uma-race-core)
2026-10-08T19:47:33.2211473Z [1m[92m    Finished[0m `release` profile [optimized] target(s) in 17.74s
2026-10-08T19:47:33.2365328Z ##[group]Run actions/setup-node@820762786026740c76f36085b0efc47a31fe5020
2026-10-08T19:47:33.2365740Z with:
2026-10-08T19:47:33.2365957Z   node-version: 20
2026-10-08T19:47:33.2366180Z   check-latest: false
2026-10-08T19:47:33.2369037Z   token: ***
2026-10-08T19:47:33.2369281Z   package-manager-cache: true
2026-10-08T19:47:33.2369548Z env:
2026-10-08T19:47:33.2369756Z   CARGO_HOME: /home/runner/.cargo
2026-10-08T19:47:33.2370024Z   CARGO_INCREMENTAL: 0
2026-10-08T19:47:33.2370256Z   CARGO_TERM_COLOR: always
2026-10-08T19:47:33.2370496Z   CACHE_ON_FAILURE: false
2026-10-08T19:47:33.2370737Z ##[endgroup]
2026-10-08T19:47:33.3679076Z Attempting to download 20...
2026-10-08T19:47:33.8919571Z Acquiring 20.20.2 - x64 from https://github.com/actions/node-versions/releases/download/20.20.2-23521894959/node-20.20.2-linux-x64.tar.gz
2026-10-08T19:47:34.2288643Z Extracting ...
2026-10-08T19:47:34.2431572Z [command]/usr/bin/tar xz --strip 1 --warning=no-unknown-keyword --overwrite -C /home/runner/work/_temp/4e8aa97a-adf9-4e57-9ffd-e8a94915e52f -f /home/runner/work/_temp/c5c90edf-e5e3-4b5d-ab27-7a43b2b2550d
2026-10-08T19:47:35.2354198Z Adding to the cache ...
2026-10-08T19:47:37.1766715Z ##[group]Environment details
2026-10-08T19:47:37.4065577Z node: v20.20.2
2026-10-08T19:47:37.4066092Z npm: 10.8.2
2026-10-08T19:47:37.4066386Z yarn: 1.22.22
2026-10-08T19:47:37.4067011Z ##[endgroup]
2026-10-08T19:47:37.4254258Z ##[group]Run npm --prefix packages/uma-sim-cli run test:tui:native
2026-10-08T19:47:37.4254783Z [36;1mnpm --prefix packages/uma-sim-cli run test:tui:native[0m
2026-10-08T19:47:37.4320702Z shell: /usr/bin/bash -e {0}
2026-10-08T19:47:37.4321004Z env:
2026-10-08T19:47:37.4321240Z   CARGO_HOME: /home/runner/.cargo
2026-10-08T19:47:37.4321545Z   CARGO_INCREMENTAL: 0
2026-10-08T19:47:37.4321815Z   CARGO_TERM_COLOR: always
2026-10-08T19:47:37.4322084Z   CACHE_ON_FAILURE: false
2026-10-08T19:47:37.4322503Z   UMA_SIM_NATIVE_API: /home/runner/work/uma-sim/uma-sim/target/release/uma-sim-api
2026-10-08T19:47:37.4323090Z   UMA_TUI_RECEIPTS: /home/runner/work/_temp/uma-terminal-checkpoints
2026-10-08T19:47:37.4323497Z ##[endgroup]
2026-10-08T19:47:37.5487108Z 
2026-10-08T19:47:37.5496593Z > uma-sim-cli@0.1.0 test:tui:native
2026-10-08T19:47:37.5497467Z > node --test tests/tui-checkpoints.native.mjs
2026-10-08T19:47:37.5497878Z 
2026-10-08T19:47:37.5890315Z TAP version 13
2026-10-08T19:47:39.6449631Z # Subtest: native checkpoint survives an actual process restart and resumes the exact next RNG step
2026-10-08T19:47:39.6460155Z ok 1 - native checkpoint survives an actual process restart and resumes the exact next RNG step
2026-10-08T19:47:39.6461602Z   ---
2026-10-08T19:47:39.6462270Z   duration_ms: 2012.41185
2026-10-08T19:47:39.6463275Z   ...
2026-10-08T19:47:40.3546763Z # Subtest: native create-only save preserves an earlier checkpoint and reports actual storage refusal
2026-10-08T19:47:40.3548169Z ok 2 - native create-only save preserves an earlier checkpoint and reports actual storage refusal
2026-10-08T19:47:40.3549762Z   ---
2026-10-08T19:47:40.3550140Z   duration_ms: 709.983054
2026-10-08T19:47:40.3550581Z   ...
2026-10-08T19:47:41.3556228Z # Subtest: native missing and incompatible checkpoints refuse without replacement; compatibility advisories remain visible
2026-10-08T19:47:41.3557850Z ok 3 - native missing and incompatible checkpoints refuse without replacement; compatibility advisories remain visible
2026-10-08T19:47:41.3558821Z   ---
2026-10-08T19:47:41.3559074Z   duration_ms: 1000.944366
2026-10-08T19:47:41.3559329Z   ...
2026-10-08T19:47:42.0992321Z # Subtest: native committed save with disconnect reports uncertainty and is not replayed
2026-10-08T19:47:42.0993699Z ok 4 - native committed save with disconnect reports uncertainty and is not replayed
2026-10-08T19:47:42.0994596Z   ---
2026-10-08T19:47:42.0994998Z   duration_ms: 743.783178
2026-10-08T19:47:42.0997332Z   ...
2026-10-08T19:47:42.8418837Z # Subtest: native committed save with invalid JSON reports uncertainty and is not replayed
2026-10-08T19:47:42.8422059Z ok 5 - native committed save with invalid JSON reports uncertainty and is not replayed
2026-10-08T19:47:42.8422854Z   ---
2026-10-08T19:47:42.8423368Z   duration_ms: 742.49392
2026-10-08T19:47:42.8423817Z   ...
2026-10-08T19:47:43.5026211Z # Subtest: native committed fork with disconnect reports uncertainty and is not replayed
2026-10-08T19:47:43.5035815Z ok 6 - native committed fork with disconnect reports uncertainty and is not replayed
2026-10-08T19:47:43.5040088Z   ---
2026-10-08T19:47:43.5040589Z   duration_ms: 660.779299
2026-10-08T19:47:43.5041303Z   ...
2026-10-08T19:47:44.1719009Z # Subtest: native committed fork with invalid JSON reports uncertainty and is not replayed
2026-10-08T19:47:44.1720117Z ok 7 - native committed fork with invalid JSON reports uncertainty and is not replayed
2026-10-08T19:47:44.1720652Z   ---
2026-10-08T19:47:44.1720912Z   duration_ms: 668.714462
2026-10-08T19:47:44.1721193Z   ...
2026-10-08T19:47:44.8552890Z # Subtest: native EOF after committed save preserves resumable state without replay
2026-10-08T19:47:44.8554504Z ok 8 - native EOF after committed save preserves resumable state without replay
2026-10-08T19:47:44.8555123Z   ---
2026-10-08T19:47:44.8555400Z   duration_ms: 683.77937
2026-10-08T19:47:44.8556021Z   ...
2026-10-08T19:47:45.5430331Z # Subtest: native SIGINT after committed save preserves resumable state without replay
2026-10-08T19:47:45.5432759Z ok 9 - native SIGINT after committed save preserves resumable state without replay
2026-10-08T19:47:45.5433753Z   ---
2026-10-08T19:47:45.5434532Z   duration_ms: 687.54603
2026-10-08T19:47:45.5435315Z   ...
2026-10-08T19:47:46.2103233Z # Subtest: native EOF after committed fork preserves resumable state without replay
2026-10-08T19:47:46.2104898Z ok 10 - native EOF after committed fork preserves resumable state without replay
2026-10-08T19:47:46.2105707Z   ---
2026-10-08T19:47:46.2106134Z   duration_ms: 667.200223
2026-10-08T19:47:46.2106618Z   ...
2026-10-08T19:47:46.8824311Z # Subtest: native SIGINT after committed fork preserves resumable state without replay
2026-10-08T19:47:46.8826156Z ok 11 - native SIGINT after committed fork preserves resumable state without replay
2026-10-08T19:47:46.8827058Z   ---
2026-10-08T19:47:46.8827520Z   duration_ms: 671.782045
2026-10-08T19:47:46.8827999Z   ...
2026-10-08T19:47:46.9069329Z 1..11
2026-10-08T19:47:46.9069844Z # tests 11
2026-10-08T19:47:46.9070204Z # suites 0
2026-10-08T19:47:46.9072272Z # pass 11
2026-10-08T19:47:46.9073061Z # fail 0
2026-10-08T19:47:46.9079524Z # cancelled 0
2026-10-08T19:47:46.9094093Z # skipped 0
2026-10-08T19:47:46.9094452Z # todo 0
2026-10-08T19:47:46.9094760Z # duration_ms 9327.557696
2026-10-08T19:47:46.9224185Z ##[group]Run actions/upload-artifact@043fb46d1a93c77aae656e7c1c64a875d1fc6a0a
2026-10-08T19:47:46.9224625Z with:
2026-10-08T19:47:46.9224873Z   name: uma-terminal-checkpoint-receiving
2026-10-08T19:47:46.9225236Z   path: /home/runner/work/_temp/uma-terminal-checkpoints
2026-10-08T19:47:46.9225575Z   if-no-files-found: warn
2026-10-08T19:47:46.9225815Z   compression-level: 6
2026-10-08T19:47:46.9226041Z   overwrite: false
2026-10-08T19:47:46.9226273Z   include-hidden-files: false
2026-10-08T19:47:46.9226519Z   archive: true
2026-10-08T19:47:46.9226739Z env:
2026-10-08T19:47:46.9226950Z   CARGO_HOME: /home/runner/.cargo
2026-10-08T19:47:46.9227205Z   CARGO_INCREMENTAL: 0
2026-10-08T19:47:46.9227433Z   CARGO_TERM_COLOR: always
2026-10-08T19:47:46.9227673Z   CACHE_ON_FAILURE: false
2026-10-08T19:47:46.9227901Z ##[endgroup]
2026-10-08T19:47:47.0716142Z With the provided path, there will be 12 files uploaded
2026-10-08T19:47:47.0722918Z Artifact name is valid!
2026-10-08T19:47:47.0723907Z Root directory input is valid!
2026-10-08T19:47:47.2533396Z Uploading artifact: uma-terminal-checkpoint-receiving.zip
2026-10-08T19:47:47.2609257Z Beginning upload of artifact content to blob storage
2026-10-08T19:47:47.3509754Z Uploaded bytes 21744
2026-10-08T19:47:47.3635261Z Finished uploading artifact content to blob storage!
2026-10-08T19:47:47.3636719Z SHA256 digest of uploaded artifact is 81bee03d8242aacc58a194a9d87cea50ec530d9c114bc17fbf8340a32a0de81c
2026-10-08T19:47:47.3638664Z Finalizing artifact upload
2026-10-08T19:47:47.6054958Z Artifact uma-terminal-checkpoint-receiving successfully finalized. Artifact ID 11575520636
2026-10-08T19:47:47.6057641Z Artifact uma-terminal-checkpoint-receiving has been successfully uploaded! Final size is 21744 bytes. Artifact ID is 11575520636
2026-10-08T19:47:47.6060413Z Artifact download URL: https://github.com/Jacob-Met/uma-sim/actions/runs/37834166512/artifacts/11575520636
2026-10-08T19:47:47.6177667Z ##[group]Run node --test packages/uma-sim-mcp/tests/*native.test.mjs
2026-10-08T19:47:47.6189613Z [36;1mnode --test packages/uma-sim-mcp/tests/*native.test.mjs[0m
2026-10-08T19:47:47.6252716Z shell: /usr/bin/bash -e {0}
2026-10-08T19:47:47.6253035Z env:
2026-10-08T19:47:47.6253288Z   CARGO_HOME: /home/runner/.cargo
2026-10-08T19:47:47.6253619Z   CARGO_INCREMENTAL: 0
2026-10-08T19:47:47.6253896Z   CARGO_TERM_COLOR: always
2026-10-08T19:47:47.6254189Z   CACHE_ON_FAILURE: false
2026-10-08T19:47:47.6254639Z   UMA_SIM_TEST_API_BIN: /home/runner/work/uma-sim/uma-sim/target/release/uma-sim-api
2026-10-08T19:47:47.6255258Z   UMA_SIM_TEST_OUTPUT_DIR: /home/runner/work/_temp/uma-sim-mcp-native
2026-10-08T19:47:47.6256063Z   UMA_SIM_TEST_RECEIVING_COMMIT: c8cb47c0d081c018af1d44af2f9a49ff9ab6bdcc
2026-10-08T19:47:47.6256532Z ##[endgroup]
2026-10-08T19:47:47.6755187Z TAP version 13
2026-10-08T19:47:48.4690564Z # Subtest: native receiving contract: independent forks, immutable checkpoints, typed errors, isolated branches and reports
2026-10-08T19:47:48.4719647Z     # Subtest: save/export/import preserve the native snapshot, and conflicting writes preserve previous bytes
2026-10-08T19:47:48.4728592Z     ok 1 - save/export/import preserve the native snapshot, and conflicting writes preserve previous bytes
2026-10-08T19:47:48.4749303Z       ---
2026-10-08T19:47:48.4780744Z       duration_ms: 168.894955
2026-10-08T19:47:48.4789357Z       ...
2026-10-08T19:47:48.6792553Z     # Subtest: forking and named actions do not mutate the source, sibling or saved checkpoint
2026-10-08T19:47:48.6810123Z     ok 2 - forking and named actions do not mutate the source, sibling or saved checkpoint
2026-10-08T19:47:48.6818021Z       ---
2026-10-08T19:47:48.6818803Z       duration_ms: 213.011343
2026-10-08T19:47:48.6819414Z       ...
2026-10-08T19:47:48.8243840Z     # Subtest: incompatible checkpoint metadata returns real 422 and preserves the target session
2026-10-08T19:47:48.8245462Z     ok 3 - incompatible checkpoint metadata returns real 422 and preserves the target session
2026-10-08T19:47:48.8251525Z       ---
2026-10-08T19:47:48.8252031Z       duration_ms: 144.755998
2026-10-08T19:47:48.8252605Z       ...
2026-10-08T19:47:49.1565919Z     # Subtest: known empty-session ambiguity is stopped while explicit activation/fork retain correct default semantics
2026-10-08T19:47:49.1567768Z     ok 4 - known empty-session ambiguity is stopped while explicit activation/fork retain correct default semantics
2026-10-08T19:47:49.1590201Z       ---
2026-10-08T19:47:49.1590912Z       duration_ms: 330.020443
2026-10-08T19:47:49.1629192Z       ...
2026-10-08T19:47:49.2537835Z     # Subtest: external-policy 503 survives MCP and leaves turn, RNG, speed and active session unchanged
2026-10-08T19:47:49.2540193Z     ok 5 - external-policy 503 survives MCP and leaves turn, RNG, speed and active session unchanged
2026-10-08T19:47:49.2541370Z       ---
2026-10-08T19:47:49.2541929Z       duration_ms: 93.106435
2026-10-08T19:47:49.2542523Z       ...
2026-10-08T19:47:49.5770558Z     # Subtest: branches compare actual decisions while preserving live sessions and checkpoint bytes
2026-10-08T19:47:49.5772338Z     ok 6 - branches compare actual decisions while preserving live sessions and checkpoint bytes
2026-10-08T19:47:49.5773617Z       ---
2026-10-08T19:47:49.5774233Z       duration_ms: 328.880851
2026-10-08T19:47:49.5774919Z       ...
2026-10-08T19:47:49.7169219Z     # Subtest: invalid branch/import operations and deletions preserve unrelated native state
2026-10-08T19:47:49.7170658Z     ok 7 - invalid branch/import operations and deletions preserve unrelated native state
2026-10-08T19:47:49.7171978Z       ---
2026-10-08T19:47:49.7172291Z       duration_ms: 140.02835
2026-10-08T19:47:49.7172617Z       ...
2026-10-08T19:47:49.7375415Z     1..7
2026-10-08T19:47:49.7377032Z ok 1 - native receiving contract: independent forks, immutable checkpoints, typed errors, isolated branches and reports
2026-10-08T19:47:49.7377904Z   ---
2026-10-08T19:47:49.7379070Z   duration_ms: 2010.062592
2026-10-08T19:47:49.7379725Z   ...
2026-10-08T19:47:49.7463130Z # Subtest: native receiving: fork contention has one winner and closing it without main preserves surviving careers
2026-10-08T19:47:49.7464984Z ok 2 - native receiving: fork contention has one winner and closing it without main preserves surviving careers
2026-10-08T19:47:49.7466033Z   ---
2026-10-08T19:47:49.7466472Z   duration_ms: 646.254277
2026-10-08T19:47:49.7466941Z   ...
2026-10-08T19:47:49.7469633Z # {"case":"concurrent-fork-and-no-main","winner":"receiving-fork-a","surviving":["receiving-a","receiving-b"],"a":"a502ad569824c7a85cb170bddfbc81c5ab907209f0f4e06d2e7d6338d35a31dd","b":"13faf490ead4c831441de908daa3320652b7a597a5f04de3ffe982a9dfe5addc"}
2026-10-08T19:47:49.7473039Z # Subtest: native receiving: external-policy refusal fully restores a non-active target and permits later continuation
2026-10-08T19:47:49.7474823Z ok 3 - native receiving: external-policy refusal fully restores a non-active target and permits later continuation
2026-10-08T19:47:49.7475800Z   ---
2026-10-08T19:47:49.7476210Z   duration_ms: 537.178841
2026-10-08T19:47:49.7476657Z   ...
2026-10-08T19:47:49.7479328Z # {"case":"non-active-503-rollback-and-continuation","unchangedTarget":"b895873da67403487af2a55ff0384e6747d8257dae8c70b49d761458503fc1cf","unchangedActive":"3861b6acaa29d1705943d4fc8cf64e9869b234b28866742f37a1e3c807545729","targetSpeed":3,"activeSpeed":7}
2026-10-08T19:47:49.7482012Z # Subtest: native receiving: global content reaches both existing careers and differs from an unloaded API control
2026-10-08T19:47:49.7482978Z ok 4 - native receiving: global content reaches both existing careers and differs from an unloaded API control
2026-10-08T19:47:49.7483515Z   ---
2026-10-08T19:47:49.7483727Z   duration_ms: 656.5016
2026-10-08T19:47:49.7483967Z   ...
2026-10-08T19:47:49.7485489Z # {"case":"global-content-native-control","loaded":500,"step":2,"turn":3,"a":"b05d66ba35aea6678e3d0811f45fc527b1f00b42f2660d90da5eefa2b85d641f","b":"b05d66ba35aea6678e3d0811f45fc527b1f00b42f2660d90da5eefa2b85d641f","unloaded":"7c8a5ff0ab8ef3dda322ab716fb6deb186d29fb36791b7007f33dc72351a770e","active":"pack-b"}
2026-10-08T19:47:49.7535525Z # Subtest: native REST/MCP training inspection uses retained career state without spending a turn
2026-10-08T19:47:49.7536947Z     # Subtest: missing career and unsupported methods refuse through existing REST semantics
2026-10-08T19:47:49.7538208Z     ok 1 - missing career and unsupported methods refuse through existing REST semantics
2026-10-08T19:47:49.7539417Z       ---
2026-10-08T19:47:49.7539871Z       duration_ms: 62.448058
2026-10-08T19:47:49.7540355Z       ...
2026-10-08T19:47:49.7541166Z     # Subtest: default and named selection preserve active fallback and sibling careers
2026-10-08T19:47:49.7542294Z     ok 2 - default and named selection preserve active fallback and sibling careers
2026-10-08T19:47:49.7542992Z       ---
2026-10-08T19:47:49.7543386Z       duration_ms: 757.748473
2026-10-08T19:47:49.7543864Z       ...
2026-10-08T19:47:49.7570134Z     # Subtest: native samples and next action remain exact in ura
2026-10-08T19:47:49.7572567Z     ok 3 - native samples and next action remain exact in ura
2026-10-08T19:47:49.7573165Z       ---
2026-10-08T19:47:49.7573538Z       duration_ms: 458.946726
2026-10-08T19:47:49.7573982Z       ...
2026-10-08T19:47:49.7574954Z     # Subtest: native samples and next action remain exact in unity
2026-10-08T19:47:49.7575876Z     ok 4 - native samples and next action remain exact in unity
2026-10-08T19:47:49.7576682Z       ---
2026-10-08T19:47:49.7577189Z       duration_ms: 472.33709
2026-10-08T19:47:49.7577705Z       ...
2026-10-08T19:47:50.2226531Z     # Subtest: native samples and next action remain exact in trackblazer
2026-10-08T19:47:50.2227652Z     ok 5 - native samples and next action remain exact in trackblazer
2026-10-08T19:47:50.2230709Z       ---
2026-10-08T19:47:50.2231103Z       duration_ms: 468.95612
2026-10-08T19:47:50.2231550Z       ...
2026-10-08T19:47:50.6958077Z     # Subtest: native samples and next action remain exact in grand_concert
2026-10-08T19:47:50.6959708Z     ok 6 - native samples and next action remain exact in grand_concert
2026-10-08T19:47:50.6960581Z       ---
2026-10-08T19:47:50.6961153Z       duration_ms: 472.569373
2026-10-08T19:47:50.6962112Z       ...
2026-10-08T19:47:51.5820241Z     # Subtest: admitted synthetic checkpoint states retain exact unavailable and blocked meanings
2026-10-08T19:47:51.5821390Z     ok 7 - admitted synthetic checkpoint states retain exact unavailable and blocked meanings
2026-10-08T19:47:51.5821889Z       ---
2026-10-08T19:47:51.5822114Z       duration_ms: 886.640979
2026-10-08T19:47:51.5822746Z       ...
2026-10-08T19:47:51.6270671Z # TRAINING_RECEIVING {   "version": 1,   "receivingCommit": "c8cb47c0d081c018af1d44af2f9a49ff9ab6bdcc",   "cli": "/home/runner/work/uma-sim/uma-sim/target/release/uma-sim",   "cliSha256": "a3f4cbcc1d243ca6c7a679f7e9938b4213d08a48bf90dc46831cd2ae1a4a19d5",   "observations": [     {       "label": "named-mandatory",       "session": "training-sibling",       "snapshotSha256": "a09fb766078f4e771a84366260cb52947bf68bee9c3f0ed1cffbc44379027942",       "inspection": {         "schemaVersion": 1,         "turn": 1,         "date": "Year 1, Month 6, Late",         "phase": "MANDATORY_RACE",         "scenarioId": "unity",         "traineeName": "Special Week",         "energy": 100,         "maxEnergy": 100,         "mood": "NORMAL",         "sampleKind": "deterministic_seed_0",         "notes": [           "Stat gains are deterministic samples (local seed 0), before stat caps and later scenario/event effects; they are not guaranteed results or expected values.",           "Energy is the base successful-training change after the ordinary energy cap, before later scenario/event effects. Failure is the current engine chance for an available attempt.",           "Blocked rows have no energy result or failure roll. Rainbow and hint counts are the existing preview signals.",           "Inspection does not take an action, advance the career RNG, or save the session."         ],         "unavailableReason": "mandatory_race",         "rows": []       }     },     {       "label": "ura-free",       "session": "training-ura",       "snapshotSha256": "e72ad64c77440b017defcc962bfa3efb6d11fdafed7680349fbc1c3d50564ed9",       "inspection": {         "schemaVersion": 1,         "turn": 2,         "date": "Year 1, Month 7, Early",         "phase": "FREE",         "scenarioId": "ura",         "traineeName": "Special Week",         "energy": 100,         "maxEnergy": 100,         "mood": "NORMAL",         "sampleKind": "deterministic_seed_0",         "notes": [           "Stat gains are deterministic samples (local seed 0), before stat caps and later scenario/event effects; they are not guaranteed results or expected values.",           "Energy is the base successful-training change after the ordinary energy cap, before later scenario/event effects. Failure is the current engine chance for an available attempt.",           "Blocked rows have no energy result or failure roll. Rainbow and hint counts are the existing preview signals.",           "Inspection does not take an action, advance the career RNG, or save the session."         ],         "unavailableReason": null,         "rows": [           {             "actionId": "train_speed",             "facility": "speed",             "label": "Speed",             "level": 1,             "statGains": {               "speed": 10,               "stamina": 0,               "power": 5,               "guts": 2,               "wit": 0             },             "energyCost": 20,             "energyDelta": -20,             "failureChancePct": 5,             "numRainbow": 0,             "numSkillHints": 0,             "available": true,             "blockedReason": null           },           {             "actionId": "train_stamina",             "facility": "stamina",             "label": "Stamina",             "level": 1,             "statGains": {               "speed": 0,               "stamina": 12,               "power": 2,               "guts": 6,               "wit": 0             },             "energyCost": 20,             "energyDelta": -20,             "failureChancePct": 5,             "numRainbow": 0,             "numSkillHints": 0,             "available": true,             "blockedReason": null           },           {             "actionId": "train_power",             "facility": "power",             "label": "Power",             "level": 1,             "statGains": {               "speed": 2,               "stamina": 5,               "power": 10,               "guts": 0,               "wit": 0             },             "energyCost": 20,             "energyDelta": -20,             "failureChancePct": 5,             "numRainbow": 0,             "numSkillHints": 0,             "available": true,             "blockedReason": null           },           {             "actionId": "train_guts",             "facility": "guts",             "label": "Guts",             "level": 1,             "statGains": {               "speed": 5,               "stamina": 0,               "power": 2,               "guts": 10,               "wit": 0             },             "energyCost": 20,             "energyDelta": -20,             "failureChancePct": 5,             "numRainbow": 0,             "numSkillHints": 0,             "available": true,             "blockedReason": null           },           {             "actionId": "train_wit",             "facility": "wit",             "label": "Wit",             "level": 1,             "statGains": {               "speed": 5,               "stamina": 2,               "power": 0,               "guts": 0,               "wit": 11             },             "energyCost": -5,             "energyDelta": 0,             "failureChancePct": 0,             "numRainbow": 0,             "numSkillHints": 0,             "available": true,             "blockedReason": null           }         ]       }     },     {       "label": "unity-free",       "session": "training-unity",       "snapshotSha256": "f578eb19fc9ec067553828b231e8a0d4f2b268575a267d9905ca599cb506078b",       "inspection": {         "schemaVersion": 1,         "turn": 2,         "date": "Year 1, Month 7, Early",         "phase": "FREE",         "scenarioId": "unity",         "traineeName": "Special Week",         "energy": 100,         "maxEnergy": 100,         "mood": "NORMAL",         "sampleKind": "deterministic_seed_0",         "notes": [           "Stat gains are deterministic samples (local seed 0), before stat caps and later scenario/event effects; they are not guaranteed results or expected values.",           "Energy is the base successful-training change after the ordinary energy cap, before later scenario/event effects. Failure is the current engine chance for an available attempt.",           "Blocked rows have no energy result or failure roll. Rainbow and hint counts are the existing preview signals.",           "Inspection does not take an action, advance the career RNG, or save the session."         ],         "unavailableReason": null,         "rows": [           {             "actionId": "train_speed",             "facility": "speed",             "label": "Speed",             "level": 1,             "statGains": {               "speed": 10,               "stamina": 0,               "power": 5,               "guts": 2,               "wit": 0             },             "energyCost": 20,             "energyDelta": -20,             "failureChancePct": 5,             "numRainbow": 0,             "numSkillHints": 0,             "available": true,             "blockedReason": null           },           {             "actionId": "train_stamina",             "facility": "stamina",             "label": "Stamina",             "level": 1,             "statGains": {               "speed": 0,               "stamina": 12,               "power": 2,               "guts": 6,               "wit": 0             },             "energyCost": 20,             "energyDelta": -20,             "failureChancePct": 5,             "numRainbow": 0,             "numSkillHints": 0,             "available": true,             "blockedReason": null           },           {             "actionId": "train_power",             "facility": "power",             "label": "Power",             "level": 1,             "statGains": {               "speed": 2,               "stamina": 5,               "power": 10,               "guts": 0,               "wit": 0             },             "energyCost": 20,             "energyDelta": -20,             "failureChancePct": 5,             "numRainbow": 0,             "numSkillHints": 0,             "available": true,             "blockedReason": null           },           {             "actionId": "train_guts",             "facility": "guts",             "label": "Guts",             "level": 1,             "statGains": {               "speed": 5,               "stamina": 0,               "power": 2,               "guts": 10,               "wit": 0             },             "energyCost": 20,             "energyDelta": -20,             "failureChancePct": 5,             "numRainbow": 0,             "numSkillHints": 0,             "available": true,             "blockedReason": null           },           {             "actionId": "train_wit",             "facility": "wit",             "label": "Wit",             "level": 1,             "statGains": {               "speed": 5,               "stamina": 2,               "power": 0,               "guts": 0,               "wit": 11             },             "energyCost": -5,             "energyDelta": 0,             "failureChancePct": 0,             "numRainbow": 0,             "numSkillHints": 0,             "available": true,             "blockedReason": null           }         ]       }     },     {       "label": "trackblazer-free",       "session": "training-trackblazer",       "snapshotSha256": "d58673a6d7f9cb44900ec74903ef2165ba3bd4ab0e7dbc1968f96fa67528a3ed",       "inspection": {         "schemaVersion": 1,         "turn": 2,         "date": "Year 1, Month 7, Early",         "phase": "FREE",         "scenarioId": "trackblazer",         "traineeName": "Special Week",         "energy": 100,         "maxEnergy": 100,         "mood": "NORMAL",         "sampleKind": "deterministic_seed_0",         "notes": [           "Stat gains are deterministic samples (local seed 0), before stat caps and later scenario/event effects; they are not guaranteed results or expected values.",           "Energy is the base successful-training change after the ordinary energy cap, before later scenario/event effects. Failure is the current engine chance for an available attempt.",           "Blocked rows have no energy result or failure roll. Rainbow and hint counts are the existing preview signals.",           "Inspection does not take an action, advance the career RNG, or save the session."         ],         "unavailableReason": null,         "rows": [           {             "actionId": "train_speed",             "facility": "speed",             "label": "Speed",             "level": 1,             "statGains": {               "speed": 10,               "stamina": 0,               "power": 5,               "guts": 2,               "wit": 0             },             "energyCost": 20,             "energyDelta": -20,             "failureChancePct": 5,             "numRainbow": 0,             "numSkillHints": 0,             "available": true,             "blockedReason": null           },           {             "actionId": "train_stamina",             "facility": "stamina",             "label": "Stamina",             "level": 1,             "statGains": {               "speed": 0,               "stamina": 12,               "power": 2,               "guts": 6,               "wit": 0             },             "energyCost": 20,             "energyDelta": -20,             "failureChancePct": 5,             "numRainbow": 0,             "numSkillHints": 0,             "available": true,             "blockedReason": null           },           {             "actionId": "train_power",             "facility": "power",             "label": "Power",             "level": 1,             "statGains": {               "speed": 2,               "stamina": 5,               "power": 10,               "guts": 0,               "wit": 0             },             "energyCost": 20,             "energyDelta": -20,             "failureChancePct": 5,             "numRainbow": 0,             "numSkillHints": 0,             "available": true,             "blockedReason": null           },           {             "actionId": "train_guts",             "facility": "guts",             "label": "Guts",             "level": 1,             "statGains": {               "speed": 5,               "stamina": 0,               "power": 2,               "guts": 10,               "wit": 0             },             "energyCost": 20,             "energyDelta": -20,             "failureChancePct": 5,             "numRainbow": 0,             "numSkillHints": 0,             "available": true,             "blockedReason": null           },           {             "actionId": "train_wit",             "facility": "wit",             "label": "Wit",             "level": 1,             "statGains": {               "speed": 5,               "stamina": 2,               "power": 0,               "guts": 0,               "wit": 11             },             "energyCost": -5,             "energyDelta": 0,             "failureChancePct": 0,             "numRainbow": 0,             "numSkillHints": 0,             "available": true,             "blockedReason": null           }         ]       }     },     {       "label": "grand_concert-free",       "session": "training-grand_concert",       "snapshotSha256": "f68bb15c4be024fd3e420e76ab45a72e9bc6d2a4bbb70f2419dea805a8bf679b",       "inspection": {         "schemaVersion": 1,         "turn": 2,         "date": "Year 1, Month 7, Early",         "phase": "FREE",         "scenarioId": "grand_concert",         "traineeName": "Special Week",         "energy": 100,         "maxEnergy": 100,         "mood": "NORMAL",         "sampleKind": "deterministic_seed_0",         "notes": [           "Stat gains are deterministic samples (local seed 0), before stat caps and later scenario/event effects; they are not guaranteed results or expected values.",           "Energy is the base successful-training change after the ordinary energy cap, before later scenario/event effects. Failure is the current engine chance for an available attempt.",           "Blocked rows have no energy result or failure roll. Rainbow and hint counts are the existing preview signals.",           "Inspection does not take an action, advance the career RNG, or save the session."         ],         "unavailableReason": null,         "rows": [           {             "actionId": "train_speed",             "facility": "speed",             "label": "Speed",             "level": 1,             "statGains": {               "speed": 8,               "stamina": 0,               "power": 4,               "guts": 0,               "wit": 0             },             "energyCost": 19,             "energyDelta": -19,             "failureChancePct": 5,             "numRainbow": 0,             "numSkillHints": 0,             "available": true,             "blockedReason": null           },           {             "actionId": "train_stamina",             "facility": "stamina",             "label": "Stamina",             "level": 1,             "statGains": {               "speed": 0,               "stamina": 10,               "power": 0,               "guts": 8,               "wit": 0             },             "energyCost": 20,             "energyDelta": -20,             "failureChancePct": 5,             "numRainbow": 0,             "numSkillHints": 0,             "available": true,             "blockedReason": null           },           {             "actionId": "train_power",             "facility": "power",             "label": "Power",             "level": 1,             "statGains": {               "speed": 0,               "stamina": 4,               "power": 9,               "guts": 0,               "wit": 0             },             "energyCost": 20,             "energyDelta": -20,             "failureChancePct": 5,             "numRainbow": 0,             "numSkillHints": 0,             "available": true,             "blockedReason": null           },           {             "actionId": "train_guts",             "facility": "guts",             "label": "Guts",             "level": 1,             "statGains": {               "speed": 2,               "stamina": 0,               "power": 2,               "guts": 7,               "wit": 0             },             "energyCost": 20,             "energyDelta": -20,             "failureChancePct": 5,             "numRainbow": 0,             "numSkillHints": 0,             "available": true,             "blockedReason": null           },           {             "actionId": "train_wit",             "facility": "wit",             "label": "Wit",             "level": 1,             "statGains": {               "speed": 2,               "stamina": 0,               "power": 0,               "guts": 0,               "wit": 6             },             "energyCost": -5,             "energyDelta": 0,             "failureChancePct": 0,             "numRainbow": 0,             "numSkillHints": 0,             "available": true,             "blockedReason": null           }         ]       }     },     {       "label": "synthetic-low-energy",       "session": "training-low-energy",       "snapshotSha256": "204bb85ab47cffbe6254847dd026c270c9c19fdada73acd87e03036ec53b74f5",       "inspection": {         "schemaVersion": 1,         "turn": 2,         "date": "Year 1, Month 7, Early",         "phase": "FREE",         "scenarioId": "ura",         "traineeName": "Special Week",         "energy": 10,         "maxEnergy": 100,         "mood": "NORMAL",         "sampleKind": "deterministic_seed_0",         "notes": [           "Stat gains are deterministic samples (local seed 0), before stat caps and later scenario/event effects; they are not guaranteed results or expected values.",           "Energy is the base successful-training change after the ordinary energy cap, before later scenario/event effects. Failure is the current engine chance for an available attempt.",           "Blocked rows have no energy result or failure roll. Rainbow and hint counts are the existing preview signals.",           "Inspection does not take an action, advance the career RNG, or save the session."         ],         "unavailableReason": null,         "rows": [           {             "actionId": "train_speed",             "facility": "speed",             "label": "Speed",             "level": 1,             "statGains": {               "speed": 10,               "stamina": 0,               "power": 5,               "guts": 2,               "wit": 0             },             "energyCost": 20,             "energyDelta": null,             "failureChancePct": null,             "numRainbow": 0,             "numSkillHints": 0,             "available": false,             "blockedReason": "insufficient_energy"           },           {             "actionId": "train_stamina",             "facility": "stamina",             "label": "Stamina",             "level": 1,             "statGains": {               "speed": 0,               "stamina": 12,               "power": 2,               "guts": 6,               "wit": 0             },             "energyCost": 20,             "energyDelta": null,             "failureChancePct": null,             "numRainbow": 0,             "numSkillHints": 0,             "available": false,             "blockedReason": "insufficient_energy"           },           {             "actionId": "train_power",             "facility": "power",             "label": "Power",             "level": 1,             "statGains": {               "speed": 2,               "stamina": 5,               "power": 10,               "guts": 0,               "wit": 0             },             "energyCost": 20,             "energyDelta": null,             "failureChancePct": null,             "numRainbow": 0,             "numSkillHints": 0,             "available": false,             "blockedReason": "insufficient_energy"           },           {             "actionId": "train_guts",             "facility": "guts",             "label": "Guts",             "level": 1,             "statGains": {               "speed": 5,               "stamina": 0,               "power": 2,               "guts": 10,               "wit": 0             },             "energyCost": 20,             "energyDelta": null,             "failureChancePct": null,             "numRainbow": 0,             "numSkillHints": 0,             "available": false,             "blockedReason": "insufficient_energy"           },           {             "actionId": "train_wit",             "facility": "wit",             "label": "Wit",             "level": 1,             "statGains": {               "speed": 5,               "stamina": 2,               "power": 0,               "guts": 0,               "wit": 11             },             "energyCost": -5,             "energyDelta": 5,             "failureChancePct": 45,             "numRainbow": 0,             "numSkillHints": 0,             "available": true,             "blockedReason": null           }         ]       }     },     {       "label": "synthetic-injured",       "session": "training-injured",       "snapshotSha256": "8eb50037ec1d259a015a012f3c46ca6f33ff01524861cf52bb816a911c4a14ef",       "inspection": {         "schemaVersion": 1,         "turn": 2,         "date": "Year 1, Month 7, Early",         "phase": "FREE",         "scenarioId": "ura",         "traineeName": "Special Week",         "energy": 100,         "maxEnergy": 100,         "mood": "NORMAL",         "sampleKind": "deterministic_seed_0",         "notes": [           "Stat gains are deterministic samples (local seed 0), before stat caps and later scenario/event effects; they are not guaranteed results or expected values.",           "Energy is the base successful-training change after the ordinary energy cap, before later scenario/event effects. Failure is the current engine chance for an available attempt.",           "Blocked rows have no energy result or failure roll. Rainbow and hint counts are the existing preview signals.",           "Inspection does not take an action, advance the career RNG, or save the session."         ],         "unavailableReason": null,         "rows": [           {             "actionId": "train_speed",             "facility": "speed",             "label": "Speed",             "level": 1,             "statGains": {               "speed": 10,               "stamina": 0,               "power": 5,               "guts": 2,               "wit": 0             },             "energyCost": 20,             "energyDelta": null,             "failureChancePct": null,             "numRainbow": 0,             "numSkillHints": 0,             "available": false,             "blockedReason": "injured"           },           {             "actionId": "train_stamina",             "facility": "stamina",             "label": "Stamina",             "level": 1,             "statGains": {               "speed": 0,               "stamina": 12,               "power": 2,               "guts": 6,               "wit": 0             },             "energyCost": 20,             "energyDelta": null,             "failureChancePct": null,             "numRainbow": 0,             "numSkillHints": 0,             "available": false,             "blockedReason": "injured"           },           {             "actionId": "train_power",             "facility": "power",             "label": "Power",             "level": 1,             "statGains": {               "speed": 2,               "stamina": 5,               "power": 10,               "guts": 0,               "wit": 0             },             "energyCost": 20,             "energyDelta": null,             "failureChancePct": null,             "numRainbow": 0,             "numSkillHints": 0,             "available": false,             "blockedReason": "injured"           },           {             "actionId": "train_guts",             "facility": "guts",             "label": "Guts",             "level": 1,             "statGains": {               "speed": 5,               "stamina": 0,               "power": 2,               "guts": 10,               "wit": 0             },             "energyCost": 20,             "energyDelta": null,             "failureChancePct": null,             "numRainbow": 0,             "numSkillHints": 0,             "available": false,             "blockedReason": "injured"           },           {             "actionId": "train_wit",             "facility": "wit",             "label": "Wit",             "level": 1,             "statGains": {               "speed": 5,               "stamina": 2,               "power": 0,               "guts": 0,               "wit": 11             },             "energyCost": -5,             "energyDelta": null,             "failureChancePct": null,             "numRainbow": 0,             "numSkillHints": 0,             "available": false,             "blockedReason": "injured"           }         ]       }     },     {       "label": "synthetic-pending-event",       "session": "training-pending-event",       "snapshotSha256": "cdeef44c6a1be2bae350e99813e76502ca2ad9a08ca3b9017b90ab2c20dc939c",       "inspection": {         "schemaVersion": 1,         "turn": 2,         "date": "Year 1, Month 7, Early",         "phase": "EVENT",         "scenarioId": "ura",         "traineeName": "Special Week",         "energy": 100,         "maxEnergy": 100,         "mood": "NORMAL",         "sampleKind": "deterministic_seed_0",         "notes": [           "Stat gains are deterministic samples (local seed 0), before stat caps and later scenario/event effects; they are not guaranteed results or expected values.",           "Energy is the base successful-training change after the ordinary energy cap, before later scenario/event effects. Failure is the current engine chance for an available attempt.",           "Blocked rows have no energy result or failure roll. Rainbow and hint counts are the existing preview signals.",           "Inspection does not take an action, advance the career RNG, or save the session."         ],         "unavailableReason": "pending_event",         "rows": []       }     },     {       "label": "synthetic-complete",       "session": "training-complete",       "snapshotSha256": "be3354b4ce6a4532629eddf3d07c10e0d3a4011f06c3d36f424a7a4f1d7c5c3a",       "inspection": {         "schemaVersion": 1,         "turn": 2,         "date": "Year 1, Month 7, Early",         "phase": "COMPLETE",         "scenarioId": "ura",         "traineeName": "Special Week",         "energy": 100,         "maxEnergy": 100,         "mood": "NORMAL",         "sampleKind": "deterministic_seed_0",         "notes": [           "Stat gains are deterministic samples (local seed 0), before stat caps and later scenario/event effects; they are not guaranteed results or expected values.",           "Energy is the base successful-training change after the ordinary energy cap, before later scenario/event effects. Failure is the current engine chance for an available attempt.",           "Blocked rows have no energy result or failure roll. Rainbow and hint counts are the existing preview signals.",           "Inspection does not take an action, advance the career RNG, or save the session."         ],         "unavailableReason": "career_complete",         "rows": []       }     }   ] }
2026-10-08T19:47:51.6366628Z     1..7
2026-10-08T19:47:51.6367200Z ok 5 - native REST/MCP training inspection uses retained career state without spending a turn
2026-10-08T19:47:51.6367678Z   ---
2026-10-08T19:47:51.6367932Z   duration_ms: 3873.300756
2026-10-08T19:47:51.6368176Z   ...
2026-10-08T19:47:51.6369216Z 1..5
2026-10-08T19:47:51.6369527Z # tests 19
2026-10-08T19:47:51.6369760Z # suites 0
2026-10-08T19:47:51.6369971Z # pass 19
2026-10-08T19:47:51.6370171Z # fail 0
2026-10-08T19:47:51.6370378Z # cancelled 0
2026-10-08T19:47:51.6370939Z # skipped 0
2026-10-08T19:47:51.6371157Z # todo 0
2026-10-08T19:47:51.6371390Z # duration_ms 3972.56012
2026-10-08T19:47:51.6437887Z ##[group]Run actions/upload-artifact@043fb46d1a93c77aae656e7c1c64a875d1fc6a0a
2026-10-08T19:47:51.6438327Z with:
2026-10-08T19:47:51.6438934Z   name: uma-sim-mcp-native
2026-10-08T19:47:51.6439359Z   path: /home/runner/work/_temp/uma-sim-mcp-native
2026-10-08T19:47:51.6439696Z   if-no-files-found: warn
2026-10-08T19:47:51.6439947Z   compression-level: 6
2026-10-08T19:47:51.6440180Z   overwrite: false
2026-10-08T19:47:51.6440409Z   include-hidden-files: false
2026-10-08T19:47:51.6440669Z   archive: true
2026-10-08T19:47:51.6441085Z env:
2026-10-08T19:47:51.6441300Z   CARGO_HOME: /home/runner/.cargo
2026-10-08T19:47:51.6441565Z   CARGO_INCREMENTAL: 0
2026-10-08T19:47:51.6441801Z   CARGO_TERM_COLOR: always
2026-10-08T19:47:51.6442041Z   CACHE_ON_FAILURE: false
2026-10-08T19:47:51.6442277Z ##[endgroup]
2026-10-08T19:47:51.8044296Z With the provided path, there will be 19 files uploaded
2026-10-08T19:47:51.8050943Z Artifact name is valid!
2026-10-08T19:47:51.8051836Z Root directory input is valid!
2026-10-08T19:47:51.9977938Z Uploading artifact: uma-sim-mcp-native.zip
2026-10-08T19:47:52.0024788Z Beginning upload of artifact content to blob storage
2026-10-08T19:47:52.0936692Z Uploaded bytes 11686
2026-10-08T19:47:52.1063831Z Finished uploading artifact content to blob storage!
2026-10-08T19:47:52.1065281Z SHA256 digest of uploaded artifact is d04f2351244e43cc9a52f4aa9fd7d2bc93c9b4df968d8e74a69c139b6433b209
2026-10-08T19:47:52.1066336Z Finalizing artifact upload
2026-10-08T19:47:52.3094340Z Artifact uma-sim-mcp-native successfully finalized. Artifact ID 11575520647
2026-10-08T19:47:52.3095914Z Artifact uma-sim-mcp-native has been successfully uploaded! Final size is 11686 bytes. Artifact ID is 11575520647
2026-10-08T19:47:52.3098087Z Artifact download URL: https://github.com/Jacob-Met/uma-sim/actions/runs/37834166512/artifacts/11575520647
2026-10-08T19:47:52.3220777Z ##[group]Run STAGE=dist/uma-sim-linux-x64
2026-10-08T19:47:52.3221170Z [36;1mSTAGE=dist/uma-sim-linux-x64[0m
2026-10-08T19:47:52.3221521Z [36;1mmkdir -p "$STAGE/knowledge/canonical/by_kind"[0m
2026-10-08T19:47:52.3221888Z [36;1mcp target/release/uma-sim "$STAGE/"[0m
2026-10-08T19:47:52.3222241Z [36;1mcp -r research content_packs "$STAGE/"[0m
2026-10-08T19:47:52.3222688Z [36;1mcp knowledge/canonical/by_kind/*.json "$STAGE/knowledge/canonical/by_kind/"[0m
2026-10-08T19:47:52.3223185Z [36;1mscripts/smoke_release_layout.sh "$STAGE" uma-sim[0m
2026-10-08T19:47:52.3286040Z shell: /usr/bin/bash -e {0}
2026-10-08T19:47:52.3286320Z env:
2026-10-08T19:47:52.3286551Z   CARGO_HOME: /home/runner/.cargo
2026-10-08T19:47:52.3286848Z   CARGO_INCREMENTAL: 0
2026-10-08T19:47:52.3287097Z   CARGO_TERM_COLOR: always
2026-10-08T19:47:52.3287352Z   CACHE_ON_FAILURE: false
2026-10-08T19:47:52.3287590Z ##[endgroup]
2026-10-08T19:47:52.3591770Z == uma-sim fast --seed=42 --race-model=stub (cwd: /tmp/tmp.T4LCxNNfAj)
2026-10-08T19:47:52.4549462Z Ended: career=true turn=72 fans=4064 elapsed=26ms speed=x20 policy=default
2026-10-08T19:47:52.4550445Z Terminal: U=9.000 grade=F+ score=1100 sp_spent=221 φ=4.50 ψ=4.50
2026-10-08T19:47:52.4567989Z == uma-sim fast --seed=42 --race-model=physics (cwd: /tmp/tmp.T4LCxNNfAj)
2026-10-08T19:47:52.5720041Z Ended: career=true turn=72 fans=1217 elapsed=42ms speed=x20 policy=default
2026-10-08T19:47:52.5722578Z Terminal: U=9.000 grade=F score=770 sp_spent=121 φ=4.50 ψ=4.50
2026-10-08T19:47:52.5743891Z release layout OK
2026-10-08T19:47:52.5882371Z ##[group]Run actions/setup-python@5fda3b95a4ea91299a34e894583c3862153e4b97
2026-10-08T19:47:52.5882802Z with:
2026-10-08T19:47:52.5883043Z   python-version: 3.12
2026-10-08T19:47:52.5883296Z   check-latest: false
2026-10-08T19:47:52.5885733Z   token: ***
2026-10-08T19:47:52.5885966Z   update-environment: true
2026-10-08T19:47:52.5886237Z   allow-prereleases: false
2026-10-08T19:47:52.5886500Z   freethreaded: false
2026-10-08T19:47:52.5886727Z env:
2026-10-08T19:47:52.5886943Z   CARGO_HOME: /home/runner/.cargo
2026-10-08T19:47:52.5887213Z   CARGO_INCREMENTAL: 0
2026-10-08T19:47:52.5887451Z   CARGO_TERM_COLOR: always
2026-10-08T19:47:52.5887700Z   CACHE_ON_FAILURE: false
2026-10-08T19:47:52.5887935Z ##[endgroup]
2026-10-08T19:47:52.7157521Z ##[group]Installed versions
2026-10-08T19:47:52.7251327Z Successfully set up CPython (3.12.15)
2026-10-08T19:47:52.7267670Z ##[endgroup]
2026-10-08T19:47:52.7427955Z ##[group]Run python scripts/calibrate_grand_live.py --strict
2026-10-08T19:47:52.7429115Z [36;1mpython scripts/calibrate_grand_live.py --strict[0m
2026-10-08T19:47:52.7523952Z shell: /usr/bin/bash -e {0}
2026-10-08T19:47:52.7524775Z env:
2026-10-08T19:47:52.7525152Z   CARGO_HOME: /home/runner/.cargo
2026-10-08T19:47:52.7525628Z   CARGO_INCREMENTAL: 0
2026-10-08T19:47:52.7526031Z   CARGO_TERM_COLOR: always
2026-10-08T19:47:52.7526454Z   CACHE_ON_FAILURE: false
2026-10-08T19:47:52.7526987Z   pythonLocation: /opt/hostedtoolcache/Python/3.12.15/x64
2026-10-08T19:47:52.7527778Z   PKG_CONFIG_PATH: /opt/hostedtoolcache/Python/3.12.15/x64/lib/pkgconfig
2026-10-08T19:47:52.7528825Z   Python_ROOT_DIR: /opt/hostedtoolcache/Python/3.12.15/x64
2026-10-08T19:47:52.7529492Z   Python2_ROOT_DIR: /opt/hostedtoolcache/Python/3.12.15/x64
2026-10-08T19:47:52.7530188Z   Python3_ROOT_DIR: /opt/hostedtoolcache/Python/3.12.15/x64
2026-10-08T19:47:52.7531320Z   LD_LIBRARY_PATH: /opt/hostedtoolcache/Python/3.12.15/x64/lib
2026-10-08T19:47:52.7532306Z ##[endgroup]
2026-10-08T19:47:52.8714051Z {
2026-10-08T19:47:52.8714627Z   "rows_checked": 9,
2026-10-08T19:47:52.8715167Z   "exact_matches": 9,
2026-10-08T19:47:52.8715530Z   "mismatches": 0,
2026-10-08T19:47:52.8715904Z   "label_mismatches": [],
2026-10-08T19:47:52.8716274Z   "within_2_pts": 9,
2026-10-08T19:47:52.8716622Z   "pct_within_2": 1.0,
2026-10-08T19:47:52.8716974Z   "median_abs_error": 0.0,
2026-10-08T19:47:52.8717344Z   "gate_pass": true,
2026-10-08T19:47:52.8717683Z   "exact_pass": true,
2026-10-08T19:47:52.8718037Z   "pass": true,
2026-10-08T19:47:52.8718347Z   "details": []
2026-10-08T19:47:52.8719030Z }
2026-10-08T19:47:52.8870206Z Post job cleanup.
2026-10-08T19:47:53.0263638Z Post job cleanup.
2026-10-08T19:47:53.1742264Z Post job cleanup.
2026-10-08T19:47:53.3073916Z Cache up-to-date.
2026-10-08T19:47:53.3264655Z Post job cleanup.
2026-10-08T19:47:53.4213339Z [command]/usr/bin/git version
2026-10-08T19:47:53.4289958Z git version 2.55.0
2026-10-08T19:47:53.4324618Z Temporarily overriding HOME='/home/runner/work/_temp/f193c9d4-a031-49ef-8071-7e715299ad0f' before making global git config changes
2026-10-08T19:47:53.4326328Z Adding repository directory to the temporary git global config as a safe directory
2026-10-08T19:47:53.4348845Z [command]/usr/bin/git config --global --add safe.directory /home/runner/work/uma-sim/uma-sim
2026-10-08T19:47:53.4384091Z Removing SSH command configuration
2026-10-08T19:47:53.4394331Z [command]/usr/bin/git config --local --name-only --get-regexp core\.sshCommand
2026-10-08T19:47:53.4457094Z [command]/usr/bin/git submodule foreach --recursive sh -c "git config --local --name-only --get-regexp 'core\.sshCommand' && git config --local --unset-all 'core.sshCommand' || :"
2026-10-08T19:47:53.4757643Z Removing HTTP extra header
2026-10-08T19:47:53.4764218Z [command]/usr/bin/git config --local --name-only --get-regexp http\.https\:\/\/github\.com\/\.extraheader
2026-10-08T19:47:53.4812946Z [command]/usr/bin/git submodule foreach --recursive sh -c "git config --local --name-only --get-regexp 'http\.https\:\/\/github\.com\/\.extraheader' && git config --local --unset-all 'http.https://github.com/.extraheader' || :"
2026-10-08T19:47:53.5100670Z Removing includeIf entries pointing to credentials config files
2026-10-08T19:47:53.5110309Z [command]/usr/bin/git config --local --name-only --get-regexp ^includeIf\.gitdir:
2026-10-08T19:47:53.5150120Z includeif.gitdir:/home/runner/work/uma-sim/uma-sim/.git.path
2026-10-08T19:47:53.5151458Z includeif.gitdir:/home/runner/work/uma-sim/uma-sim/.git/worktrees/*.path
2026-10-08T19:47:53.5152419Z includeif.gitdir:/github/workspace/.git.path
2026-10-08T19:47:53.5153383Z includeif.gitdir:/github/workspace/.git/worktrees/*.path
2026-10-08T19:47:53.5160595Z [command]/usr/bin/git config --local --get-all includeif.gitdir:/home/runner/work/uma-sim/uma-sim/.git.path
2026-10-08T19:47:53.5203854Z /home/runner/work/_temp/git-credentials-696d81ac-ca0d-4601-a550-0b490d19c6dd.config
2026-10-08T19:47:53.5222988Z [command]/usr/bin/git config --local --unset includeif.gitdir:/home/runner/work/uma-sim/uma-sim/.git.path \/home\/runner\/work\/_temp\/git\-credentials\-696d81ac\-ca0d\-4601\-a550\-0b490d19c6dd\.config
2026-10-08T19:47:53.5275183Z [command]/usr/bin/git config --local --get-all includeif.gitdir:/home/runner/work/uma-sim/uma-sim/.git/worktrees/*.path
2026-10-08T19:47:53.5317969Z /home/runner/work/_temp/git-credentials-696d81ac-ca0d-4601-a550-0b490d19c6dd.config
2026-10-08T19:47:53.5331402Z [command]/usr/bin/git config --local --unset includeif.gitdir:/home/runner/work/uma-sim/uma-sim/.git/worktrees/*.path \/home\/runner\/work\/_temp\/git\-credentials\-696d81ac\-ca0d\-4601\-a550\-0b490d19c6dd\.config
2026-10-08T19:47:53.5380343Z [command]/usr/bin/git config --local --get-all includeif.gitdir:/github/workspace/.git.path
2026-10-08T19:47:53.5411547Z /github/runner_temp/git-credentials-696d81ac-ca0d-4601-a550-0b490d19c6dd.config
2026-10-08T19:47:53.5420453Z [command]/usr/bin/git config --local --unset includeif.gitdir:/github/workspace/.git.path \/github\/runner_temp\/git\-credentials\-696d81ac\-ca0d\-4601\-a550\-0b490d19c6dd\.config
2026-10-08T19:47:53.5463895Z [command]/usr/bin/git config --local --get-all includeif.gitdir:/github/workspace/.git/worktrees/*.path
2026-10-08T19:47:53.5494690Z /github/runner_temp/git-credentials-696d81ac-ca0d-4601-a550-0b490d19c6dd.config
2026-10-08T19:47:53.5504423Z [command]/usr/bin/git config --local --unset includeif.gitdir:/github/workspace/.git/worktrees/*.path \/github\/runner_temp\/git\-credentials\-696d81ac\-ca0d\-4601\-a550\-0b490d19c6dd\.config
2026-10-08T19:47:53.5549237Z [command]/usr/bin/git submodule foreach --recursive git config --local --show-origin --name-only --get-regexp remote.origin.url
2026-10-08T19:47:53.5795226Z Removing credentials config '/home/runner/work/_temp/git-credentials-696d81ac-ca0d-4601-a550-0b490d19c6dd.config'
2026-10-08T19:47:53.5947345Z Cleaning up orphan processes
