2026-10-08T20:01:38.7069708Z Current runner version: '2.337.0'
2026-10-08T20:01:38.7107339Z ##[group]Runner Image Provisioner
2026-10-08T20:01:38.7108905Z Hosted Compute Agent
2026-10-08T20:01:38.7110068Z Version: 20261002.596
2026-10-08T20:01:38.7111315Z Commit: c3d12f3313a95f25162a1503be624f3b0617f8c0
2026-10-08T20:01:38.7112682Z Build Date: 2026-10-02T22:28:27Z
2026-10-08T20:01:38.7114189Z Worker ID: {ad8bc434-b666-4373-b599-ad1491bf6753}
2026-10-08T20:01:38.7115657Z Region: eastus
2026-10-08T20:01:38.7116718Z Cloud: Azure
2026-10-08T20:01:38.7117750Z ##[endgroup]
2026-10-08T20:01:38.7120852Z ##[group]Operating System
2026-10-08T20:01:38.7121949Z Ubuntu
2026-10-08T20:01:38.7123292Z 24.04.5
2026-10-08T20:01:38.7124285Z LTS
2026-10-08T20:01:38.7125325Z ##[endgroup]
2026-10-08T20:01:38.7126300Z ##[group]Runner Image
2026-10-08T20:01:38.7127597Z Image: ubuntu-24.04
2026-10-08T20:01:38.7128735Z Version: 20261004.327.1
2026-10-08T20:01:38.7131132Z Included Software: https://github.com/actions/runner-images/blob/ubuntu24/20261004.327/images/ubuntu/Ubuntu2404-Readme.md
2026-10-08T20:01:38.7134405Z Image Release: https://github.com/actions/runner-images/releases/tag/ubuntu24%2F20261004.327
2026-10-08T20:01:38.7136399Z ##[endgroup]
2026-10-08T20:01:38.7138636Z ##[group]GITHUB_TOKEN Permissions
2026-10-08T20:01:38.7141872Z Contents: read
2026-10-08T20:01:38.7143346Z Metadata: read
2026-10-08T20:01:38.7144566Z ##[endgroup]
2026-10-08T20:01:38.7147740Z Secret source: Actions
2026-10-08T20:01:38.7149489Z Cache mode: write
2026-10-08T20:01:38.7150755Z Prepare workflow directory
2026-10-08T20:01:38.7651415Z Prepare all required actions
2026-10-08T20:01:38.7725554Z Getting action download info
2026-10-08T20:01:38.9592603Z Download action repository 'actions/checkout@3d3c42e5aac5ba805825da76410c181273ba90b1' (SHA:3d3c42e5aac5ba805825da76410c181273ba90b1)
2026-10-08T20:01:39.0736745Z Download action repository 'actions/download-artifact@3e5f45b2cfb9172054b4087a40e8e0b5a5461e7c' (SHA:3e5f45b2cfb9172054b4087a40e8e0b5a5461e7c)
2026-10-08T20:01:39.2334684Z Download action repository 'dtolnay/rust-toolchain@89b12181fb390509a0842a86cc55eeb8eb928c1d' (SHA:89b12181fb390509a0842a86cc55eeb8eb928c1d)
2026-10-08T20:01:39.2987728Z Download action repository 'Swatinem/rust-cache@6323deb102c322ba6fcbdcafc7e3dddab59af2b6' (SHA:6323deb102c322ba6fcbdcafc7e3dddab59af2b6)
2026-10-08T20:01:39.4560646Z Download action repository 'actions/setup-node@820762786026740c76f36085b0efc47a31fe5020' (SHA:820762786026740c76f36085b0efc47a31fe5020)
2026-10-08T20:01:39.5421434Z Download action repository 'actions/upload-artifact@043fb46d1a93c77aae656e7c1c64a875d1fc6a0a' (SHA:043fb46d1a93c77aae656e7c1c64a875d1fc6a0a)
2026-10-08T20:01:39.6615546Z Download action repository 'actions/setup-python@5fda3b95a4ea91299a34e894583c3862153e4b97' (SHA:5fda3b95a4ea91299a34e894583c3862153e4b97)
2026-10-08T20:01:39.9355856Z Complete job name: rust
2026-10-08T20:01:40.0343217Z ##[group]Run actions/checkout@3d3c42e5aac5ba805825da76410c181273ba90b1
2026-10-08T20:01:40.0344614Z with:
2026-10-08T20:01:40.0345396Z   repository: Jacob-Met/uma-sim
2026-10-08T20:01:40.0349019Z   token: ***
2026-10-08T20:01:40.0349780Z   ssh-strict: true
2026-10-08T20:01:40.0350550Z   ssh-user: git
2026-10-08T20:01:40.0351316Z   persist-credentials: true
2026-10-08T20:01:40.0352109Z   clean: true
2026-10-08T20:01:40.0353129Z   sparse-checkout-cone-mode: true
2026-10-08T20:01:40.0353993Z   fetch-depth: 1
2026-10-08T20:01:40.0354757Z   fetch-tags: false
2026-10-08T20:01:40.0355518Z   show-progress: true
2026-10-08T20:01:40.0356292Z   lfs: false
2026-10-08T20:01:40.0357024Z   submodules: false
2026-10-08T20:01:40.0357792Z   set-safe-directory: true
2026-10-08T20:01:40.0358618Z   allow-unsafe-pr-checkout: false
2026-10-08T20:01:40.0359719Z ##[endgroup]
2026-10-08T20:01:40.1378768Z Syncing repository: Jacob-Met/uma-sim
2026-10-08T20:01:40.1381199Z ##[group]Getting Git version info
2026-10-08T20:01:40.1382342Z Working directory is '/home/runner/work/uma-sim/uma-sim'
2026-10-08T20:01:40.1384231Z [command]/usr/bin/git version
2026-10-08T20:01:40.1474751Z git version 2.55.0
2026-10-08T20:01:40.1482125Z ##[endgroup]
2026-10-08T20:01:40.1496323Z Temporarily overriding HOME='/home/runner/work/_temp/49524d66-b26c-49e6-b808-0fc2151ccc1b' before making global git config changes
2026-10-08T20:01:40.1502265Z Adding repository directory to the temporary git global config as a safe directory
2026-10-08T20:01:40.1513082Z [command]/usr/bin/git config --global --add safe.directory /home/runner/work/uma-sim/uma-sim
2026-10-08T20:01:40.1557723Z Deleting the contents of '/home/runner/work/uma-sim/uma-sim'
2026-10-08T20:01:40.1567578Z ##[group]Determining repository object format
2026-10-08T20:01:40.1569080Z ##[endgroup]
2026-10-08T20:01:40.1570919Z ##[group]Initializing the repository
2026-10-08T20:01:40.1571949Z [command]/usr/bin/git init /home/runner/work/uma-sim/uma-sim
2026-10-08T20:01:40.1689369Z hint: Using 'master' as the name for the initial branch. This default branch name
2026-10-08T20:01:40.1691687Z hint: will change to "main" in Git 3.0. To configure the initial branch name
2026-10-08T20:01:40.1694318Z hint: to use in all of your new repositories, which will suppress this warning,
2026-10-08T20:01:40.1696664Z hint: call:
2026-10-08T20:01:40.1698468Z hint:
2026-10-08T20:01:40.1700422Z hint: 	git config --global init.defaultBranch <name>
2026-10-08T20:01:40.1702393Z hint:
2026-10-08T20:01:40.1704464Z hint: Names commonly chosen instead of 'master' are 'main', 'trunk' and
2026-10-08T20:01:40.1707024Z hint: 'development'. The just-created branch can be renamed via this command:
2026-10-08T20:01:40.1709202Z hint:
2026-10-08T20:01:40.1710735Z hint: 	git branch -m <name>
2026-10-08T20:01:40.1712286Z hint:
2026-10-08T20:01:40.1714671Z hint: Disable this message with "git config set advice.defaultBranchName false"
2026-10-08T20:01:40.1716547Z Initialized empty Git repository in /home/runner/work/uma-sim/uma-sim/.git/
2026-10-08T20:01:40.1719500Z [command]/usr/bin/git remote add origin https://github.com/Jacob-Met/uma-sim
2026-10-08T20:01:40.1780008Z ##[endgroup]
2026-10-08T20:01:40.1782434Z ##[group]Disabling automatic garbage collection
2026-10-08T20:01:40.1784334Z [command]/usr/bin/git config --local gc.auto 0
2026-10-08T20:01:40.1821415Z ##[endgroup]
2026-10-08T20:01:40.1823717Z ##[group]Setting up auth
2026-10-08T20:01:40.1825129Z Removing SSH command configuration
2026-10-08T20:01:40.1827852Z [command]/usr/bin/git config --local --name-only --get-regexp core\.sshCommand
2026-10-08T20:01:40.1863318Z [command]/usr/bin/git submodule foreach --recursive sh -c "git config --local --name-only --get-regexp 'core\.sshCommand' && git config --local --unset-all 'core.sshCommand' || :"
2026-10-08T20:01:40.2268640Z Removing HTTP extra header
2026-10-08T20:01:40.2274337Z [command]/usr/bin/git config --local --name-only --get-regexp http\.https\:\/\/github\.com\/\.extraheader
2026-10-08T20:01:40.2312813Z [command]/usr/bin/git submodule foreach --recursive sh -c "git config --local --name-only --get-regexp 'http\.https\:\/\/github\.com\/\.extraheader' && git config --local --unset-all 'http.https://github.com/.extraheader' || :"
2026-10-08T20:01:40.2537114Z Removing includeIf entries pointing to credentials config files
2026-10-08T20:01:40.2541223Z [command]/usr/bin/git config --local --name-only --get-regexp ^includeIf\.gitdir:
2026-10-08T20:01:40.2581447Z [command]/usr/bin/git submodule foreach --recursive git config --local --show-origin --name-only --get-regexp remote.origin.url
2026-10-08T20:01:40.2812025Z [command]/usr/bin/git config --file /home/runner/work/_temp/git-credentials-ac74f761-981c-4ac5-b389-50ee2c1c1b56.config http.https://github.com/.extraheader AUTHORIZATION: basic ***
2026-10-08T20:01:40.2853577Z [command]/usr/bin/git config --local includeIf.gitdir:/home/runner/work/uma-sim/uma-sim/.git.path /home/runner/work/_temp/git-credentials-ac74f761-981c-4ac5-b389-50ee2c1c1b56.config
2026-10-08T20:01:40.2889152Z [command]/usr/bin/git config --local includeIf.gitdir:/home/runner/work/uma-sim/uma-sim/.git/worktrees/*.path /home/runner/work/_temp/git-credentials-ac74f761-981c-4ac5-b389-50ee2c1c1b56.config
2026-10-08T20:01:40.2927890Z [command]/usr/bin/git config --local includeIf.gitdir:/github/workspace/.git.path /github/runner_temp/git-credentials-ac74f761-981c-4ac5-b389-50ee2c1c1b56.config
2026-10-08T20:01:40.2964423Z [command]/usr/bin/git config --local includeIf.gitdir:/github/workspace/.git/worktrees/*.path /github/runner_temp/git-credentials-ac74f761-981c-4ac5-b389-50ee2c1c1b56.config
2026-10-08T20:01:40.2997271Z ##[endgroup]
2026-10-08T20:01:40.2998535Z ##[group]Fetching the repository
2026-10-08T20:01:40.3004580Z [command]/usr/bin/git -c protocol.version=2 fetch --no-tags --prune --no-recurse-submodules --depth=1 origin +b80d86653286887ee81c317145c36a2c281f48aa:refs/remotes/pull/116/merge
2026-10-08T20:01:41.0814781Z From https://github.com/Jacob-Met/uma-sim
2026-10-08T20:01:41.0816275Z  * [new ref]         b80d86653286887ee81c317145c36a2c281f48aa -> pull/116/merge
2026-10-08T20:01:41.0821691Z ##[endgroup]
2026-10-08T20:01:41.0823143Z ##[group]Determining the checkout info
2026-10-08T20:01:41.0824522Z ##[endgroup]
2026-10-08T20:01:41.0829821Z [command]/usr/bin/git sparse-checkout disable
2026-10-08T20:01:41.0891231Z [command]/usr/bin/git config --local --unset-all extensions.worktreeConfig
2026-10-08T20:01:41.0930456Z ##[group]Checking out the ref
2026-10-08T20:01:41.0936125Z [command]/usr/bin/git checkout --progress --force refs/remotes/pull/116/merge
2026-10-08T20:01:41.2522121Z Note: switching to 'refs/remotes/pull/116/merge'.
2026-10-08T20:01:41.2522533Z 
2026-10-08T20:01:41.2522802Z You are in 'detached HEAD' state. You can look around, make experimental
2026-10-08T20:01:41.2524123Z changes and commit them, and you can discard any commits you make in this
2026-10-08T20:01:41.2525188Z state without impacting any branches by switching back to a branch.
2026-10-08T20:01:41.2525806Z 
2026-10-08T20:01:41.2526293Z If you want to create a new branch to retain commits you create, you may
2026-10-08T20:01:41.2527263Z do so (now or later) by using -c with the switch command. Example:
2026-10-08T20:01:41.2527817Z 
2026-10-08T20:01:41.2528102Z   git switch -c <new-branch-name>
2026-10-08T20:01:41.2528463Z 
2026-10-08T20:01:41.2528682Z Or undo this operation with:
2026-10-08T20:01:41.2529015Z 
2026-10-08T20:01:41.2529208Z   git switch -
2026-10-08T20:01:41.2529491Z 
2026-10-08T20:01:41.2529923Z Turn off this advice by setting config variable advice.detachedHead to false
2026-10-08T20:01:41.2530530Z 
2026-10-08T20:01:41.2531210Z HEAD is now at b80d866 Merge 3397f142e397aa911c125261fac41158e7bc74cc into 0ad4bd4d2ca0a133fe91080b6b7818efbaedb2fa
2026-10-08T20:01:41.2541167Z ##[endgroup]
2026-10-08T20:01:41.2591502Z [command]/usr/bin/git log -1 --format=%H
2026-10-08T20:01:41.2620377Z b80d86653286887ee81c317145c36a2c281f48aa
2026-10-08T20:01:41.2876240Z ##[group]Run actions/download-artifact@3e5f45b2cfb9172054b4087a40e8e0b5a5461e7c
2026-10-08T20:01:41.2876763Z with:
2026-10-08T20:01:41.2877020Z   name: uma-sim-ui-dist
2026-10-08T20:01:41.2877319Z   path: packages/uma-sim-ui/dist
2026-10-08T20:01:41.2877680Z   merge-multiple: false
2026-10-08T20:01:41.2877971Z   repository: Jacob-Met/uma-sim
2026-10-08T20:01:41.2878278Z   run-id: 37836168022
2026-10-08T20:01:41.2878553Z   skip-decompress: false
2026-10-08T20:01:41.2878841Z   digest-mismatch: error
2026-10-08T20:01:41.2879126Z ##[endgroup]
2026-10-08T20:01:41.4228154Z Downloading single artifact
2026-10-08T20:01:41.5507329Z Preparing to download the following artifacts:
2026-10-08T20:01:41.5534465Z - uma-sim-ui-dist (ID: 11576060640, Size: 70268, Expected Digest: sha256:569fd3c50a28765a3c3110dc56afbea80c33dd734014aec61bc9e906244619e7)
2026-10-08T20:01:41.7291014Z Redirecting to blob download url: https://productionresultssa11.blob.core.windows.net/actions-results/745c2926-1f60-865e-9ac6-a848506cf197/workflow-job-run-85b987bb-8667-5c6b-858d-2c5e0265d82c/artifacts/41ddf279ab96a7c5364033a2bd4e1228c219b6777fd5a55ec9929d0be21c822c.zip
2026-10-08T20:01:41.7294455Z Starting download of artifact to: /home/runner/work/uma-sim/uma-sim/packages/uma-sim-ui/dist
2026-10-08T20:01:41.7576629Z (node:2324) [DEP0005] DeprecationWarning: Buffer() is deprecated due to security and usability issues. Please use the Buffer.alloc(), Buffer.allocUnsafe(), or Buffer.from() methods instead.
2026-10-08T20:01:41.7578003Z (Use `node --trace-deprecation ...` to show where the warning was created)
2026-10-08T20:01:41.7716172Z SHA256 digest of downloaded artifact is 569fd3c50a28765a3c3110dc56afbea80c33dd734014aec61bc9e906244619e7
2026-10-08T20:01:41.7716890Z Artifact download completed successfully.
2026-10-08T20:01:41.7717275Z Total of 1 artifact(s) downloaded
2026-10-08T20:01:41.7720955Z Download artifact has finished successfully
2026-10-08T20:01:41.8063119Z ##[group]Run dtolnay/rust-toolchain@89b12181fb390509a0842a86cc55eeb8eb928c1d
2026-10-08T20:01:41.8063643Z with:
2026-10-08T20:01:41.8063918Z   components: rustfmt, clippy
2026-10-08T20:01:41.8064239Z   toolchain: stable
2026-10-08T20:01:41.8064514Z ##[endgroup]
2026-10-08T20:01:41.8137491Z ##[start-action display=Parse toolchain version;id=__dtolnay_rust-toolchain.parse]
2026-10-08T20:01:41.8206135Z ##[group]Run if [[ -z $toolchain ]]; then
2026-10-08T20:01:41.8206592Z [36;1mif [[ -z $toolchain ]]; then[0m
2026-10-08T20:01:41.8207220Z [36;1m  # GitHub does not enforce `required: true` inputs itself. https://github.com/actions/runner/issues/1070[0m
2026-10-08T20:01:41.8207870Z [36;1m  echo "'toolchain' is a required input" >&2[0m
2026-10-08T20:01:41.8208236Z [36;1m  exit 1[0m
2026-10-08T20:01:41.8208652Z [36;1melif [[ $toolchain =~ ^stable' '[0-9]+' '(year|month|week|day)s?' 'ago$ ]]; then[0m
2026-10-08T20:01:41.8209146Z [36;1m  if [[ Linux == macOS ]]; then[0m
2026-10-08T20:01:41.8209801Z [36;1m    echo "toolchain=1.$((($(date -v-$(sed 's/stable \([0-9]*\) \(.\).*/\1\2/' <<< $toolchain) +%s)/60/60/24-16569)/7/6))" >> $GITHUB_OUTPUT[0m
2026-10-08T20:01:41.8210389Z [36;1m  else[0m
2026-10-08T20:01:41.8210880Z [36;1m    echo "toolchain=1.$((($(date --date "${toolchain#stable }" +%s)/60/60/24-16569)/7/6))" >> $GITHUB_OUTPUT[0m
2026-10-08T20:01:41.8211423Z [36;1m  fi[0m
2026-10-08T20:01:41.8211801Z [36;1melif [[ $toolchain =~ ^stable' 'minus' '[0-9]+' 'releases?$ ]]; then[0m
2026-10-08T20:01:41.8212434Z [36;1m  echo "toolchain=1.$((($(date +%s)/60/60/24-16569)/7/6-${toolchain//[^0-9]/}))" >> $GITHUB_OUTPUT[0m
2026-10-08T20:01:41.8213235Z [36;1melif [[ $toolchain =~ ^1\.[0-9]+$ ]]; then[0m
2026-10-08T20:01:41.8213843Z [36;1m  echo "toolchain=1.$((i=${toolchain#1.}, c=($(date +%s)/60/60/24-16569)/7/6, i+9*i*(10*i<=c)+90*i*(100*i<=c)))" >> $GITHUB_OUTPUT[0m
2026-10-08T20:01:41.8214421Z [36;1melse[0m
2026-10-08T20:01:41.8214750Z [36;1m  echo "toolchain=$toolchain" >> $GITHUB_OUTPUT[0m
2026-10-08T20:01:41.8215113Z [36;1mfi[0m
2026-10-08T20:01:41.8486005Z shell: /usr/bin/bash --noprofile --norc -e -o pipefail {0}
2026-10-08T20:01:41.8486572Z env:
2026-10-08T20:01:41.8486897Z   toolchain: stable
2026-10-08T20:01:41.8487250Z ##[endgroup]
2026-10-08T20:01:41.8634136Z ##[end-action id=__dtolnay_rust-toolchain.parse;outcome=success;conclusion=success;duration_ms=49]
2026-10-08T20:01:41.8648295Z ##[start-action display=Construct rustup command line;id=__dtolnay_rust-toolchain.flags]
2026-10-08T20:01:41.8692025Z ##[group]Run echo "targets=$(for t in ${targets//,/ }; do echo -n ' --target' $t; done)" >> $GITHUB_OUTPUT
2026-10-08T20:01:41.8692814Z [36;1mecho "targets=$(for t in ${targets//,/ }; do echo -n ' --target' $t; done)" >> $GITHUB_OUTPUT[0m
2026-10-08T20:01:41.8693863Z [36;1mecho "components=$(for c in ${components//,/ }; do echo -n ' --component' $c; done)" >> $GITHUB_OUTPUT[0m
2026-10-08T20:01:41.8694446Z [36;1mecho "downgrade=" >> $GITHUB_OUTPUT[0m
2026-10-08T20:01:41.8760608Z shell: /usr/bin/bash --noprofile --norc -e -o pipefail {0}
2026-10-08T20:01:41.8761036Z env:
2026-10-08T20:01:41.8761288Z   targets: 
2026-10-08T20:01:41.8761577Z   components: rustfmt, clippy
2026-10-08T20:01:41.8761903Z ##[endgroup]
2026-10-08T20:01:41.8869852Z ##[end-action id=__dtolnay_rust-toolchain.flags;outcome=success;conclusion=success;duration_ms=22]
2026-10-08T20:01:41.8872727Z ##[start-action display=Set $CARGO_HOME;id=__dtolnay_rust-toolchain.__run]
2026-10-08T20:01:41.8905789Z ##[group]Run echo CARGO_HOME=${CARGO_HOME:-"$HOME/.cargo"} >> $GITHUB_ENV
2026-10-08T20:01:41.8906362Z [36;1mecho CARGO_HOME=${CARGO_HOME:-"$HOME/.cargo"} >> $GITHUB_ENV[0m
2026-10-08T20:01:41.8978856Z shell: /usr/bin/bash --noprofile --norc -e -o pipefail {0}
2026-10-08T20:01:41.8979301Z ##[endgroup]
2026-10-08T20:01:41.9082348Z ##[end-action id=__dtolnay_rust-toolchain.__run;outcome=success;conclusion=success;duration_ms=20]
2026-10-08T20:01:41.9085610Z ##[start-action display=Install rustup if needed;id=__dtolnay_rust-toolchain.__run_2]
2026-10-08T20:01:41.9167160Z ##[group]Run if ! command -v rustup &>/dev/null; then
2026-10-08T20:01:41.9167618Z [36;1mif ! command -v rustup &>/dev/null; then[0m
2026-10-08T20:01:41.9168499Z [36;1m  curl --proto '=https' --tlsv1.2 --retry 10 --retry-connrefused --location --silent --show-error --fail https://sh.rustup.rs | sh -s -- --default-toolchain none -y[0m
2026-10-08T20:01:41.9169373Z [36;1m  echo "$CARGO_HOME/bin" >> $GITHUB_PATH[0m
2026-10-08T20:01:41.9169738Z [36;1mfi[0m
2026-10-08T20:01:41.9237363Z shell: /usr/bin/bash --noprofile --norc -e -o pipefail {0}
2026-10-08T20:01:41.9237803Z env:
2026-10-08T20:01:41.9238085Z   CARGO_HOME: /home/runner/.cargo
2026-10-08T20:01:41.9238415Z ##[endgroup]
2026-10-08T20:01:41.9336495Z ##[end-action id=__dtolnay_rust-toolchain.__run_2;outcome=success;conclusion=success;duration_ms=25]
2026-10-08T20:01:41.9339238Z ##[start-action display=Install rustup if needed on windows;id=__dtolnay_rust-toolchain.__run_3]
2026-10-08T20:01:41.9346922Z ##[end-action id=__dtolnay_rust-toolchain.__run_3;outcome=skipped;conclusion=skipped;duration_ms=0]
2026-10-08T20:01:41.9360949Z ##[start-action display=rustup toolchain install stable;id=__dtolnay_rust-toolchain.__run_4]
2026-10-08T20:01:41.9396280Z ##[group]Run log=$(mktemp)
2026-10-08T20:01:41.9396643Z [36;1mlog=$(mktemp)[0m
2026-10-08T20:01:41.9396984Z [36;1mtrap 'rm -f "$log"' EXIT[0m
2026-10-08T20:01:41.9397331Z [36;1mfor attempt in 1 2 3 4 5; do[0m
2026-10-08T20:01:41.9398096Z [36;1m  if rustup toolchain install stable --component rustfmt --component clippy --profile minimal --no-self-update --force-non-host 2>&1 | tee "$log"; then[0m
2026-10-08T20:01:41.9398845Z [36;1m    break[0m
2026-10-08T20:01:41.9399119Z [36;1m  else[0m
2026-10-08T20:01:41.9399398Z [36;1m    status=$?[0m
2026-10-08T20:01:41.9399688Z [36;1m  fi[0m
2026-10-08T20:01:41.9400083Z [36;1m  if [[ $attempt == 5 ]] || ! grep -Fq 'checksum failed for ' "$log" \[0m
2026-10-08T20:01:41.9400749Z [36;1m      || ! grep -Fq 'this is likely due to an ongoing update of the official release server' "$log"; then[0m
2026-10-08T20:01:41.9401331Z [36;1m    exit "$status"[0m
2026-10-08T20:01:41.9401647Z [36;1m  fi[0m
2026-10-08T20:01:41.9402101Z [36;1m  echo "Retrying rustup toolchain install in 30 seconds (retry $attempt of 4)" >&2[0m
2026-10-08T20:01:41.9402613Z [36;1m  sleep 30[0m
2026-10-08T20:01:41.9403135Z [36;1mdone[0m
2026-10-08T20:01:41.9471492Z shell: /usr/bin/bash --noprofile --norc -e -o pipefail {0}
2026-10-08T20:01:41.9471920Z env:
2026-10-08T20:01:41.9472206Z   CARGO_HOME: /home/runner/.cargo
2026-10-08T20:01:41.9472558Z   RUSTUP_PERMIT_COPY_RENAME: 1
2026-10-08T20:01:41.9473131Z ##[endgroup]
2026-10-08T20:01:42.1549506Z info: syncing channel updates for stable-x86_64-unknown-linux-gnu
2026-10-08T20:01:42.2694808Z info: latest update on 2026-10-01 for version 1.99.0 (b940084d7 2026-09-28)
2026-10-08T20:01:42.2891030Z info: component clippy is up to date
2026-10-08T20:01:42.2891833Z info: component rustfmt is up to date
2026-10-08T20:01:42.2905548Z 
2026-10-08T20:01:42.3008314Z   stable-x86_64-unknown-linux-gnu unchanged - rustc 1.99.0 (b940084d7 2026-09-28)
2026-10-08T20:01:42.3008939Z 
2026-10-08T20:01:42.3057775Z ##[end-action id=__dtolnay_rust-toolchain.__run_4;outcome=success;conclusion=success;duration_ms=369]
2026-10-08T20:01:42.3063460Z ##[start-action display=rustup default stable;id=__dtolnay_rust-toolchain.__run_5]
2026-10-08T20:01:42.3096975Z ##[group]Run rustup default stable --force-non-host
2026-10-08T20:01:42.3097456Z [36;1mrustup default stable --force-non-host[0m
2026-10-08T20:01:42.3169980Z shell: /usr/bin/bash --noprofile --norc -e -o pipefail {0}
2026-10-08T20:01:42.3170419Z env:
2026-10-08T20:01:42.3170704Z   CARGO_HOME: /home/runner/.cargo
2026-10-08T20:01:42.3171050Z ##[endgroup]
2026-10-08T20:01:42.3307335Z info: using existing install for stable-x86_64-unknown-linux-gnu
2026-10-08T20:01:42.3316172Z info: default toolchain set to stable-x86_64-unknown-linux-gnu
2026-10-08T20:01:42.3316848Z 
2026-10-08T20:01:42.3391022Z   stable-x86_64-unknown-linux-gnu unchanged - rustc 1.99.0 (b940084d7 2026-09-28)
2026-10-08T20:01:42.3391844Z 
2026-10-08T20:01:42.3422719Z ##[end-action id=__dtolnay_rust-toolchain.__run_5;outcome=success;conclusion=success;duration_ms=35]
2026-10-08T20:01:42.3425935Z ##[start-action display=Create cachekey;id=__dtolnay_rust-toolchain.rustc-version]
2026-10-08T20:01:42.3460665Z ##[group]Run DATE=$(rustc +stable --version --verbose | sed -ne 's/^commit-date: \(20[0-9][0-9]\)-\([01][0-9]\)-\([0-3][0-9]\)$/\1\2\3/p')
2026-10-08T20:01:42.3461628Z [36;1mDATE=$(rustc +stable --version --verbose | sed -ne 's/^commit-date: \(20[0-9][0-9]\)-\([01][0-9]\)-\([0-3][0-9]\)$/\1\2\3/p')[0m
2026-10-08T20:01:42.3462393Z [36;1mHASH=$(rustc +stable --version --verbose | sed -ne 's/^commit-hash: //p')[0m
2026-10-08T20:01:42.3463290Z [36;1mecho "cachekey=$(echo $DATE$HASH | head -c12)" >> $GITHUB_OUTPUT[0m
2026-10-08T20:01:42.3532772Z shell: /usr/bin/bash --noprofile --norc -e -o pipefail {0}
2026-10-08T20:01:42.3533499Z env:
2026-10-08T20:01:42.3533816Z   CARGO_HOME: /home/runner/.cargo
2026-10-08T20:01:42.3534156Z ##[endgroup]
2026-10-08T20:01:42.3914012Z ##[end-action id=__dtolnay_rust-toolchain.rustc-version;outcome=success;conclusion=success;duration_ms=48]
2026-10-08T20:01:42.3917315Z ##[start-action display=Disable incremental compilation;id=__dtolnay_rust-toolchain.__run_6]
2026-10-08T20:01:42.3950459Z ##[group]Run if [ -z "${CARGO_INCREMENTAL+set}" ]; then
2026-10-08T20:01:42.3950944Z [36;1mif [ -z "${CARGO_INCREMENTAL+set}" ]; then[0m
2026-10-08T20:01:42.3951356Z [36;1m  echo CARGO_INCREMENTAL=0 >> $GITHUB_ENV[0m
2026-10-08T20:01:42.3951721Z [36;1mfi[0m
2026-10-08T20:01:42.4022714Z shell: /usr/bin/bash --noprofile --norc -e -o pipefail {0}
2026-10-08T20:01:42.4023511Z env:
2026-10-08T20:01:42.4023802Z   CARGO_HOME: /home/runner/.cargo
2026-10-08T20:01:42.4024145Z ##[endgroup]
2026-10-08T20:01:42.4143510Z ##[end-action id=__dtolnay_rust-toolchain.__run_6;outcome=success;conclusion=success;duration_ms=22]
2026-10-08T20:01:42.4147881Z ##[start-action display=Enable colors in Cargo output;id=__dtolnay_rust-toolchain.__run_7]
2026-10-08T20:01:42.4197833Z ##[group]Run if [ -z "${CARGO_TERM_COLOR+set}" ]; then
2026-10-08T20:01:42.4198627Z [36;1mif [ -z "${CARGO_TERM_COLOR+set}" ]; then[0m
2026-10-08T20:01:42.4199385Z [36;1m  echo CARGO_TERM_COLOR=always >> $GITHUB_ENV[0m
2026-10-08T20:01:42.4200075Z [36;1mfi[0m
2026-10-08T20:01:42.4275433Z shell: /usr/bin/bash --noprofile --norc -e -o pipefail {0}
2026-10-08T20:01:42.4275861Z env:
2026-10-08T20:01:42.4276131Z   CARGO_HOME: /home/runner/.cargo
2026-10-08T20:01:42.4276475Z   CARGO_INCREMENTAL: 0
2026-10-08T20:01:42.4276761Z ##[endgroup]
2026-10-08T20:01:42.4371120Z ##[end-action id=__dtolnay_rust-toolchain.__run_7;outcome=success;conclusion=success;duration_ms=22]
2026-10-08T20:01:42.4374034Z ##[start-action display=Enable Cargo sparse registry;id=__dtolnay_rust-toolchain.__run_8]
2026-10-08T20:01:42.4406476Z ##[group]Run # implemented in 1.66, stabilized in 1.68, made default in 1.70
2026-10-08T20:01:42.4407072Z [36;1m# implemented in 1.66, stabilized in 1.68, made default in 1.70[0m
2026-10-08T20:01:42.4407873Z [36;1mif [ -z "${CARGO_REGISTRIES_CRATES_IO_PROTOCOL+set}" -o -f "/home/runner/work/_temp"/.implicit_cargo_registries_crates_io_protocol ]; then[0m
2026-10-08T20:01:42.4408837Z [36;1m  if rustc +stable --version --verbose | grep -q '^release: 1\.6[89]\.'; then[0m
2026-10-08T20:01:42.4409506Z [36;1m    touch "/home/runner/work/_temp"/.implicit_cargo_registries_crates_io_protocol || true[0m
2026-10-08T20:01:42.4410211Z [36;1m    echo CARGO_REGISTRIES_CRATES_IO_PROTOCOL=sparse >> $GITHUB_ENV[0m
2026-10-08T20:01:42.4410808Z [36;1m  elif rustc +stable --version --verbose | grep -q '^release: 1\.6[67]\.'; then[0m
2026-10-08T20:01:42.4411478Z [36;1m    touch "/home/runner/work/_temp"/.implicit_cargo_registries_crates_io_protocol || true[0m
2026-10-08T20:01:42.4412231Z [36;1m    echo CARGO_REGISTRIES_CRATES_IO_PROTOCOL=git >> $GITHUB_ENV[0m
2026-10-08T20:01:42.4412659Z [36;1m  fi[0m
2026-10-08T20:01:42.4413157Z [36;1mfi[0m
2026-10-08T20:01:42.4477673Z shell: /usr/bin/bash --noprofile --norc -e -o pipefail {0}
2026-10-08T20:01:42.4478094Z env:
2026-10-08T20:01:42.4478369Z   CARGO_HOME: /home/runner/.cargo
2026-10-08T20:01:42.4478703Z   CARGO_INCREMENTAL: 0
2026-10-08T20:01:42.4479008Z   CARGO_TERM_COLOR: always
2026-10-08T20:01:42.4479309Z ##[endgroup]
2026-10-08T20:01:42.4827662Z ##[end-action id=__dtolnay_rust-toolchain.__run_8;outcome=success;conclusion=success;duration_ms=45]
2026-10-08T20:01:42.4830949Z ##[start-action display=Work around spurious network errors in curl 8.0;id=__dtolnay_rust-toolchain.__run_9]
2026-10-08T20:01:42.4864698Z ##[group]Run # https://rust-lang.zulipchat.com/#narrow/stream/246057-t-cargo/topic/timeout.20investigation
2026-10-08T20:01:42.4865539Z [36;1m# https://rust-lang.zulipchat.com/#narrow/stream/246057-t-cargo/topic/timeout.20investigation[0m
2026-10-08T20:01:42.4866250Z [36;1mif rustc +stable --version --verbose | grep -q '^release: 1\.7[01]\.'; then[0m
2026-10-08T20:01:42.4866798Z [36;1m  echo CARGO_HTTP_MULTIPLEXING=false >> $GITHUB_ENV[0m
2026-10-08T20:01:42.4867178Z [36;1mfi[0m
2026-10-08T20:01:42.4936488Z shell: /usr/bin/bash --noprofile --norc -e -o pipefail {0}
2026-10-08T20:01:42.4936909Z env:
2026-10-08T20:01:42.4937193Z   CARGO_HOME: /home/runner/.cargo
2026-10-08T20:01:42.4937523Z   CARGO_INCREMENTAL: 0
2026-10-08T20:01:42.4937814Z   CARGO_TERM_COLOR: always
2026-10-08T20:01:42.4938114Z ##[endgroup]
2026-10-08T20:01:42.5156756Z ##[end-action id=__dtolnay_rust-toolchain.__run_9;outcome=success;conclusion=success;duration_ms=32]
2026-10-08T20:01:42.5161066Z ##[start-action display=rustc +stable --version --verbose;id=__dtolnay_rust-toolchain.__run_10]
2026-10-08T20:01:42.5193669Z ##[group]Run rustc +stable --version --verbose
2026-10-08T20:01:42.5194106Z [36;1mrustc +stable --version --verbose[0m
2026-10-08T20:01:42.5260954Z shell: /usr/bin/bash --noprofile --norc -e -o pipefail {0}
2026-10-08T20:01:42.5261379Z env:
2026-10-08T20:01:42.5261661Z   CARGO_HOME: /home/runner/.cargo
2026-10-08T20:01:42.5261997Z   CARGO_INCREMENTAL: 0
2026-10-08T20:01:42.5262297Z   CARGO_TERM_COLOR: always
2026-10-08T20:01:42.5262597Z ##[endgroup]
2026-10-08T20:01:42.5460409Z rustc 1.99.0 (b940084d7 2026-09-28)
2026-10-08T20:01:42.5461538Z binary: rustc
2026-10-08T20:01:42.5462542Z commit-hash: b940084d7eb6a299eb4bfeb8e34901bc051e7ac4
2026-10-08T20:01:42.5463615Z commit-date: 2026-09-28
2026-10-08T20:01:42.5464165Z host: x86_64-unknown-linux-gnu
2026-10-08T20:01:42.5464717Z release: 1.99.0
2026-10-08T20:01:42.5465178Z LLVM version: 23.1.1
2026-10-08T20:01:42.5484291Z ##[end-action id=__dtolnay_rust-toolchain.__run_10;outcome=success;conclusion=success;duration_ms=32]
2026-10-08T20:01:42.5612207Z ##[group]Run Swatinem/rust-cache@6323deb102c322ba6fcbdcafc7e3dddab59af2b6
2026-10-08T20:01:42.5612699Z with:
2026-10-08T20:01:42.5613269Z   prefix-key: v0-rust
2026-10-08T20:01:42.5613588Z   add-job-id-key: true
2026-10-08T20:01:42.5613910Z   add-rust-environment-hash-key: true
2026-10-08T20:01:42.5614276Z   cache-targets: true
2026-10-08T20:01:42.5614617Z   cache-all-crates: false
2026-10-08T20:01:42.5614936Z   cache-workspace-crates: false
2026-10-08T20:01:42.5615275Z   save-if: true
2026-10-08T20:01:42.5615552Z   cache-provider: github
2026-10-08T20:01:42.5616056Z   cache-bin: true
2026-10-08T20:01:42.5616330Z   lookup-only: false
2026-10-08T20:01:42.5616604Z   cmd-format: {0}
2026-10-08T20:01:42.5616863Z env:
2026-10-08T20:01:42.5617131Z   CARGO_HOME: /home/runner/.cargo
2026-10-08T20:01:42.5617458Z   CARGO_INCREMENTAL: 0
2026-10-08T20:01:42.5617745Z   CARGO_TERM_COLOR: always
2026-10-08T20:01:42.5618037Z ##[endgroup]
2026-10-08T20:01:43.0180365Z ##[group]Cache Configuration
2026-10-08T20:01:43.0181167Z Cache Provider:
2026-10-08T20:01:43.0181593Z     github
2026-10-08T20:01:43.0181971Z Workspaces:
2026-10-08T20:01:43.0182405Z     /home/runner/work/uma-sim/uma-sim
2026-10-08T20:01:43.0183208Z Cache Paths:
2026-10-08T20:01:43.0183652Z     /home/runner/.cargo/bin
2026-10-08T20:01:43.0184190Z     /home/runner/.cargo/.crates.toml
2026-10-08T20:01:43.0184764Z     /home/runner/.cargo/.crates2.json
2026-10-08T20:01:43.0185300Z     /home/runner/.cargo/registry
2026-10-08T20:01:43.0185779Z     /home/runner/.cargo/git
2026-10-08T20:01:43.0186303Z     /home/runner/work/uma-sim/uma-sim/target
2026-10-08T20:01:43.0186923Z Restore Key:
2026-10-08T20:01:43.0187398Z     v0-rust-rust-Linux-x64-c7b3ef7d
2026-10-08T20:01:43.0187938Z Cache Key:
2026-10-08T20:01:43.0188431Z     v0-rust-rust-Linux-x64-c7b3ef7d-d4037fbb
2026-10-08T20:01:43.0188998Z .. Prefix:
2026-10-08T20:01:43.0189411Z   - v0-rust-rust-Linux-x64
2026-10-08T20:01:43.0189917Z .. Environment considered:
2026-10-08T20:01:43.0190417Z   - Rust Versions:
2026-10-08T20:01:43.0191148Z     - 1.99.0 x86_64-unknown-linux-gnu b940084d7eb6a299eb4bfeb8e34901bc051e7ac4
2026-10-08T20:01:43.0191907Z   - CARGO_HOME
2026-10-08T20:01:43.0192292Z   - CARGO_INCREMENTAL
2026-10-08T20:01:43.0192692Z   - CARGO_TERM_COLOR
2026-10-08T20:01:43.0193370Z .. Lockfiles considered:
2026-10-08T20:01:43.0193871Z   - /home/runner/work/uma-sim/uma-sim/Cargo.lock
2026-10-08T20:01:43.0194614Z   - /home/runner/work/uma-sim/uma-sim/uma-race-core/Cargo.toml
2026-10-08T20:01:43.0195467Z   - /home/runner/work/uma-sim/uma-sim/uma-sim-core/Cargo.toml
2026-10-08T20:01:43.0196534Z ##[endgroup]
2026-10-08T20:01:43.0196782Z 
2026-10-08T20:01:43.0196987Z ... Restoring cache ...
2026-10-08T20:01:43.0971137Z Cache hit for: v0-rust-rust-Linux-x64-c7b3ef7d-d4037fbb
2026-10-08T20:01:43.6279148Z Received 81539103 of 81539103 (100.0%), 161.3 MBs/sec
2026-10-08T20:01:43.6280155Z Cache Size: ~78 MB (81539103 B)
2026-10-08T20:01:43.6319768Z [command]/usr/bin/tar -xf /home/runner/work/_temp/77dd37a8-eed6-4d41-826e-4571662afbdb/cache.tzst -P -C /home/runner/work/uma-sim/uma-sim --use-compress-program unzstd
2026-10-08T20:01:44.1577780Z Cache restored successfully
2026-10-08T20:01:44.1615153Z Restored from cache key "v0-rust-rust-Linux-x64-c7b3ef7d-d4037fbb" full match: true.
2026-10-08T20:01:44.1745560Z ##[group]Run cargo fmt --all -- --check
2026-10-08T20:01:44.1745933Z [36;1mcargo fmt --all -- --check[0m
2026-10-08T20:01:44.1811467Z shell: /usr/bin/bash -e {0}
2026-10-08T20:01:44.1811754Z env:
2026-10-08T20:01:44.1811974Z   CARGO_HOME: /home/runner/.cargo
2026-10-08T20:01:44.1812280Z   CARGO_INCREMENTAL: 0
2026-10-08T20:01:44.1812537Z   CARGO_TERM_COLOR: always
2026-10-08T20:01:44.1812799Z   CACHE_ON_FAILURE: false
2026-10-08T20:01:44.1813271Z ##[endgroup]
2026-10-08T20:01:46.1557383Z ##[group]Run cargo clippy --workspace --all-targets --locked
2026-10-08T20:01:46.1558371Z [36;1mcargo clippy --workspace --all-targets --locked[0m
2026-10-08T20:01:46.1649175Z shell: /usr/bin/bash -e {0}
2026-10-08T20:01:46.1649828Z env:
2026-10-08T20:01:46.1650327Z   CARGO_HOME: /home/runner/.cargo
2026-10-08T20:01:46.1651072Z   CARGO_INCREMENTAL: 0
2026-10-08T20:01:46.1651628Z   CARGO_TERM_COLOR: always
2026-10-08T20:01:46.1652265Z   CACHE_ON_FAILURE: false
2026-10-08T20:01:46.1653235Z ##[endgroup]
2026-10-08T20:01:46.9005448Z [1m[92m    Updating[0m crates.io index
2026-10-08T20:01:47.6056268Z [1m[92m    Checking[0m uma-race-core v0.1.0 (/home/runner/work/uma-sim/uma-sim/uma-race-core)
2026-10-08T20:01:47.6058144Z [1m[92m   Compiling[0m uma-sim-core v0.1.0 (/home/runner/work/uma-sim/uma-sim/uma-sim-core)
2026-10-08T20:01:49.2981516Z [1m[33mwarning[0m[1m: manually reimplementing `div_ceil`[0m
2026-10-08T20:01:49.2982818Z   [1m[94m--> [0muma-race-core/src/compete_fight.rs:33:16
2026-10-08T20:01:49.2984083Z    [1m[94m|[0m
2026-10-08T20:01:49.2985190Z [1m[94m33[0m [1m[94m|[0m     let half = (field_size + 1) / 2; // ceil(n/2)
2026-10-08T20:01:49.2986641Z    [1m[94m|[0m                [1m[33m^^^^^^^^^^^^^^^^^^^^[0m [1m[33mhelp: consider using `.div_ceil()`: `field_size.div_ceil(2)`[0m
2026-10-08T20:01:49.2987799Z    [1m[94m|[0m
2026-10-08T20:01:49.2989208Z    [1m[94m= [0m[1mhelp[0m: for further information visit https://rust-lang.github.io/rust-clippy/rust-1.99.0/index.html#manual_div_ceil
2026-10-08T20:01:49.2995402Z    [1m[94m= [0m[1mnote[0m: `#[warn(clippy::manual_div_ceil)]` on by default
2026-10-08T20:01:49.2995930Z 
2026-10-08T20:01:50.0554485Z [1m[33mwarning[0m[1m: using `contains()` instead of `iter().any()` is more efficient[0m
2026-10-08T20:01:50.0556008Z    [1m[94m--> [0muma-race-core/src/condition/skill.rs:176:8
2026-10-08T20:01:50.0557026Z     [1m[94m|[0m
2026-10-08T20:01:50.0557910Z [1m[94m176[0m [1m[94m|[0m     if SCENARIO.iter().any(|s| *s == skill_id) {
2026-10-08T20:01:50.0559452Z     [1m[94m|[0m        [1m[33m^^^^^^^^^^^^^^^^^^^^^^^^^^^^^^^^^^^^^^^[0m [1m[33mhelp: try: `SCENARIO.contains(&skill_id)`[0m
2026-10-08T20:01:50.0560550Z     [1m[94m|[0m
2026-10-08T20:01:50.0562114Z     [1m[94m= [0m[1mhelp[0m: for further information visit https://rust-lang.github.io/rust-clippy/rust-1.99.0/index.html#manual_contains
2026-10-08T20:01:50.0564566Z     [1m[94m= [0m[1mnote[0m: `#[warn(clippy::manual_contains)]` on by default
2026-10-08T20:01:50.0565083Z 
2026-10-08T20:01:50.0765095Z [1m[33mwarning[0m[1m: this OR pattern can be rewritten using a range[0m
2026-10-08T20:01:50.0767190Z    [1m[94m--> [0muma-race-core/src/condition/skill.rs:282:83
2026-10-08T20:01:50.0768307Z     [1m[94m|[0m
2026-10-08T20:01:50.0770143Z [1m[94m282[0m [1m[94m|[0m             let skip_wisdom = green_skip || matches!(payload.rarity.unwrap_or(1), 3 | 4 | 5);
2026-10-08T20:01:50.0772519Z     [1m[94m|[0m                                                                                   [1m[33m^^^^^^^^^[0m [1m[33mhelp: try: `3..=5`[0m
2026-10-08T20:01:50.0774514Z     [1m[94m|[0m
2026-10-08T20:01:50.0776706Z     [1m[94m= [0m[1mhelp[0m: for further information visit https://rust-lang.github.io/rust-clippy/rust-1.99.0/index.html#manual_range_patterns
2026-10-08T20:01:50.0778873Z     [1m[94m= [0m[1mnote[0m: `#[warn(clippy::manual_range_patterns)]` on by default
2026-10-08T20:01:50.0779614Z 
2026-10-08T20:01:50.1135833Z [1m[33mwarning[0m[1m: this function has too many arguments (11/7)[0m
2026-10-08T20:01:50.1137505Z   [1m[94m--> [0muma-race-core/src/pos_keep.rs:86:1
2026-10-08T20:01:50.1138663Z    [1m[94m|[0m
2026-10-08T20:01:50.1139689Z [1m[94m86[0m [1m[94m|[0m [1m[33m/[0m pub fn tick_nige_pos_keep(
2026-10-08T20:01:50.1141320Z [1m[94m87[0m [1m[94m|[0m [1m[33m|[0m     state: PosKeepState,
2026-10-08T20:01:50.1143653Z [1m[94m88[0m [1m[94m|[0m [1m[33m|[0m     strategy: Strategy,
2026-10-08T20:01:50.1145412Z [1m[94m89[0m [1m[94m|[0m [1m[33m|[0m     am_i_pacer: bool,
2026-10-08T20:01:50.1146579Z [1m[94m...[0m  [1m[33m|[0m
2026-10-08T20:01:50.1147772Z [1m[94m97[0m [1m[94m|[0m [1m[33m|[0m     section_len: f64,
2026-10-08T20:01:50.1149077Z [1m[94m98[0m [1m[94m|[0m [1m[33m|[0m ) -> (PosKeepState, f64, f64, f64) {
2026-10-08T20:01:50.1150256Z    [1m[94m|[0m [1m[33m|__________________________________^[0m
2026-10-08T20:01:50.1151286Z    [1m[94m|[0m
2026-10-08T20:01:50.1152869Z    [1m[94m= [0m[1mhelp[0m: for further information visit https://rust-lang.github.io/rust-clippy/rust-1.99.0/index.html#too_many_arguments
2026-10-08T20:01:50.1155136Z    [1m[94m= [0m[1mnote[0m: `#[warn(clippy::too_many_arguments)]` on by default
2026-10-08T20:01:50.1156072Z 
2026-10-08T20:01:50.1156724Z [1m[33mwarning[0m[1m: this function has too many arguments (13/7)[0m
2026-10-08T20:01:50.1157836Z    [1m[94m--> [0muma-race-core/src/pos_keep.rs:151:1
2026-10-08T20:01:50.1158677Z     [1m[94m|[0m
2026-10-08T20:01:50.1159624Z [1m[94m151[0m [1m[94m|[0m [1m[33m/[0m pub fn tick_pack_pos_keep(
2026-10-08T20:01:50.1160828Z [1m[94m152[0m [1m[94m|[0m [1m[33m|[0m     state: PosKeepState,
2026-10-08T20:01:50.1161993Z [1m[94m153[0m [1m[94m|[0m [1m[33m|[0m     strategy: Strategy,
2026-10-08T20:01:50.1163413Z [1m[94m154[0m [1m[94m|[0m [1m[33m|[0m     behind: f64,
2026-10-08T20:01:50.1164308Z [1m[94m...[0m   [1m[33m|[0m
2026-10-08T20:01:50.1165108Z [1m[94m164[0m [1m[94m|[0m [1m[33m|[0m     section_len: f64,
2026-10-08T20:01:50.1166071Z [1m[94m165[0m [1m[94m|[0m [1m[33m|[0m ) -> (PosKeepState, f64, f64, f64) {
2026-10-08T20:01:50.1166997Z     [1m[94m|[0m [1m[33m|__________________________________^[0m
2026-10-08T20:01:50.1167691Z     [1m[94m|[0m
2026-10-08T20:01:50.1168958Z     [1m[94m= [0m[1mhelp[0m: for further information visit https://rust-lang.github.io/rust-clippy/rust-1.99.0/index.html#too_many_arguments
2026-10-08T20:01:50.1169964Z 
2026-10-08T20:01:50.1170496Z [1m[33mwarning[0m[1m: this function has too many arguments (12/7)[0m
2026-10-08T20:01:50.1171367Z   [1m[94m--> [0muma-race-core/src/runner.rs:74:1
2026-10-08T20:01:50.1171987Z    [1m[94m|[0m
2026-10-08T20:01:50.1172579Z [1m[94m74[0m [1m[94m|[0m [1m[33m/[0m fn apply_gate_skills(
2026-10-08T20:01:50.1173392Z [1m[94m75[0m [1m[94m|[0m [1m[33m|[0m     pending: &mut Vec<PendingSkill>,
2026-10-08T20:01:50.1173911Z [1m[94m76[0m [1m[94m|[0m [1m[33m|[0m     h: &mut HorseInput,
2026-10-08T20:01:50.1174400Z [1m[94m77[0m [1m[94m|[0m [1m[33m|[0m     start_delay: &mut f64,
2026-10-08T20:01:50.1174785Z [1m[94m...[0m  [1m[33m|[0m
2026-10-08T20:01:50.1175144Z [1m[94m86[0m [1m[94m|[0m [1m[33m|[0m     num_umas: u32,
2026-10-08T20:01:50.1175589Z [1m[94m87[0m [1m[94m|[0m [1m[33m|[0m ) -> GatePhysics {
2026-10-08T20:01:50.1175983Z    [1m[94m|[0m [1m[33m|________________^[0m
2026-10-08T20:01:50.1176299Z    [1m[94m|[0m
2026-10-08T20:01:50.1176982Z    [1m[94m= [0m[1mhelp[0m: for further information visit https://rust-lang.github.io/rust-clippy/rust-1.99.0/index.html#too_many_arguments
2026-10-08T20:01:50.1177535Z 
2026-10-08T20:01:50.1375483Z [1m[33mwarning[0m[1m: this function has too many arguments (8/7)[0m
2026-10-08T20:01:50.1377023Z    [1m[94m--> [0muma-race-core/src/runner.rs:379:5
2026-10-08T20:01:50.1378218Z     [1m[94m|[0m
2026-10-08T20:01:50.1379163Z [1m[94m379[0m [1m[94m|[0m [1m[33m/[0m     fn build(
2026-10-08T20:01:50.1380394Z [1m[94m380[0m [1m[94m|[0m [1m[33m|[0m         course: &Course,
2026-10-08T20:01:50.1381760Z [1m[94m381[0m [1m[94m|[0m [1m[33m|[0m         ground: GroundCondition,
2026-10-08T20:01:50.1383354Z [1m[94m382[0m [1m[94m|[0m [1m[33m|[0m         horse: &HorseInput,
2026-10-08T20:01:50.1384438Z [1m[94m...[0m   [1m[33m|[0m
2026-10-08T20:01:50.1385624Z [1m[94m387[0m [1m[94m|[0m [1m[33m|[0m         num_umas: u32,
2026-10-08T20:01:50.1386786Z [1m[94m388[0m [1m[94m|[0m [1m[33m|[0m     ) -> Self {
2026-10-08T20:01:50.1387636Z     [1m[94m|[0m [1m[33m|_____________^[0m
2026-10-08T20:01:50.1388357Z     [1m[94m|[0m
2026-10-08T20:01:50.1389693Z     [1m[94m= [0m[1mhelp[0m: for further information visit https://rust-lang.github.io/rust-clippy/rust-1.99.0/index.html#too_many_arguments
2026-10-08T20:01:50.1390798Z 
2026-10-08T20:01:50.1622401Z [1m[33mwarning[0m[1m: struct update has no effect, all the fields in the struct have already been specified[0m
2026-10-08T20:01:50.1624147Z     [1m[94m--> [0muma-race-core/src/runner.rs:1303:15
2026-10-08T20:01:50.1624975Z      [1m[94m|[0m
2026-10-08T20:01:50.1625864Z [1m[94m1303[0m [1m[94m|[0m             ..Default::default()
2026-10-08T20:01:50.1627150Z      [1m[94m|[0m               [1m[33m^^^^^^^^^^^^^^^^^^[0m
2026-10-08T20:01:50.1628117Z      [1m[94m|[0m
2026-10-08T20:01:50.1629634Z      [1m[94m= [0m[1mhelp[0m: for further information visit https://rust-lang.github.io/rust-clippy/rust-1.99.0/index.html#needless_update
2026-10-08T20:01:50.1631231Z      [1m[94m= [0m[1mnote[0m: `#[warn(clippy::needless_update)]` on by default
2026-10-08T20:01:50.1631810Z 
2026-10-08T20:01:50.1673776Z [1m[33mwarning[0m[1m: this function has too many arguments (15/7)[0m
2026-10-08T20:01:50.1674737Z    [1m[94m--> [0muma-race-core/src/solver.rs:430:1
2026-10-08T20:01:50.1675437Z     [1m[94m|[0m
2026-10-08T20:01:50.1676079Z [1m[94m430[0m [1m[94m|[0m [1m[33m/[0m pub(crate) fn dynamics_ok(
2026-10-08T20:01:50.1677044Z [1m[94m431[0m [1m[94m|[0m [1m[33m|[0m     dynamics: &[DynamicPred],
2026-10-08T20:01:50.1677879Z [1m[94m432[0m [1m[94m|[0m [1m[33m|[0m     t: f64,
2026-10-08T20:01:50.1678731Z [1m[94m433[0m [1m[94m|[0m [1m[33m|[0m     is_last_spurt: bool,
2026-10-08T20:01:50.1679509Z [1m[94m...[0m   [1m[33m|[0m
2026-10-08T20:01:50.1680646Z [1m[94m445[0m [1m[94m|[0m [1m[33m|[0m     used_skills: &std::collections::HashSet<String>,
2026-10-08T20:01:50.1681632Z [1m[94m446[0m [1m[94m|[0m [1m[33m|[0m ) -> bool {
2026-10-08T20:01:50.1682331Z     [1m[94m|[0m [1m[33m|_________^[0m
2026-10-08T20:01:50.1683163Z     [1m[94m|[0m
2026-10-08T20:01:50.1684471Z     [1m[94m= [0m[1mhelp[0m: for further information visit https://rust-lang.github.io/rust-clippy/rust-1.99.0/index.html#too_many_arguments
2026-10-08T20:01:50.1685486Z 
2026-10-08T20:01:50.1691141Z [1m[33mwarning[0m[1m: this function has too many arguments (8/7)[0m
2026-10-08T20:01:50.1692132Z    [1m[94m--> [0muma-race-core/src/special_conditions.rs:161:5
2026-10-08T20:01:50.1693313Z     [1m[94m|[0m
2026-10-08T20:01:50.1694387Z [1m[94m161[0m [1m[94m|[0m [1m[33m/[0m     pub fn tick(
2026-10-08T20:01:50.1702841Z [1m[94m162[0m [1m[94m|[0m [1m[33m|[0m         &mut self,
2026-10-08T20:01:50.1704250Z [1m[94m163[0m [1m[94m|[0m [1m[33m|[0m         rng: &mut PrandoRng,
2026-10-08T20:01:50.1705357Z [1m[94m164[0m [1m[94m|[0m [1m[33m|[0m         phase: Phase,
2026-10-08T20:01:50.1706255Z [1m[94m...[0m   [1m[33m|[0m
2026-10-08T20:01:50.1707189Z [1m[94m169[0m [1m[94m|[0m [1m[33m|[0m         horse_lane: f64,
2026-10-08T20:01:50.1708167Z [1m[94m170[0m [1m[94m|[0m [1m[33m|[0m     ) {
2026-10-08T20:01:50.1708952Z     [1m[94m|[0m [1m[33m|_____^[0m
2026-10-08T20:01:50.1709625Z     [1m[94m|[0m
2026-10-08T20:01:50.1711048Z     [1m[94m= [0m[1mhelp[0m: for further information visit https://rust-lang.github.io/rust-clippy/rust-1.99.0/index.html#too_many_arguments
2026-10-08T20:01:50.1712166Z 
2026-10-08T20:01:50.1713148Z [1m[33mwarning[0m[1m: this function has too many arguments (8/7)[0m
2026-10-08T20:01:50.1714144Z    [1m[94m--> [0muma-race-core/src/special_conditions.rs:201:5
2026-10-08T20:01:50.1714822Z     [1m[94m|[0m
2026-10-08T20:01:50.1715474Z [1m[94m201[0m [1m[94m|[0m [1m[33m/[0m     pub fn on_frame(
2026-10-08T20:01:50.1716751Z [1m[94m202[0m [1m[94m|[0m [1m[33m|[0m         &mut self,
2026-10-08T20:01:50.1717603Z [1m[94m203[0m [1m[94m|[0m [1m[33m|[0m         dt: f64,
2026-10-08T20:01:50.1718658Z [1m[94m204[0m [1m[94m|[0m [1m[33m|[0m         phase: Phase,
2026-10-08T20:01:50.1719564Z [1m[94m...[0m   [1m[33m|[0m
2026-10-08T20:01:50.1720406Z [1m[94m209[0m [1m[94m|[0m [1m[33m|[0m         horse_lane: f64,
2026-10-08T20:01:50.1721343Z [1m[94m210[0m [1m[94m|[0m [1m[33m|[0m     ) {
2026-10-08T20:01:50.1722025Z     [1m[94m|[0m [1m[33m|_____^[0m
2026-10-08T20:01:50.1722582Z     [1m[94m|[0m
2026-10-08T20:01:50.1724097Z     [1m[94m= [0m[1mhelp[0m: for further information visit https://rust-lang.github.io/rust-clippy/rust-1.99.0/index.html#too_many_arguments
2026-10-08T20:01:50.1725108Z 
2026-10-08T20:01:50.1764047Z [1m[33mwarning[0m[1m: this operation has no effect[0m
2026-10-08T20:01:50.1785557Z    [1m[94m--> [0muma-race-core/src/solver.rs:982:40
2026-10-08T20:01:50.1786441Z     [1m[94m|[0m
2026-10-08T20:01:50.1787182Z [1m[94m982[0m [1m[94m|[0m         assert_eq!(gate_block(16, 18), 1 + (24 - 16) % 8);
2026-10-08T20:01:50.1788305Z     [1m[94m|[0m                                        [1m[33m^^^^^^^^^^^^^^^^^[0m [1m[33mhelp: consider reducing it to: `1`[0m
2026-10-08T20:01:50.1789084Z     [1m[94m|[0m
2026-10-08T20:01:50.1790149Z     [1m[94m= [0m[1mhelp[0m: for further information visit https://rust-lang.github.io/rust-clippy/rust-1.99.0/index.html#identity_op
2026-10-08T20:01:50.1791592Z     [1m[94m= [0m[1mnote[0m: `#[warn(clippy::identity_op)]` on by default
2026-10-08T20:01:50.1792099Z 
2026-10-08T20:01:50.1959216Z [1m[33mwarning[0m: `uma-race-core` (lib) generated 11 warnings (2 duplicates) (run `cargo clippy --fix --lib -p uma-race-core -- ` to apply 3 suggestions)
2026-10-08T20:01:50.2045324Z [1m[33mwarning[0m: `uma-race-core` (lib test) generated 12 warnings (9 duplicates) (run `cargo clippy --fix --lib -p uma-race-core --tests -- ` to apply 1 suggestion)
2026-10-08T20:01:50.2904954Z [1m[33mwarning[0m[1m: manual `RangeInclusive::contains` implementation[0m
2026-10-08T20:01:50.2906965Z   [1m[94m--> [0muma-race-core/tests/probe_residual.rs:75:16
2026-10-08T20:01:50.2933582Z    [1m[94m|[0m
2026-10-08T20:01:50.2934209Z [1m[94m75[0m [1m[94m|[0m             || (i >= 105 && i <= 130)
2026-10-08T20:01:50.2935233Z    [1m[94m|[0m                [1m[33m^^^^^^^^^^^^^^^^^^^^^^[0m [1m[33mhelp: use: `(105..=130).contains(&i)`[0m
2026-10-08T20:01:50.2936019Z    [1m[94m|[0m
2026-10-08T20:01:50.2937240Z    [1m[94m= [0m[1mhelp[0m: for further information visit https://rust-lang.github.io/rust-clippy/rust-1.99.0/index.html#manual_range_contains
2026-10-08T20:01:50.2938790Z    [1m[94m= [0m[1mnote[0m: `#[warn(clippy::manual_range_contains)]` on by default
2026-10-08T20:01:50.2939360Z 
2026-10-08T20:01:50.2939891Z [1m[33mwarning[0m[1m: manual `RangeInclusive::contains` implementation[0m
2026-10-08T20:01:50.2975123Z   [1m[94m--> [0muma-race-core/tests/probe_residual.rs:76:18
2026-10-08T20:01:50.3003620Z    [1m[94m|[0m
2026-10-08T20:01:50.3013998Z [1m[94m76[0m [1m[94m|[0m             || ((i >= 60 && i <= 180 && i % 5 == 0) || i < 5);
2026-10-08T20:01:50.3034082Z    [1m[94m|[0m                  [1m[33m^^^^^^^^^^^^^^^^^^^[0m [1m[33mhelp: use: `(60..=180).contains(&i)`[0m
2026-10-08T20:01:50.3063795Z    [1m[94m|[0m
2026-10-08T20:01:50.3076637Z    [1m[94m= [0m[1mhelp[0m: for further information visit https://rust-lang.github.io/rust-clippy/rust-1.99.0/index.html#manual_range_contains
2026-10-08T20:01:50.3078013Z 
2026-10-08T20:01:50.3079566Z [1m[33mwarning[0m: `uma-race-core` (test "probe_residual") generated 2 warnings (run `cargo clippy --fix --test "probe_residual" -p uma-race-core -- ` to apply 2 suggestions)
2026-10-08T20:01:52.3481593Z [1m[33mwarning[0m[1m: consider using `sort_by_key`[0m
2026-10-08T20:01:52.3483400Z    [1m[94m--> [0muma-sim-core/src/batch_analysis.rs:174:5
2026-10-08T20:01:52.3484719Z     [1m[94m|[0m
2026-10-08T20:01:52.3485744Z [1m[94m174[0m [1m[94m|[0m     top.sort_by(|a, b| b.score.cmp(&a.score));
2026-10-08T20:01:52.3487040Z     [1m[94m|[0m     [1m[33m^^^^^^^^^^^^^^^^^^^^^^^^^^^^^^^^^^^^^^^^^[0m
2026-10-08T20:01:52.3487926Z     [1m[94m|[0m
2026-10-08T20:01:52.3489558Z     [1m[94m= [0m[1mhelp[0m: for further information visit https://rust-lang.github.io/rust-clippy/rust-1.99.0/index.html#unnecessary_sort_by
2026-10-08T20:01:52.3491281Z     [1m[94m= [0m[1mnote[0m: `#[warn(clippy::unnecessary_sort_by)]` on by default
2026-10-08T20:01:52.3492119Z [1m[96mhelp[0m: try
2026-10-08T20:01:52.3492606Z     [1m[94m|[0m
2026-10-08T20:01:52.3493605Z [1m[94m174[0m [91m- [0m    top.[91msort_by(|a, b| b.score.cmp(&a.score))[0m;
2026-10-08T20:01:52.3495140Z [1m[94m174[0m [92m+ [0m    top.[92msort_by_key(|a| std::cmp::Reverse(a.score))[0m;
2026-10-08T20:01:52.3495951Z     [1m[94m|[0m
2026-10-08T20:01:52.3496200Z 
2026-10-08T20:01:52.3553901Z [1m[33mwarning[0m[1m: manual implementation of `.is_multiple_of()`[0m
2026-10-08T20:01:52.3555026Z    [1m[94m--> [0muma-sim-core/src/batch_pairs.rs:192:21
2026-10-08T20:01:52.3555808Z     [1m[94m|[0m
2026-10-08T20:01:52.3556550Z [1m[94m192[0m [1m[94m|[0m     let median = if count % 2 == 0 {
2026-10-08T20:01:52.3557759Z     [1m[94m|[0m                     [1m[33m^^^^^^^^^^^^^^[0m [1m[33mhelp: replace with: `count.is_multiple_of(2)`[0m
2026-10-08T20:01:52.3558729Z     [1m[94m|[0m
2026-10-08T20:01:52.3560081Z     [1m[94m= [0m[1mhelp[0m: for further information visit https://rust-lang.github.io/rust-clippy/rust-1.99.0/index.html#manual_is_multiple_of
2026-10-08T20:01:52.3561921Z     [1m[94m= [0m[1mnote[0m: `#[warn(clippy::manual_is_multiple_of)]` on by default
2026-10-08T20:01:52.3562671Z 
2026-10-08T20:01:52.4038184Z [1m[33mwarning[0m[1m: this `if` statement can be collapsed[0m
2026-10-08T20:01:52.4039170Z     [1m[94m--> [0muma-sim-core/src/career_lab.rs:1531:13
2026-10-08T20:01:52.4039841Z      [1m[94m|[0m
2026-10-08T20:01:52.4040569Z [1m[94m1531[0m [1m[94m|[0m [1m[33m/[0m             if name.starts_with(".tmp-") {
2026-10-08T20:01:52.4041912Z [1m[94m1532[0m [1m[94m|[0m [1m[33m|[0m                 if fs::remove_file(de.path()).is_ok() {
2026-10-08T20:01:52.4043219Z [1m[94m1533[0m [1m[94m|[0m [1m[33m|[0m                     removed += 1;
2026-10-08T20:01:52.4044104Z [1m[94m1534[0m [1m[94m|[0m [1m[33m|[0m                 }
2026-10-08T20:01:52.4044858Z [1m[94m1535[0m [1m[94m|[0m [1m[33m|[0m             }
2026-10-08T20:01:52.4045757Z      [1m[94m|[0m [1m[33m|_____________^[0m
2026-10-08T20:01:52.4046332Z      [1m[94m|[0m
2026-10-08T20:01:52.4047546Z      [1m[94m= [0m[1mhelp[0m: for further information visit https://rust-lang.github.io/rust-clippy/rust-1.99.0/index.html#collapsible_if
2026-10-08T20:01:52.4049145Z      [1m[94m= [0m[1mnote[0m: `#[warn(clippy::collapsible_if)]` on by default
2026-10-08T20:01:52.4049960Z [1m[96mhelp[0m: collapse nested if block
2026-10-08T20:01:52.4050523Z      [1m[94m|[0m
2026-10-08T20:01:52.4051149Z [1m[94m1531[0m [92m~ [0m            if name.starts_with(".tmp-")
2026-10-08T20:01:52.4052306Z [1m[94m1532[0m [92m~ [0m                [92m&&[0m fs::remove_file(de.path()).is_ok() {
2026-10-08T20:01:52.4053610Z [1m[94m1533[0m [1m[94m|[0m                     removed += 1;
2026-10-08T20:01:52.4054411Z [1m[94m1534[0m [92m~ [0m                }
2026-10-08T20:01:52.4054951Z      [1m[94m|[0m
2026-10-08T20:01:52.4055186Z 
2026-10-08T20:01:52.4550191Z [1m[33mwarning[0m[1m: this `impl` can be derived[0m
2026-10-08T20:01:52.4551158Z   [1m[94m--> [0muma-sim-core/src/catalog/factor.rs:35:1
2026-10-08T20:01:52.4551847Z    [1m[94m|[0m
2026-10-08T20:01:52.4552621Z [1m[94m35[0m [1m[94m|[0m [1m[33m/[0m impl Default for FactorCatalogState {
2026-10-08T20:01:52.4553919Z [1m[94m36[0m [1m[94m|[0m [1m[33m|[0m     fn default() -> Self {
2026-10-08T20:01:52.4555106Z [1m[94m37[0m [1m[94m|[0m [1m[33m|[0m         Self {
2026-10-08T20:01:52.4556314Z [1m[94m38[0m [1m[94m|[0m [1m[33m|[0m             by_id: HashMap::new(),
2026-10-08T20:01:52.4557120Z [1m[94m...[0m  [1m[33m|[0m
2026-10-08T20:01:52.4557733Z [1m[94m42[0m [1m[94m|[0m [1m[33m|[0m }
2026-10-08T20:01:52.4558358Z    [1m[94m|[0m [1m[33m|_^[0m
2026-10-08T20:01:52.4559138Z    [1m[94m|[0m
2026-10-08T20:01:52.4560476Z    [1m[94m= [0m[1mhelp[0m: for further information visit https://rust-lang.github.io/rust-clippy/rust-1.99.0/index.html#derivable_impls
2026-10-08T20:01:52.4562074Z    [1m[94m= [0m[1mnote[0m: `#[warn(clippy::derivable_impls)]` on by default
2026-10-08T20:01:52.4563421Z [1m[96mhelp[0m: replace the manual implementation with a derive attribute
2026-10-08T20:01:52.4564540Z    [1m[94m|[0m
2026-10-08T20:01:52.4565092Z [1m[94m30[0m [92m+ #[derive(Default)][0m
2026-10-08T20:01:52.4565874Z [1m[94m31[0m [1m[94m|[0m struct FactorCatalogState {
2026-10-08T20:01:52.4566541Z    [1m[94m|[0m
2026-10-08T20:01:52.4566779Z 
2026-10-08T20:01:52.4593559Z [1m[33mwarning[0m[1m: this `impl` can be derived[0m
2026-10-08T20:01:52.4594800Z   [1m[94m--> [0muma-sim-core/src/catalog/support.rs:45:1
2026-10-08T20:01:52.4595681Z    [1m[94m|[0m
2026-10-08T20:01:52.4596552Z [1m[94m45[0m [1m[94m|[0m [1m[33m/[0m impl Default for SupportCatalogState {
2026-10-08T20:01:52.4597721Z [1m[94m46[0m [1m[94m|[0m [1m[33m|[0m     fn default() -> Self {
2026-10-08T20:01:52.4598731Z [1m[94m47[0m [1m[94m|[0m [1m[33m|[0m         Self {
2026-10-08T20:01:52.4599879Z [1m[94m48[0m [1m[94m|[0m [1m[33m|[0m             by_id: HashMap::new(),
2026-10-08T20:01:52.4600812Z [1m[94m...[0m  [1m[33m|[0m
2026-10-08T20:01:52.4601564Z [1m[94m53[0m [1m[94m|[0m [1m[33m|[0m }
2026-10-08T20:01:52.4602372Z    [1m[94m|[0m [1m[33m|_^[0m
2026-10-08T20:01:52.4603221Z    [1m[94m|[0m
2026-10-08T20:01:52.4604510Z    [1m[94m= [0m[1mhelp[0m: for further information visit https://rust-lang.github.io/rust-clippy/rust-1.99.0/index.html#derivable_impls
2026-10-08T20:01:52.4606049Z [1m[96mhelp[0m: replace the manual implementation with a derive attribute
2026-10-08T20:01:52.4606877Z    [1m[94m|[0m
2026-10-08T20:01:52.4607613Z [1m[94m39[0m [92m+ #[derive(Default)][0m
2026-10-08T20:01:52.4608543Z [1m[94m40[0m [1m[94m|[0m struct SupportCatalogState {
2026-10-08T20:01:52.4609372Z    [1m[94m|[0m
2026-10-08T20:01:52.4609715Z 
2026-10-08T20:01:52.4610487Z [1m[33mwarning[0m[1m: consider using `sort_by_key`[0m
2026-10-08T20:01:52.4611350Z    [1m[94m--> [0muma-sim-core/src/catalog/support.rs:118:9
2026-10-08T20:01:52.4612039Z     [1m[94m|[0m
2026-10-08T20:01:52.4613217Z [1m[94m118[0m [1m[94m|[0m         rows.sort_by(|a, b| a.name.to_lowercase().cmp(&b.name.to_lowercase()));
2026-10-08T20:01:52.4614541Z     [1m[94m|[0m         [1m[33m^^^^^^^^^^^^^^^^^^^^^^^^^^^^^^^^^^^^^^^^^^^^^^^^^^^^^^^^^^^^^^^^^^^^^^[0m
2026-10-08T20:01:52.4615337Z     [1m[94m|[0m
2026-10-08T20:01:52.4616628Z     [1m[94m= [0m[1mhelp[0m: for further information visit https://rust-lang.github.io/rust-clippy/rust-1.99.0/index.html#unnecessary_sort_by
2026-10-08T20:01:52.4617927Z [1m[96mhelp[0m: try
2026-10-08T20:01:52.4618409Z     [1m[94m|[0m
2026-10-08T20:01:52.4619383Z [1m[94m118[0m [91m- [0m        rows.[91msort_by(|a, b| a.name.to_lowercase().cmp(&b.name.to_lowercase()))[0m;
2026-10-08T20:01:52.4620656Z [1m[94m118[0m [92m+ [0m        rows.[92msort_by_key(|a| a.name.to_lowercase())[0m;
2026-10-08T20:01:52.4621477Z     [1m[94m|[0m
2026-10-08T20:01:52.4621720Z 
2026-10-08T20:01:52.4622304Z [1m[33mwarning[0m[1m: this `impl` can be derived[0m
2026-10-08T20:01:52.4623563Z   [1m[94m--> [0muma-sim-core/src/catalog/trainee.rs:55:1
2026-10-08T20:01:52.4624259Z    [1m[94m|[0m
2026-10-08T20:01:52.4624983Z [1m[94m55[0m [1m[94m|[0m [1m[33m/[0m impl Default for TraineeCatalogState {
2026-10-08T20:01:52.4626242Z [1m[94m56[0m [1m[94m|[0m [1m[33m|[0m     fn default() -> Self {
2026-10-08T20:01:52.4627338Z [1m[94m57[0m [1m[94m|[0m [1m[33m|[0m         Self {
2026-10-08T20:01:52.4628329Z [1m[94m58[0m [1m[94m|[0m [1m[33m|[0m             by_name: HashMap::new(),
2026-10-08T20:01:52.4629234Z [1m[94m...[0m  [1m[33m|[0m
2026-10-08T20:01:52.4629929Z [1m[94m65[0m [1m[94m|[0m [1m[33m|[0m }
2026-10-08T20:01:52.4630693Z    [1m[94m|[0m [1m[33m|_^[0m
2026-10-08T20:01:52.4631362Z    [1m[94m|[0m
2026-10-08T20:01:52.4632656Z    [1m[94m= [0m[1mhelp[0m: for further information visit https://rust-lang.github.io/rust-clippy/rust-1.99.0/index.html#derivable_impls
2026-10-08T20:01:52.4634742Z [1m[96mhelp[0m: replace the manual implementation with a derive attribute
2026-10-08T20:01:52.4635828Z    [1m[94m|[0m
2026-10-08T20:01:52.4636366Z [1m[94m47[0m [92m+ #[derive(Default)][0m
2026-10-08T20:01:52.4637114Z [1m[94m48[0m [1m[94m|[0m struct TraineeCatalogState {
2026-10-08T20:01:52.4637783Z    [1m[94m|[0m
2026-10-08T20:01:52.4638016Z 
2026-10-08T20:01:52.4647519Z [1m[33mwarning[0m[1m: consider using `sort_by_key`[0m
2026-10-08T20:01:52.4648432Z    [1m[94m--> [0muma-sim-core/src/catalog/trainee.rs:371:9
2026-10-08T20:01:52.4649124Z     [1m[94m|[0m
2026-10-08T20:01:52.4650010Z [1m[94m371[0m [1m[94m|[0m         rows.sort_by(|a, b| a.name.to_lowercase().cmp(&b.name.to_lowercase()));
2026-10-08T20:01:52.4651201Z     [1m[94m|[0m         [1m[33m^^^^^^^^^^^^^^^^^^^^^^^^^^^^^^^^^^^^^^^^^^^^^^^^^^^^^^^^^^^^^^^^^^^^^^[0m
2026-10-08T20:01:52.4651987Z     [1m[94m|[0m
2026-10-08T20:01:52.4653537Z     [1m[94m= [0m[1mhelp[0m: for further information visit https://rust-lang.github.io/rust-clippy/rust-1.99.0/index.html#unnecessary_sort_by
2026-10-08T20:01:52.4654837Z [1m[96mhelp[0m: try
2026-10-08T20:01:52.4655308Z     [1m[94m|[0m
2026-10-08T20:01:52.4656284Z [1m[94m371[0m [91m- [0m        rows.[91msort_by(|a, b| a.name.to_lowercase().cmp(&b.name.to_lowercase()))[0m;
2026-10-08T20:01:52.4657526Z [1m[94m371[0m [92m+ [0m        rows.[92msort_by_key(|a| a.name.to_lowercase())[0m;
2026-10-08T20:01:52.4658316Z     [1m[94m|[0m
2026-10-08T20:01:52.4658545Z 
2026-10-08T20:01:52.5134275Z [1m[33mwarning[0m[1m: this `let...else` may be rewritten with the `?` operator[0m
2026-10-08T20:01:52.5135285Z    [1m[94m--> [0muma-sim-core/src/config.rs:464:9
2026-10-08T20:01:52.5135912Z     [1m[94m|[0m
2026-10-08T20:01:52.5136930Z [1m[94m464[0m [1m[94m|[0m [1m[33m/[0m         let Some(id) = Self::epithet_for_win(race_id) else {
2026-10-08T20:01:52.5137853Z [1m[94m465[0m [1m[94m|[0m [1m[33m|[0m             return None;
2026-10-08T20:01:52.5138526Z [1m[94m466[0m [1m[94m|[0m [1m[33m|[0m         };
2026-10-08T20:01:52.5139592Z     [1m[94m|[0m [1m[33m|__________^[0m [1m[33mhelp: replace it with: `let id = Self::epithet_for_win(race_id)?;`[0m
2026-10-08T20:01:52.5140436Z     [1m[94m|[0m
2026-10-08T20:01:52.5141465Z     [1m[94m= [0m[1mhelp[0m: for further information visit https://rust-lang.github.io/rust-clippy/rust-1.99.0/index.html#question_mark
2026-10-08T20:01:52.5142766Z     [1m[94m= [0m[1mnote[0m: `#[warn(clippy::question_mark)]` on by default
2026-10-08T20:01:52.5143494Z 
2026-10-08T20:01:52.5211456Z [1m[33mwarning[0m[1m: redundant closure[0m
2026-10-08T20:01:52.5212204Z    [1m[94m--> [0muma-sim-core/src/deck.rs:285:18
2026-10-08T20:01:52.5212845Z     [1m[94m|[0m
2026-10-08T20:01:52.5213943Z [1m[94m285[0m [1m[94m|[0m             .map(|s| Self::to_resolved_card(s))
2026-10-08T20:01:52.5215615Z     [1m[94m|[0m                  [1m[33m^^^^^^^^^^^^^^^^^^^^^^^^^^^^^[0m [1m[33mhelp: replace the closure with the associated function itself: `Self::to_resolved_card`[0m
2026-10-08T20:01:52.5216810Z     [1m[94m|[0m
2026-10-08T20:01:52.5218314Z     [1m[94m= [0m[1mhelp[0m: for further information visit https://rust-lang.github.io/rust-clippy/rust-1.99.0/index.html#redundant_closure
2026-10-08T20:01:52.5219958Z     [1m[94m= [0m[1mnote[0m: `#[warn(clippy::redundant_closure)]` on by default
2026-10-08T20:01:52.5220522Z 
2026-10-08T20:01:52.5263692Z [1m[33mwarning[0m[1m: redundant closure[0m
2026-10-08T20:01:52.5264495Z    [1m[94m--> [0muma-sim-core/src/engine.rs:521:58
2026-10-08T20:01:52.5265143Z     [1m[94m|[0m
2026-10-08T20:01:52.5266222Z [1m[94m521[0m [1m[94m|[0m         self.play_to_completion_with_policy(max_actions, |choices| default_auto_policy(choices));
2026-10-08T20:01:52.5268127Z     [1m[94m|[0m                                                          [1m[33m^^^^^^^^^^^^^^^^^^^^^^^^^^^^^^^^^^^^^^[0m [1m[33mhelp: replace the closure with the function itself: `default_auto_policy`[0m
2026-10-08T20:01:52.5269331Z     [1m[94m|[0m
2026-10-08T20:01:52.5270850Z     [1m[94m= [0m[1mhelp[0m: for further information visit https://rust-lang.github.io/rust-clippy/rust-1.99.0/index.html#redundant_closure
2026-10-08T20:01:52.5271845Z 
2026-10-08T20:01:52.5471363Z [1m[33mwarning[0m[1m: this `if` has identical blocks[0m
2026-10-08T20:01:52.5472240Z    [1m[94m--> [0muma-sim-core/src/engine.rs:916:9
2026-10-08T20:01:52.5473103Z     [1m[94m|[0m
2026-10-08T20:01:52.5473703Z [1m[94m916[0m [1m[94m|[0m [1m[33m/[0m         {
2026-10-08T20:01:52.5474467Z [1m[94m917[0m [1m[94m|[0m [1m[33m|[0m             0
2026-10-08T20:01:52.5475523Z [1m[94m918[0m [1m[94m|[0m [1m[33m|[0m         } else if (scenario == "trackblazer" || scenario == "tb")
2026-10-08T20:01:52.5476447Z     [1m[94m|[0m [1m[33m|_________^[0m
2026-10-08T20:01:52.5477009Z     [1m[94m|[0m
2026-10-08T20:01:52.5477462Z [1m[92mnote[0m: same as this
2026-10-08T20:01:52.5478098Z    [1m[94m--> [0muma-sim-core/src/engine.rs:920:9
2026-10-08T20:01:52.5478721Z     [1m[94m|[0m
2026-10-08T20:01:52.5479284Z [1m[94m920[0m [1m[94m|[0m [1m[92m/[0m         {
2026-10-08T20:01:52.5480027Z [1m[94m921[0m [1m[94m|[0m [1m[92m|[0m             0
2026-10-08T20:01:52.5480821Z [1m[94m922[0m [1m[94m|[0m [1m[92m|[0m         } else {
2026-10-08T20:01:52.5481519Z     [1m[94m|[0m [1m[92m|_________^[0m
2026-10-08T20:01:52.5483070Z     [1m[94m= [0m[1mhelp[0m: for further information visit https://rust-lang.github.io/rust-clippy/rust-1.99.0/index.html#if_same_then_else
2026-10-08T20:01:52.5484729Z     [1m[94m= [0m[1mnote[0m: `#[warn(clippy::if_same_then_else)]` on by default
2026-10-08T20:01:52.5485230Z 
2026-10-08T20:01:52.5602379Z [1m[33mwarning[0m[1m: literal with an empty format string[0m
2026-10-08T20:01:52.5603567Z    [1m[94m--> [0muma-sim-core/src/policy_external.rs:161:44
2026-10-08T20:01:52.5604268Z     [1m[94m|[0m
2026-10-08T20:01:52.5605059Z [1m[94m161[0m [1m[94m|[0m         let _ = writeln!(self.stdin, "{}", r#"{"cmd":"quit"}"#);
2026-10-08T20:01:52.5606114Z     [1m[94m|[0m                                            [1m[33m^^^^^^^^^^^^^^^^^^^[0m
2026-10-08T20:01:52.5606838Z     [1m[94m|[0m
2026-10-08T20:01:52.5608053Z     [1m[94m= [0m[1mhelp[0m: for further information visit https://rust-lang.github.io/rust-clippy/rust-1.99.0/index.html#write_literal
2026-10-08T20:01:52.5609689Z     [1m[94m= [0m[1mnote[0m: `#[warn(clippy::write_literal)]` on by default
2026-10-08T20:01:52.5610455Z [1m[96mhelp[0m: try
2026-10-08T20:01:52.5610915Z     [1m[94m|[0m
2026-10-08T20:01:52.5611751Z [1m[94m161[0m [91m- [0m        let _ = writeln!(self.stdin, "{}"[91m, r#"{"cmd":"quit"}"#[0m);
2026-10-08T20:01:52.5613370Z [1m[94m161[0m [92m+ [0m        let _ = writeln!(self.stdin, "{[92m{\"cmd\":\"quit\"}[0m}");
2026-10-08T20:01:52.5614232Z     [1m[94m|[0m
2026-10-08T20:01:52.5614506Z 
2026-10-08T20:01:52.5666471Z [1m[33mwarning[0m[1m: this OR pattern can be rewritten using a range[0m
2026-10-08T20:01:52.5667468Z    [1m[94m--> [0muma-sim-core/src/race.rs:524:9
2026-10-08T20:01:52.5668097Z     [1m[94m|[0m
2026-10-08T20:01:52.5668707Z [1m[94m524[0m [1m[94m|[0m         11 | 12 | 13 => "th",
2026-10-08T20:01:52.5669872Z     [1m[94m|[0m         [1m[33m^^^^^^^^^^^^[0m [1m[33mhelp: try: `11..=13`[0m
2026-10-08T20:01:52.5670585Z     [1m[94m|[0m
2026-10-08T20:01:52.5671830Z     [1m[94m= [0m[1mhelp[0m: for further information visit https://rust-lang.github.io/rust-clippy/rust-1.99.0/index.html#manual_range_patterns
2026-10-08T20:01:52.5673776Z     [1m[94m= [0m[1mnote[0m: `#[warn(clippy::manual_range_patterns)]` on by default
2026-10-08T20:01:52.5674378Z 
2026-10-08T20:01:52.5684531Z [1m[33mwarning[0m[1m: manual implementation of `isolate_lowest_one`[0m
2026-10-08T20:01:52.5685448Z   [1m[94m--> [0muma-sim-core/src/rng.rs:62:16
2026-10-08T20:01:52.5686069Z    [1m[94m|[0m
2026-10-08T20:01:52.5686685Z [1m[94m62[0m [1m[94m|[0m             if n & -n == n {
2026-10-08T20:01:52.5687915Z    [1m[94m|[0m                [1m[33m^^^^^^[0m [1m[33mhelp: consider using `.isolate_lowest_one()`: `n.isolate_lowest_one()`[0m
2026-10-08T20:01:52.5702512Z    [1m[94m|[0m
2026-10-08T20:01:52.5704150Z    [1m[94m= [0m[1mhelp[0m: for further information visit https://rust-lang.github.io/rust-clippy/rust-1.99.0/index.html#manual_isolate_lowest_one
2026-10-08T20:01:52.5705899Z    [1m[94m= [0m[1mnote[0m: `#[warn(clippy::manual_isolate_lowest_one)]` on by default
2026-10-08T20:01:52.5706505Z 
2026-10-08T20:01:52.5726751Z [1m[33mwarning[0m[1m: this function has too many arguments (9/7)[0m
2026-10-08T20:01:52.5727804Z    [1m[94m--> [0muma-sim-core/src/scenario/grand_live.rs:193:5
2026-10-08T20:01:52.5728517Z     [1m[94m|[0m
2026-10-08T20:01:52.5729256Z [1m[94m193[0m [1m[94m|[0m [1m[33m/[0m     pub fn load_community_calibration(
2026-10-08T20:01:52.5730312Z [1m[94m194[0m [1m[94m|[0m [1m[33m|[0m         gate_before_1st: Option<Vec<i32>>,
2026-10-08T20:01:52.5731423Z [1m[94m195[0m [1m[94m|[0m [1m[33m|[0m         gate_before_2nd_4th: Option<Vec<i32>>,
2026-10-08T20:01:52.5732514Z [1m[94m196[0m [1m[94m|[0m [1m[33m|[0m         gate_before_grand: Option<Vec<i32>>,
2026-10-08T20:01:52.5733620Z [1m[94m...[0m   [1m[33m|[0m
2026-10-08T20:01:52.5734407Z [1m[94m202[0m [1m[94m|[0m [1m[33m|[0m         cycle_max: Option<i32>,
2026-10-08T20:01:52.5735256Z [1m[94m203[0m [1m[94m|[0m [1m[33m|[0m     ) {
2026-10-08T20:01:52.5735899Z     [1m[94m|[0m [1m[33m|_____^[0m
2026-10-08T20:01:52.5736418Z     [1m[94m|[0m
2026-10-08T20:01:52.5737657Z     [1m[94m= [0m[1mhelp[0m: for further information visit https://rust-lang.github.io/rust-clippy/rust-1.99.0/index.html#too_many_arguments
2026-10-08T20:01:52.5739298Z     [1m[94m= [0m[1mnote[0m: `#[warn(clippy::too_many_arguments)]` on by default
2026-10-08T20:01:52.5739895Z 
2026-10-08T20:01:52.5860366Z [1m[33mwarning[0m[1m: used consecutive `str::replace` call[0m
2026-10-08T20:01:52.5861497Z   [1m[94m--> [0muma-sim-core/src/scenario/grand_live_deck_support.rs:11:14
2026-10-08T20:01:52.5862272Z    [1m[94m|[0m
2026-10-08T20:01:52.5863135Z [1m[94m11[0m [1m[94m|[0m               .replace('_', " ")
2026-10-08T20:01:52.5863934Z    [1m[94m|[0m [1m[33m ______________^[0m
2026-10-08T20:01:52.5864794Z [1m[94m12[0m [1m[94m|[0m [1m[33m|[0m             .replace('-', " ");
2026-10-08T20:01:52.5866047Z    [1m[94m|[0m [1m[33m|______________________________^[0m [1m[33mhelp: replace with: `replace(['_', '-'], " ")`[0m
2026-10-08T20:01:52.5867019Z    [1m[94m|[0m
2026-10-08T20:01:52.5868349Z    [1m[94m= [0m[1mhelp[0m: for further information visit https://rust-lang.github.io/rust-clippy/rust-1.99.0/index.html#collapsible_str_replace
2026-10-08T20:01:52.5870073Z    [1m[94m= [0m[1mnote[0m: `#[warn(clippy::collapsible_str_replace)]` on by default
2026-10-08T20:01:52.5870685Z 
2026-10-08T20:01:52.5979822Z [1m[33mwarning[0m[1m: unnecessary use of `to_string`[0m
2026-10-08T20:01:52.5980773Z    [1m[94m--> [0muma-sim-core/src/scenario/ura.rs:266:59
2026-10-08T20:01:52.5981454Z     [1m[94m|[0m
2026-10-08T20:01:52.5982651Z [1m[94m266[0m [1m[94m|[0m             .map(|f| format!("Contest of {}!", capitalize(&f.key().to_string())))
2026-10-08T20:01:52.5984307Z     [1m[94m|[0m                                                           [1m[33m^^^^^^^^^^^^^^^^^^^^[0m [1m[33mhelp: use: `f.key()`[0m
2026-10-08T20:01:52.5985208Z     [1m[94m|[0m
2026-10-08T20:01:52.5986476Z     [1m[94m= [0m[1mhelp[0m: for further information visit https://rust-lang.github.io/rust-clippy/rust-1.99.0/index.html#unnecessary_to_owned
2026-10-08T20:01:52.5988120Z     [1m[94m= [0m[1mnote[0m: `#[warn(clippy::unnecessary_to_owned)]` on by default
2026-10-08T20:01:52.5988705Z 
2026-10-08T20:01:52.5989145Z [1m[33mwarning[0m[1m: unnecessary use of `to_string`[0m
2026-10-08T20:01:52.5989995Z    [1m[94m--> [0muma-sim-core/src/scenario/ura.rs:278:50
2026-10-08T20:01:52.5990960Z     [1m[94m|[0m
2026-10-08T20:01:52.5991797Z [1m[94m278[0m [1m[94m|[0m                 format!("{} +{gain}", capitalize(&f.key().to_string()))
2026-10-08T20:01:52.5993349Z     [1m[94m|[0m                                                  [1m[33m^^^^^^^^^^^^^^^^^^^^[0m [1m[33mhelp: use: `f.key()`[0m
2026-10-08T20:01:52.5994248Z     [1m[94m|[0m
2026-10-08T20:01:52.5995519Z     [1m[94m= [0m[1mhelp[0m: for further information visit https://rust-lang.github.io/rust-clippy/rust-1.99.0/index.html#unnecessary_to_owned
2026-10-08T20:01:52.5996482Z 
2026-10-08T20:01:52.6057666Z [1m[33mwarning[0m[1m: unneeded `return` statement[0m
2026-10-08T20:01:52.6058625Z    [1m[94m--> [0muma-sim-core/src/scenario/mod.rs:589:13
2026-10-08T20:01:52.6059316Z     [1m[94m|[0m
2026-10-08T20:01:52.6060165Z [1m[94m589[0m [1m[94m|[0m             return (next, lines);
2026-10-08T20:01:52.6061036Z     [1m[94m|[0m             [1m[33m^^^^^^^^^^^^^^^^^^^^[0m
2026-10-08T20:01:52.6061702Z     [1m[94m|[0m
2026-10-08T20:01:52.6063273Z     [1m[94m= [0m[1mhelp[0m: for further information visit https://rust-lang.github.io/rust-clippy/rust-1.99.0/index.html#needless_return
2026-10-08T20:01:52.6064981Z     [1m[94m= [0m[1mnote[0m: `#[warn(clippy::needless_return)]` on by default
2026-10-08T20:01:52.6065829Z [1m[96mhelp[0m: remove `return`
2026-10-08T20:01:52.6066382Z     [1m[94m|[0m
2026-10-08T20:01:52.6067053Z [1m[94m589[0m [91m- [0m            [91mreturn (next, lines);[0m
2026-10-08T20:01:52.6067915Z [1m[94m589[0m [92m+ [0m            [92m(next, lines)[0m
2026-10-08T20:01:52.6068588Z     [1m[94m|[0m
2026-10-08T20:01:52.6068826Z 
2026-10-08T20:01:52.6810705Z [1m[33mwarning[0m[1m: this function has too many arguments (8/7)[0m
2026-10-08T20:01:52.6811761Z    [1m[94m--> [0muma-sim-core/src/scoring/rank_estimate.rs:280:1
2026-10-08T20:01:52.6812506Z     [1m[94m|[0m
2026-10-08T20:01:52.6813445Z [1m[94m280[0m [1m[94m|[0m [1m[33m/[0m pub fn estimate_rank(
2026-10-08T20:01:52.6814385Z [1m[94m281[0m [1m[94m|[0m [1m[33m|[0m     speed: i32,
2026-10-08T20:01:52.6815272Z [1m[94m282[0m [1m[94m|[0m [1m[33m|[0m     stamina: i32,
2026-10-08T20:01:52.6816140Z [1m[94m283[0m [1m[94m|[0m [1m[33m|[0m     power: i32,
2026-10-08T20:01:52.6816794Z [1m[94m...[0m   [1m[33m|[0m
2026-10-08T20:01:52.6817480Z [1m[94m288[0m [1m[94m|[0m [1m[33m|[0m     unique_level: i32,
2026-10-08T20:01:52.6818373Z [1m[94m289[0m [1m[94m|[0m [1m[33m|[0m ) -> RankResult {
2026-10-08T20:01:52.6819122Z     [1m[94m|[0m [1m[33m|_______________^[0m
2026-10-08T20:01:52.6819734Z     [1m[94m|[0m
2026-10-08T20:01:52.6821016Z     [1m[94m= [0m[1mhelp[0m: for further information visit https://rust-lang.github.io/rust-clippy/rust-1.99.0/index.html#too_many_arguments
2026-10-08T20:01:52.6822003Z 
2026-10-08T20:01:52.6822560Z [1m[33mwarning[0m[1m: module has the same name as its containing module[0m
2026-10-08T20:01:52.6823789Z   [1m[94m--> [0muma-sim-core/src/scoring/mod.rs:10:1
2026-10-08T20:01:52.6824469Z    [1m[94m|[0m
2026-10-08T20:01:52.6825013Z [1m[94m10[0m [1m[94m|[0m pub mod scoring;
2026-10-08T20:01:52.6825952Z    [1m[94m|[0m [1m[33m^^^^^^^^^^^^^^^^[0m
2026-10-08T20:01:52.6826591Z    [1m[94m|[0m
2026-10-08T20:01:52.6827794Z    [1m[94m= [0m[1mhelp[0m: for further information visit https://rust-lang.github.io/rust-clippy/rust-1.99.0/index.html#module_inception
2026-10-08T20:01:52.6829462Z    [1m[94m= [0m[1mnote[0m: `#[warn(clippy::module_inception)]` on by default
2026-10-08T20:01:52.6830048Z 
2026-10-08T20:01:52.6835027Z [1m[33mwarning[0m[1m: using `contains()` instead of `iter().any()` is more efficient[0m
2026-10-08T20:01:52.6836134Z    [1m[94m--> [0muma-sim-core/src/scoring/scoring.rs:249:8
2026-10-08T20:01:52.6836843Z     [1m[94m|[0m
2026-10-08T20:01:52.6837737Z [1m[94m249[0m [1m[94m|[0m     if config.blacklist.iter().any(|b| *b == Some(training.name)) {
2026-10-08T20:01:52.6839315Z     [1m[94m|[0m        [1m[33m^^^^^^^^^^^^^^^^^^^^^^^^^^^^^^^^^^^^^^^^^^^^^^^^^^^^^^^^^^[0m [1m[33mhelp: try: `config.blacklist.contains(&Some(training.name))`[0m
2026-10-08T20:01:52.6840730Z     [1m[94m|[0m
2026-10-08T20:01:52.6841980Z     [1m[94m= [0m[1mhelp[0m: for further information visit https://rust-lang.github.io/rust-clippy/rust-1.99.0/index.html#manual_contains
2026-10-08T20:01:52.6843869Z     [1m[94m= [0m[1mnote[0m: `#[warn(clippy::manual_contains)]` on by default
2026-10-08T20:01:52.6844458Z 
2026-10-08T20:01:52.6867753Z [1m[33mwarning[0m[1m: this `if` has identical blocks[0m
2026-10-08T20:01:52.6868694Z    [1m[94m--> [0muma-sim-core/src/scoring/skill_scoring.rs:186:34
2026-10-08T20:01:52.6869425Z     [1m[94m|[0m
2026-10-08T20:01:52.6870182Z [1m[94m186[0m [1m[94m|[0m       if apt >= AptitudeOrdinal::S {
2026-10-08T20:01:52.6871042Z     [1m[94m|[0m [1m[33m __________________________________^[0m
2026-10-08T20:01:52.6871814Z [1m[94m187[0m [1m[94m|[0m [1m[33m|[0m         1.1
2026-10-08T20:01:52.6872836Z [1m[94m188[0m [1m[94m|[0m [1m[33m|[0m     } else if apt >= AptitudeOrdinal::A {
2026-10-08T20:01:52.6873947Z     [1m[94m|[0m [1m[33m|_____^[0m
2026-10-08T20:01:52.6874500Z     [1m[94m|[0m
2026-10-08T20:01:52.6874990Z [1m[92mnote[0m: same as this
2026-10-08T20:01:52.6875731Z    [1m[94m--> [0muma-sim-core/src/scoring/skill_scoring.rs:188:41
2026-10-08T20:01:52.6876443Z     [1m[94m|[0m
2026-10-08T20:01:52.6877226Z [1m[94m188[0m [1m[94m|[0m       } else if apt >= AptitudeOrdinal::A {
2026-10-08T20:01:52.6878162Z     [1m[94m|[0m [1m[92m _________________________________________^[0m
2026-10-08T20:01:52.6879091Z [1m[94m189[0m [1m[94m|[0m [1m[92m|[0m         1.1
2026-10-08T20:01:52.6880133Z [1m[94m190[0m [1m[94m|[0m [1m[92m|[0m     } else if apt >= AptitudeOrdinal::B {
2026-10-08T20:01:52.6880962Z     [1m[94m|[0m [1m[92m|_____^[0m
2026-10-08T20:01:52.6882346Z     [1m[94m= [0m[1mhelp[0m: for further information visit https://rust-lang.github.io/rust-clippy/rust-1.99.0/index.html#if_same_then_else
2026-10-08T20:01:52.6883646Z 
2026-10-08T20:01:52.6920012Z [1m[33mwarning[0m[1m: this function has too many arguments (10/7)[0m
2026-10-08T20:01:52.6921077Z    [1m[94m--> [0muma-sim-core/src/scoring/terminal_utility.rs:116:1
2026-10-08T20:01:52.6921847Z     [1m[94m|[0m
2026-10-08T20:01:52.6922590Z [1m[94m116[0m [1m[94m|[0m [1m[33m/[0m pub fn evaluate_career_terminal(
2026-10-08T20:01:52.6923793Z [1m[94m117[0m [1m[94m|[0m [1m[33m|[0m     seed: i64,
2026-10-08T20:01:52.6924613Z [1m[94m118[0m [1m[94m|[0m [1m[33m|[0m     scenario: &str,
2026-10-08T20:01:52.6925490Z [1m[94m119[0m [1m[94m|[0m [1m[33m|[0m     trainee: &str,
2026-10-08T20:01:52.6926206Z [1m[94m...[0m   [1m[33m|[0m
2026-10-08T20:01:52.6927002Z [1m[94m126[0m [1m[94m|[0m [1m[33m|[0m     appearance_probs: &[f64],
2026-10-08T20:01:52.6927970Z [1m[94m127[0m [1m[94m|[0m [1m[33m|[0m ) -> CareerTerminalRecord {
2026-10-08T20:01:52.6928852Z     [1m[94m|[0m [1m[33m|_________________________^[0m
2026-10-08T20:01:52.6929481Z     [1m[94m|[0m
2026-10-08T20:01:52.6931002Z     [1m[94m= [0m[1mhelp[0m: for further information visit https://rust-lang.github.io/rust-clippy/rust-1.99.0/index.html#too_many_arguments
2026-10-08T20:01:52.6932038Z 
2026-10-08T20:01:52.7220222Z [1m[33mwarning[0m[1m: this function has too many arguments (14/7)[0m
2026-10-08T20:01:52.7226494Z    [1m[94m--> [0muma-sim-core/src/state.rs:524:5
2026-10-08T20:01:52.7227398Z     [1m[94m|[0m
2026-10-08T20:01:52.7228282Z [1m[94m524[0m [1m[94m|[0m [1m[33m/[0m     pub fn copy_with(
2026-10-08T20:01:52.7229357Z [1m[94m525[0m [1m[94m|[0m [1m[33m|[0m         &self,
2026-10-08T20:01:52.7230538Z [1m[94m526[0m [1m[94m|[0m [1m[33m|[0m         scenario_resources: ScenarioResources,
2026-10-08T20:01:52.7231828Z [1m[94m527[0m [1m[94m|[0m [1m[33m|[0m         stats: Option<TraineeStats>,
2026-10-08T20:01:52.7233613Z [1m[94m...[0m   [1m[33m|[0m
2026-10-08T20:01:52.7234616Z [1m[94m538[0m [1m[94m|[0m [1m[33m|[0m         log: Option<Vec<String>>,
2026-10-08T20:01:52.7235736Z [1m[94m539[0m [1m[94m|[0m [1m[33m|[0m     ) -> Self {
2026-10-08T20:01:52.7236687Z     [1m[94m|[0m [1m[33m|_____________^[0m
2026-10-08T20:01:52.7237469Z     [1m[94m|[0m
2026-10-08T20:01:52.7238929Z     [1m[94m= [0m[1mhelp[0m: for further information visit https://rust-lang.github.io/rust-clippy/rust-1.99.0/index.html#too_many_arguments
2026-10-08T20:01:52.7240119Z 
2026-10-08T20:01:52.7393139Z [1m[33mwarning[0m[1m: using `Option.and_then(|x| Some(y))`, which is more succinctly expressed as `map(|x| y)`[0m
2026-10-08T20:01:52.7394380Z    [1m[94m--> [0muma-sim-core/src/telemetry.rs:192:13
2026-10-08T20:01:52.7395046Z     [1m[94m|[0m
2026-10-08T20:01:52.7395802Z [1m[94m192[0m [1m[94m|[0m [1m[33m/[0m             stat_key.as_ref().and_then(|k| {
2026-10-08T20:01:52.7396979Z [1m[94m193[0m [1m[94m|[0m [1m[33m|[0m                 let before = pre.stats.get(facility_from_stat(k));
2026-10-08T20:01:52.7398247Z [1m[94m194[0m [1m[94m|[0m [1m[33m|[0m                 let after = post.stats.get(facility_from_stat(k));
2026-10-08T20:01:52.7399416Z [1m[94m195[0m [1m[94m|[0m [1m[33m|[0m                 Some((after - before).max(0))
2026-10-08T20:01:52.7400340Z [1m[94m196[0m [1m[94m|[0m [1m[33m|[0m             })
2026-10-08T20:01:52.7401068Z     [1m[94m|[0m [1m[33m|______________^[0m
2026-10-08T20:01:52.7401658Z     [1m[94m|[0m
2026-10-08T20:01:52.7403135Z     [1m[94m= [0m[1mhelp[0m: for further information visit https://rust-lang.github.io/rust-clippy/rust-1.99.0/index.html#bind_instead_of_map
2026-10-08T20:01:52.7404860Z     [1m[94m= [0m[1mnote[0m: `#[warn(clippy::bind_instead_of_map)]` on by default
2026-10-08T20:01:52.7405678Z [1m[96mhelp[0m: use `map` instead
2026-10-08T20:01:52.7406218Z     [1m[94m|[0m
2026-10-08T20:01:52.7406822Z [1m[94m192[0m [92m~ [0m            stat_key.as_ref().[92mmap[0m(|k| {
2026-10-08T20:01:52.7407886Z [1m[94m193[0m [1m[94m|[0m                 let before = pre.stats.get(facility_from_stat(k));
2026-10-08T20:01:52.7409011Z [1m[94m194[0m [1m[94m|[0m                 let after = post.stats.get(facility_from_stat(k));
2026-10-08T20:01:52.7410002Z [1m[94m195[0m [92m~ [0m                [92m(after - before).max(0)[0m
2026-10-08T20:01:52.7410727Z     [1m[94m|[0m
2026-10-08T20:01:52.7410967Z 
2026-10-08T20:01:52.7429785Z [1m[33mwarning[0m[1m: redundant closure[0m
2026-10-08T20:01:52.7430559Z    [1m[94m--> [0muma-sim-core/src/telemetry.rs:422:25
2026-10-08T20:01:52.7431209Z     [1m[94m|[0m
2026-10-08T20:01:52.7432025Z [1m[94m422[0m [1m[94m|[0m             .filter_map(|l| Self::parse_line(l))
2026-10-08T20:01:52.7433913Z     [1m[94m|[0m                         [1m[33m^^^^^^^^^^^^^^^^^^^^^^^[0m [1m[33mhelp: replace the closure with the associated function itself: `Self::parse_line`[0m
2026-10-08T20:01:52.7435030Z     [1m[94m|[0m
2026-10-08T20:01:52.7436539Z     [1m[94m= [0m[1mhelp[0m: for further information visit https://rust-lang.github.io/rust-clippy/rust-1.99.0/index.html#redundant_closure
2026-10-08T20:01:52.7437556Z 
2026-10-08T20:01:52.7459678Z [1m[33mwarning[0m[1m: the borrowed expression implements the required traits[0m
2026-10-08T20:01:52.7461121Z    [1m[94m--> [0muma-sim-core/src/training.rs:187:41
2026-10-08T20:01:52.7461767Z     [1m[94m|[0m
2026-10-08T20:01:52.7462489Z [1m[94m187[0m [1m[94m|[0m                     .and_then(|v| v.get(&level.to_string()))
2026-10-08T20:01:52.7463983Z     [1m[94m|[0m                                         [1m[33m^^^^^^^^^^^^^^^^^^[0m [1m[33mhelp: change this to: `level.to_string()`[0m
2026-10-08T20:01:52.7464898Z     [1m[94m|[0m
2026-10-08T20:01:52.7466270Z     [1m[94m= [0m[1mhelp[0m: for further information visit https://rust-lang.github.io/rust-clippy/rust-1.99.0/index.html#needless_borrows_for_generic_args
2026-10-08T20:01:52.7468394Z     [1m[94m= [0m[1mnote[0m: `#[warn(clippy::needless_borrows_for_generic_args)]` on by default
2026-10-08T20:01:52.7469060Z 
2026-10-08T20:01:52.7470283Z [1m[33mwarning[0m[1m: the borrowed expression implements the required traits[0m
2026-10-08T20:01:52.7471271Z    [1m[94m--> [0muma-sim-core/src/training.rs:199:37
2026-10-08T20:01:52.7471899Z     [1m[94m|[0m
2026-10-08T20:01:52.7472599Z [1m[94m199[0m [1m[94m|[0m                 .and_then(|v| v.get(&level.to_string()))
2026-10-08T20:01:52.7474041Z     [1m[94m|[0m                                     [1m[33m^^^^^^^^^^^^^^^^^^[0m [1m[33mhelp: change this to: `level.to_string()`[0m
2026-10-08T20:01:52.7474948Z     [1m[94m|[0m
2026-10-08T20:01:52.7476249Z     [1m[94m= [0m[1mhelp[0m: for further information visit https://rust-lang.github.io/rust-clippy/rust-1.99.0/index.html#needless_borrows_for_generic_args
2026-10-08T20:01:52.7477339Z 
2026-10-08T20:01:52.7477898Z [1m[33mwarning[0m[1m: the borrowed expression implements the required traits[0m
2026-10-08T20:01:52.7478890Z    [1m[94m--> [0muma-sim-core/src/training.rs:229:37
2026-10-08T20:01:52.7479519Z     [1m[94m|[0m
2026-10-08T20:01:52.7480237Z [1m[94m229[0m [1m[94m|[0m                 .and_then(|v| v.get(&level.to_string()))
2026-10-08T20:01:52.7481442Z     [1m[94m|[0m                                     [1m[33m^^^^^^^^^^^^^^^^^^[0m [1m[33mhelp: change this to: `level.to_string()`[0m
2026-10-08T20:01:52.7482348Z     [1m[94m|[0m
2026-10-08T20:01:52.7483905Z     [1m[94m= [0m[1mhelp[0m: for further information visit https://rust-lang.github.io/rust-clippy/rust-1.99.0/index.html#needless_borrows_for_generic_args
2026-10-08T20:01:52.7484938Z 
2026-10-08T20:01:52.7485521Z [1m[33mwarning[0m[1m: the borrowed expression implements the required traits[0m
2026-10-08T20:01:52.7486466Z    [1m[94m--> [0muma-sim-core/src/training.rs:236:37
2026-10-08T20:01:52.7487166Z     [1m[94m|[0m
2026-10-08T20:01:52.7487887Z [1m[94m236[0m [1m[94m|[0m                 .and_then(|v| v.get(&level.to_string()))
2026-10-08T20:01:52.7489106Z     [1m[94m|[0m                                     [1m[33m^^^^^^^^^^^^^^^^^^[0m [1m[33mhelp: change this to: `level.to_string()`[0m
2026-10-08T20:01:52.7489986Z     [1m[94m|[0m
2026-10-08T20:01:52.7491317Z     [1m[94m= [0m[1mhelp[0m: for further information visit https://rust-lang.github.io/rust-clippy/rust-1.99.0/index.html#needless_borrows_for_generic_args
2026-10-08T20:01:52.7492396Z 
2026-10-08T20:01:52.8326605Z [1m[33mwarning[0m: `uma-sim-core` (lib test) generated 32 warnings (25 duplicates) (run `cargo clippy --fix --lib -p uma-sim-core --tests -- ` to apply 6 suggestions)
2026-10-08T20:01:52.8618114Z [1m[33mwarning[0m: `uma-sim-core` (lib) generated 32 warnings (7 duplicates) (run `cargo clippy --fix --lib -p uma-sim-core -- ` to apply 17 suggestions)
2026-10-08T20:01:53.0695227Z [1m[33mwarning[0m[1m: manual implementation of `.is_multiple_of()`[0m
2026-10-08T20:01:53.0713951Z   [1m[94m--> [0muma-sim-core/tests/career_lab_branch_publication.rs:44:33
2026-10-08T20:01:53.0743761Z    [1m[94m|[0m
2026-10-08T20:01:53.0774571Z [1m[94m44[0m [1m[94m|[0m         "config": {"policy": if marker % 2 == 0 {"default"} else {"bot"}, "maxActions": marker + 1, "overrides": []},
2026-10-08T20:01:53.0804022Z    [1m[94m|[0m                                 [1m[33m^^^^^^^^^^^^^^^[0m [1m[33mhelp: replace with: `marker.is_multiple_of(2)`[0m
2026-10-08T20:01:53.0824033Z    [1m[94m|[0m
2026-10-08T20:01:53.0844475Z    [1m[94m= [0m[1mhelp[0m: for further information visit https://rust-lang.github.io/rust-clippy/rust-1.99.0/index.html#manual_is_multiple_of
2026-10-08T20:01:53.0886217Z    [1m[94m= [0m[1mnote[0m: `#[warn(clippy::manual_is_multiple_of)]` on by default
2026-10-08T20:01:53.0913363Z 
2026-10-08T20:01:53.0944864Z [1m[33mwarning[0m: `uma-sim-core` (test "career_lab_branch_publication") generated 1 warning (run `cargo clippy --fix --test "career_lab_branch_publication" -p uma-sim-core -- ` to apply 1 suggestion)
2026-10-08T20:01:53.1110876Z [1m[33mwarning[0m[1m: manual `RangeInclusive::contains` implementation[0m
2026-10-08T20:01:53.1124065Z    [1m[94m--> [0muma-sim-core/tests/race_v4_dist.rs:291:9
2026-10-08T20:01:53.1154327Z     [1m[94m|[0m
2026-10-08T20:01:53.1174194Z [1m[94m291[0m [1m[94m|[0m         mean_place >= 1.0 && mean_place <= 12.0,
2026-10-08T20:01:53.1175760Z     [1m[94m|[0m         [1m[33m^^^^^^^^^^^^^^^^^^^^^^^^^^^^^^^^^^^^^^^[0m [1m[33mhelp: use: `(1.0..=12.0).contains(&mean_place)`[0m
2026-10-08T20:01:53.1176838Z     [1m[94m|[0m
2026-10-08T20:01:53.1178363Z     [1m[94m= [0m[1mhelp[0m: for further information visit https://rust-lang.github.io/rust-clippy/rust-1.99.0/index.html#manual_range_contains
2026-10-08T20:01:53.1180407Z     [1m[94m= [0m[1mnote[0m: `#[warn(clippy::manual_range_contains)]` on by default
2026-10-08T20:01:53.1181249Z 
2026-10-08T20:01:53.1244338Z [1m[33mwarning[0m: `uma-sim-core` (test "race_v4_dist") generated 1 warning (run `cargo clippy --fix --test "race_v4_dist" -p uma-sim-core -- ` to apply 1 suggestion)
2026-10-08T20:01:53.4614467Z [1m[33mwarning[0m[1m: iterating on a map's keys[0m
2026-10-08T20:01:53.4615308Z    [1m[94m--> [0muma-sim-core/tests/parity.rs:308:32
2026-10-08T20:01:53.4615956Z     [1m[94m|[0m
2026-10-08T20:01:53.4649730Z [1m[94m308[0m [1m[94m|[0m             config.stat_caps = stats.iter().map(|(k, _)| (*k, 1400)).collect();
2026-10-08T20:01:53.4684880Z     [1m[94m|[0m                                [1m[33m^^^^^^^^^^^^^^^^^^^^^^^^^^^^^^^^^^^^^[0m [1m[33mhelp: try: `stats.keys().map(|k| (*k, 1400))`[0m
2026-10-08T20:01:53.4703716Z     [1m[94m|[0m
2026-10-08T20:01:53.4705727Z     [1m[94m= [0m[1mhelp[0m: for further information visit https://rust-lang.github.io/rust-clippy/rust-1.99.0/index.html#iter_kv_map
2026-10-08T20:01:53.4707960Z     [1m[94m= [0m[1mnote[0m: `#[warn(clippy::iter_kv_map)]` on by default
2026-10-08T20:01:53.4734063Z 
2026-10-08T20:01:53.4744990Z [1m[33mwarning[0m: `uma-sim-core` (test "parity") generated 1 warning (run `cargo clippy --fix --test "parity" -p uma-sim-core -- ` to apply 1 suggestion)
2026-10-08T20:01:53.8566665Z [1m[33mwarning[0m[1m: unused import: `uma_sim_core::scenario::TrackblazerMechanics`[0m
2026-10-08T20:01:53.8594268Z  [1m[94m--> [0muma-sim-core/examples/tb_shop_dump.rs:1:5
2026-10-08T20:01:53.8614631Z   [1m[94m|[0m
2026-10-08T20:01:53.8654144Z [1m[94m1[0m [1m[94m|[0m use uma_sim_core::scenario::TrackblazerMechanics;
2026-10-08T20:01:53.8663898Z   [1m[94m|[0m     [1m[33m^^^^^^^^^^^^^^^^^^^^^^^^^^^^^^^^^^^^^^^^^^^^[0m
2026-10-08T20:01:53.8693557Z   [1m[94m|[0m
2026-10-08T20:01:53.8708713Z   [1m[94m= [0m[1mnote[0m: `#[warn(unused_imports)]` (part of `#[warn(unused)]`) on by default
2026-10-08T20:01:53.8744017Z 
2026-10-08T20:01:53.8779183Z [1m[33mwarning[0m: `uma-sim-core` (example "tb_shop_dump") generated 1 warning (run `cargo clippy --fix --example "tb_shop_dump" -p uma-sim-core -- ` to apply 1 suggestion)
2026-10-08T20:01:54.1843223Z [1m[92m    Finished[0m `dev` profile [unoptimized + debuginfo] target(s) in 7.87s
2026-10-08T20:01:54.2049442Z ##[group]Run cargo test --workspace --locked
2026-10-08T20:01:54.2049840Z [36;1mcargo test --workspace --locked[0m
2026-10-08T20:01:54.2111068Z shell: /usr/bin/bash -e {0}
2026-10-08T20:01:54.2111343Z env:
2026-10-08T20:01:54.2111559Z   CARGO_HOME: /home/runner/.cargo
2026-10-08T20:01:54.2111842Z   CARGO_INCREMENTAL: 0
2026-10-08T20:01:54.2112088Z   CARGO_TERM_COLOR: always
2026-10-08T20:01:54.2112343Z   CACHE_ON_FAILURE: false
2026-10-08T20:01:54.2112593Z ##[endgroup]
2026-10-08T20:01:54.2878932Z [1m[92m   Compiling[0m uma-race-core v0.1.0 (/home/runner/work/uma-sim/uma-sim/uma-race-core)
2026-10-08T20:01:54.2880767Z [1m[92m   Compiling[0m uma-sim-core v0.1.0 (/home/runner/work/uma-sim/uma-sim/uma-sim-core)
2026-10-08T20:02:02.2385075Z [1m[33mwarning[0m[1m: unused import: `uma_sim_core::scenario::TrackblazerMechanics`[0m
2026-10-08T20:02:02.2386802Z  [1m[94m--> [0muma-sim-core/examples/tb_shop_dump.rs:1:5
2026-10-08T20:02:02.2387675Z   [1m[94m|[0m
2026-10-08T20:02:02.2388620Z [1m[94m1[0m [1m[94m|[0m use uma_sim_core::scenario::TrackblazerMechanics;
2026-10-08T20:02:02.2389642Z   [1m[94m|[0m     [1m[33m^^^^^^^^^^^^^^^^^^^^^^^^^^^^^^^^^^^^^^^^^^^^[0m
2026-10-08T20:02:02.2390615Z   [1m[94m|[0m
2026-10-08T20:02:02.2414151Z   [1m[94m= [0m[1mnote[0m: `#[warn(unused_imports)]` (part of `#[warn(unused)]`) on by default
2026-10-08T20:02:02.2443417Z 
2026-10-08T20:02:02.5635216Z [1m[33mwarning[0m: `uma-sim-core` (example "tb_shop_dump") generated 1 warning (run `cargo fix --example "tb_shop_dump" -p uma-sim-core` to apply 1 suggestion)
2026-10-08T20:02:11.7390415Z [1m[92m    Finished[0m `test` profile [unoptimized + debuginfo] target(s) in 17.51s
2026-10-08T20:02:11.7700401Z [1m[92m     Running[0m unittests src/lib.rs (target/debug/deps/uma_race_core-25d6642d236d496f)
2026-10-08T20:02:11.7711971Z 
2026-10-08T20:02:11.7712172Z running 52 tests
2026-10-08T20:02:11.7716622Z test compete_fight::tests::top_half_two_horse ... ok
2026-10-08T20:02:11.7723557Z test compete_fight::tests::guts_bonuses_positive ... ok
2026-10-08T20:02:11.7724454Z test condition::parser::tests::or_binds_looser_than_and ... ok
2026-10-08T20:02:11.7725306Z test condition::parser::tests::parses_basic_and_or ... ok
2026-10-08T20:02:11.7755470Z test condition::regions::tests::all_corner_random_intersects_corners_not_always ... ok
2026-10-08T20:02:11.7757579Z test condition::regions::tests::base_power_gate_uses_mood_adjusted_stats ... ok
2026-10-08T20:02:11.7784085Z test condition::regions::tests::finalcorner_empty_on_straight_course_10301 ... ok
2026-10-08T20:02:11.7793885Z test condition::regions::tests::phase_random_2_on_1600_is_final_third ... ok
2026-10-08T20:02:11.7794790Z test condition::skill::tests::activation_chance_kuromiak_examples ... ok
2026-10-08T20:02:11.7795388Z test condition::regions::tests::season_spring_default_rejects_autumn_winter_greens ... ok
2026-10-08T20:02:11.7795968Z test condition::sample::tests::erlang_reconcile_keeps_right_k ... ok
2026-10-08T20:02:11.8376377Z test condition::skill::tests::compiles_200701_phase_random_accel ... ok
2026-10-08T20:02:11.8377446Z test condition::skill::tests::gene_version_910391_is_catalogued ... ok
2026-10-08T20:02:11.8378448Z test condition::skill::tests::evolution_does_not_skip_wisdom_unique_does ... ok
2026-10-08T20:02:11.8394226Z test course::tests::course_10601_round_trips_slope_geometry ... ok
2026-10-08T20:02:11.8395183Z test data::tests::exe_dir_is_a_candidate ... ok
2026-10-08T20:02:11.8396099Z test data::tests::finds_course_data_in_source_checkout ... ok
2026-10-08T20:02:11.8397131Z test data::tests::missing_file_is_none ... ok
2026-10-08T20:02:11.8398077Z test field::tests::entrant_seed_index_zero_is_root ... ok
2026-10-08T20:02:11.8413277Z test field::tests::independent_field_orders_faster_horse_first ... ok
2026-10-08T20:02:11.8463746Z test course::tests::covers_all_89_career_course_ids ... ok
2026-10-08T20:02:11.8493558Z test field::tests::synced_none_matches_independent_finish_order ... ok
2026-10-08T20:02:11.8494991Z test hp::tests::guts_modifier_example ... ok
2026-10-08T20:02:11.8513099Z test hp::tests::hp_per_second_at_base_speed_is_20 ... ok
2026-10-08T20:02:11.8513993Z test hp::tests::max_hp_formula ... ok
2026-10-08T20:02:11.8514811Z test hp::tests::spurt_accept_threshold_matches_doc ... ok
2026-10-08T20:02:11.8515719Z test hp::tests::status_modifiers_from_constants ... ok
2026-10-08T20:02:11.8516599Z test hp::tests::strategy_coefs_match_constants_file ... ok
2026-10-08T20:02:11.8517568Z test lead_comp::tests::guts_782_bonus_and_duration_positive ... ok
2026-10-08T20:02:11.8518483Z test physics::tests::base_speed_at_2000_is_20 ... ok
2026-10-08T20:02:11.8519403Z test physics::tests::phase_fractions_match_constants_file ... ok
2026-10-08T20:02:11.8520333Z test pos_keep::tests::course_factor_at_1000_is_one ... ok
2026-10-08T20:02:11.8521664Z test pos_keep::tests::senkou_min_threshold_ignores_course_factor ... ok
2026-10-08T20:02:11.8522686Z test pos_keep::tests::speed_coefs_match_research_json ... ok
2026-10-08T20:02:11.8523881Z test rng::tests::prando_readme_seed_12345678 ... ok
2026-10-08T20:02:11.8524739Z test rng::tests::seeded_streams_match_oracle_dump ... ok
2026-10-08T20:02:11.8525699Z test runner::tests::virtual_default_pacer_case1_within_one_frame ... ok
2026-10-08T20:02:11.8526723Z test solver::tests::activate_count_heal_gates_until_heal ... ok
2026-10-08T20:02:11.8527690Z test solver::tests::case1_finish_within_one_frame_of_oracle ... ok
2026-10-08T20:02:11.8528677Z test solver::tests::case3_accel_skill_beats_no_skill ... ok
2026-10-08T20:02:11.8529665Z test solver::tests::case3_skill_finish_within_one_frame_of_oracle ... ok
2026-10-08T20:02:11.8530692Z test solver::tests::order_ge_noop_in_solo_enforced_in_pack ... ok
2026-10-08T20:02:11.8531732Z test solver::tests::order_rate_enforced_only_for_multi_horse_fields ... ok
2026-10-08T20:02:11.8532723Z test solver::tests::post_number_uses_gate_block ... ok
2026-10-08T20:02:11.8533903Z test field::tests::synced_virtual_can_change_order_vs_none ... ok
2026-10-08T20:02:11.8534958Z test solver::tests::section_random_band_matches_kuromiak_examples ... ok
2026-10-08T20:02:11.8536008Z test solver::tests::uphill_penalty_uses_power_not_sqrt500 ... ok
2026-10-08T20:02:11.8537002Z test special_conditions::tests::blocked_side_starts_active ... ok
2026-10-08T20:02:11.8538092Z test special_conditions::tests::condition_timer_ticks_once_per_second ... ok
2026-10-08T20:02:11.8539191Z test special_conditions::tests::outer_lane_forces_off_on_tick ... ok
2026-10-08T20:02:11.8547767Z test field::tests::synced_virtual_order_deterministic ... ok
2026-10-08T20:02:11.8883226Z test condition::parser::tests::all_skill_condition_strings_parse ... ok
2026-10-08T20:02:11.8883861Z 
2026-10-08T20:02:11.8884302Z test result: ok. 52 passed; 0 failed; 0 ignored; 0 measured; 0 filtered out; finished in 0.12s
2026-10-08T20:02:11.8884978Z 
2026-10-08T20:02:11.8889556Z [1m[92m     Running[0m tests/checkpoint_r85.rs (target/debug/deps/checkpoint_r85-09b191734e50b08e)
2026-10-08T20:02:11.8901098Z 
2026-10-08T20:02:11.8901360Z running 1 test
2026-10-08T20:02:11.9588396Z test r85_checkpoint_sample_triage ... ok
2026-10-08T20:02:11.9588668Z 
2026-10-08T20:02:11.9588954Z test result: ok. 1 passed; 0 failed; 0 ignored; 0 measured; 0 filtered out; finished in 0.07s
2026-10-08T20:02:11.9589331Z 
2026-10-08T20:02:11.9592765Z [1m[92m     Running[0m tests/checkpoint_v3.rs (target/debug/deps/checkpoint_v3-38c824b672455bba)
2026-10-08T20:02:11.9605004Z 
2026-10-08T20:02:11.9605226Z running 1 test
2026-10-08T20:02:12.1080221Z test r85_v3_expanded_sample_soft_gate ... ok
2026-10-08T20:02:12.1080918Z 
2026-10-08T20:02:12.1081639Z test result: ok. 1 passed; 0 failed; 0 ignored; 0 measured; 0 filtered out; finished in 0.15s
2026-10-08T20:02:12.1082685Z 
2026-10-08T20:02:12.1087311Z [1m[92m     Running[0m tests/checkpoint_v3_1000.rs (target/debug/deps/checkpoint_v3_1000-489d0fa927e2d900)
2026-10-08T20:02:12.1099069Z 
2026-10-08T20:02:12.1099280Z running 1 test
2026-10-08T20:02:13.1491128Z test r85_v3_expanded_1000_soft_gate ... ok
2026-10-08T20:02:13.1491737Z 
2026-10-08T20:02:13.1492391Z test result: ok. 1 passed; 0 failed; 0 ignored; 0 measured; 0 filtered out; finished in 1.04s
2026-10-08T20:02:13.1493619Z 
2026-10-08T20:02:13.1496573Z [1m[92m     Running[0m tests/checkpoint_v3_wide.rs (target/debug/deps/checkpoint_v3_wide-bdefae85e3f1f0c2)
2026-10-08T20:02:13.1508567Z 
2026-10-08T20:02:13.1508948Z running 1 test
2026-10-08T20:02:13.4353648Z test r85_v3_wide_240_soft_gate ... ok
2026-10-08T20:02:13.4354451Z 
2026-10-08T20:02:13.4355118Z test result: ok. 1 passed; 0 failed; 0 ignored; 0 measured; 0 filtered out; finished in 0.28s
2026-10-08T20:02:13.4356053Z 
2026-10-08T20:02:13.4358362Z [1m[92m     Running[0m tests/condition_keywords.rs (target/debug/deps/condition_keywords-a42569097673071a)
2026-10-08T20:02:13.4369766Z 
2026-10-08T20:02:13.4370338Z running 3 tests
2026-10-08T20:02:13.4406567Z test corner_3_uses_oval_corner_indices ... ok
2026-10-08T20:02:13.4407377Z test distance_rate_after_random_50_has_regions ... ok
2026-10-08T20:02:13.4408167Z test is_basis_distance_filters_non_core_course ... ok
2026-10-08T20:02:13.4408652Z 
2026-10-08T20:02:13.4409168Z test result: ok. 3 passed; 0 failed; 0 ignored; 0 measured; 0 filtered out; finished in 0.00s
2026-10-08T20:02:13.4409912Z 
2026-10-08T20:02:13.4410710Z [1m[92m     Running[0m tests/probe_394_202662.rs (target/debug/deps/probe_394_202662-7376c3889745da8b)
2026-10-08T20:02:13.4419783Z 
2026-10-08T20:02:13.4420050Z running 1 test
2026-10-08T20:02:13.5443025Z test probe_394_202662 ... ok
2026-10-08T20:02:13.5443660Z 
2026-10-08T20:02:13.5444260Z test result: ok. 1 passed; 0 failed; 0 ignored; 0 measured; 0 filtered out; finished in 0.10s
2026-10-08T20:02:13.5445071Z 
2026-10-08T20:02:13.5451909Z [1m[92m     Running[0m tests/probe_394_pending.rs (target/debug/deps/probe_394_pending-a30b940c96048b09)
2026-10-08T20:02:13.5462589Z 
2026-10-08T20:02:13.5462801Z running 1 test
2026-10-08T20:02:13.6386461Z test probe_394_pending ... ok
2026-10-08T20:02:13.6386944Z 
2026-10-08T20:02:13.6387535Z test result: ok. 1 passed; 0 failed; 0 ignored; 0 measured; 0 filtered out; finished in 0.09s
2026-10-08T20:02:13.6388353Z 
2026-10-08T20:02:13.6394648Z [1m[92m     Running[0m tests/probe_534_procs.rs (target/debug/deps/probe_534_procs-0385cdae1396207b)
2026-10-08T20:02:13.6406003Z 
2026-10-08T20:02:13.6406390Z running 1 test
2026-10-08T20:02:13.7360756Z test probe_534_procs ... ok
2026-10-08T20:02:13.7361175Z 
2026-10-08T20:02:13.7361625Z test result: ok. 1 passed; 0 failed; 0 ignored; 0 measured; 0 filtered out; finished in 0.10s
2026-10-08T20:02:13.7362111Z 
2026-10-08T20:02:13.7368871Z [1m[92m     Running[0m tests/probe_534_stats.rs (target/debug/deps/probe_534_stats-e6a288a567dbaa73)
2026-10-08T20:02:13.7379724Z 
2026-10-08T20:02:13.7379907Z running 1 test
2026-10-08T20:02:13.8291135Z test probe_534_stats ... ok
2026-10-08T20:02:13.8291354Z 
2026-10-08T20:02:13.8291640Z test result: ok. 1 passed; 0 failed; 0 ignored; 0 measured; 0 filtered out; finished in 0.09s
2026-10-08T20:02:13.8292036Z 
2026-10-08T20:02:13.8299339Z [1m[92m     Running[0m tests/probe_last_two.rs (target/debug/deps/probe_last_two-617fd1afbf56b3a1)
2026-10-08T20:02:13.8310245Z 
2026-10-08T20:02:13.8310393Z running 1 test
2026-10-08T20:02:13.9341433Z test probe_last_two_procs ... ok
2026-10-08T20:02:13.9341691Z 
2026-10-08T20:02:13.9341965Z test result: ok. 1 passed; 0 failed; 0 ignored; 0 measured; 0 filtered out; finished in 0.10s
2026-10-08T20:02:13.9342343Z 
2026-10-08T20:02:13.9351510Z [1m[92m     Running[0m tests/probe_residual.rs (target/debug/deps/probe_residual-d12cb37c6f329fd3)
2026-10-08T20:02:13.9362496Z 
2026-10-08T20:02:13.9362656Z running 2 tests
2026-10-08T20:02:14.0293106Z test probe_590_pos ... ok
2026-10-08T20:02:14.0293940Z test probe_590_pk ... ok
2026-10-08T20:02:14.0294200Z 
2026-10-08T20:02:14.0294501Z test result: ok. 2 passed; 0 failed; 0 ignored; 0 measured; 0 filtered out; finished in 0.09s
2026-10-08T20:02:14.0294861Z 
2026-10-08T20:02:14.0305278Z [1m[92m     Running[0m tests/probe_residuals_bare.rs (target/debug/deps/probe_residuals_bare-16e53fcf21c41e75)
2026-10-08T20:02:14.0316076Z 
2026-10-08T20:02:14.0316229Z running 1 test
2026-10-08T20:02:14.2534085Z test probe_residuals_bare ... ok
2026-10-08T20:02:14.2534605Z 
2026-10-08T20:02:14.2535259Z test result: ok. 1 passed; 0 failed; 0 ignored; 0 measured; 0 filtered out; finished in 0.22s
2026-10-08T20:02:14.2536182Z 
2026-10-08T20:02:14.2544093Z [1m[92m     Running[0m unittests src/lib.rs (target/debug/deps/uma_sim_core-69171c73a3dc97ca)
2026-10-08T20:02:14.2559515Z 
2026-10-08T20:02:14.2559732Z running 46 tests
2026-10-08T20:02:14.7249289Z test api::tests::fast_503_leaves_speed_unchanged_success_sets_it ... ok
2026-10-08T20:02:14.8060608Z test api::tests::health_and_catalogs_and_action_include_state ... ok
2026-10-08T20:02:15.1667875Z test api::tests::lab_library_fork_branch_compare_flow ... ok
2026-10-08T20:02:15.3267968Z test api::tests::policy_case_variants ... ok
2026-10-08T20:02:15.3788455Z test api::tests::policy_error_shape_contract ... ok
2026-10-08T20:02:15.4320479Z test api::tests::lab_library_import_failure_is_nondestructive ... ok
2026-10-08T20:02:15.4346888Z test api::tests::policy_external_without_policy_cmd_fails_loudly_not_silently ... ok
2026-10-08T20:02:15.5932031Z test api::tests::policy_unknown_on_auto_and_fast ... ok
2026-10-08T20:02:15.6459669Z test api::tests::run_endpoints_unaffected_by_policy_errors ... ok
2026-10-08T20:02:15.6462297Z test batch_analysis::tests::aggregates_known_values ... ok
2026-10-08T20:02:15.6465590Z test batch_analysis::tests::compare_deltas ... ok
2026-10-08T20:02:15.6466814Z test batch_analysis::tests::empty_input_is_error ... ok
2026-10-08T20:02:15.6468620Z test batch_analysis::tests::malformed_lines_skipped_not_fatal ... ok
2026-10-08T20:02:15.6471180Z test batch_analysis::tests::text_render_contains_key_sections ... ok
2026-10-08T20:02:15.6473513Z test batch_analysis::tests::top_n_truncates ... ok
2026-10-08T20:02:15.6474810Z test career_lab::unit_tests::action_choice_id_round_trips ... ok
2026-10-08T20:02:15.6475957Z test career_lab::unit_tests::fingerprint_check_flags_schema_but_not_version ... ok
2026-10-08T20:02:15.6476779Z test career_lab::unit_tests::name_validation ... ok
2026-10-08T20:02:15.6482043Z test career_lab::unit_tests::refused_snapshot_restoration_retains_recoverable_bytes ... ok
2026-10-08T20:02:15.6483322Z test career_lab::unit_tests::rfc3339_formats_epoch ... ok
2026-10-08T20:02:15.6483966Z test legacy::unit::aptitude_rise_caps_at_a ... ok
2026-10-08T20:02:15.6484914Z test legacy::unit::blue_star_tables ... ok
2026-10-08T20:02:15.6485572Z test legacy::unit::pink_rank_table_matches_planner ... ok
2026-10-08T20:02:15.6486660Z test mid_run_inheritance::tests::april_dates_match_classic_and_senior ... ok
2026-10-08T20:02:15.6487736Z test mid_run_inheritance::tests::blue_ranges_match_crazyfellow_table ... ok
2026-10-08T20:02:15.6488758Z test mid_run_inheritance::tests::compatibility_grade_bands ... ok
2026-10-08T20:02:15.6489620Z test mid_run_inheritance::tests::odds_scale_with_compatibility ... ok
2026-10-08T20:02:15.6990186Z test api::tests::session_usable_after_policy_503 ... ok
2026-10-08T20:02:15.7515331Z test api::tests::start_rejects_unknown_policy ... ok
2026-10-08T20:02:15.7648561Z test race::tests::course_id_lookup_from_canonical_race_json ... ok
2026-10-08T20:02:15.7649593Z test race::tests::default_race_model_is_physics_since_r88 ... ok
2026-10-08T20:02:15.7650575Z test race::tests::derive_race_seed_is_stable_and_nonzero ... ok
2026-10-08T20:02:15.7651467Z test race::tests::npc_count_uses_race_json_entries_when_present ... ok
2026-10-08T20:02:15.8093393Z test api::tests::start_rejects_unknown_scenario_and_race_model ... ok
2026-10-08T20:02:15.8095306Z test race::tests::placeholder_npcs_vary_aptitudes_moods_strategies_skills ... ok
2026-10-08T20:02:15.8096890Z test race::tests::placement_bands ... ok
2026-10-08T20:02:15.8098398Z test race::tests::preferred_running_style_overrides_best_aptitude ... ok
2026-10-08T20:02:15.8101841Z test race::tests::race_effective_stat_halves_above_soft_cap ... ok
2026-10-08T20:02:15.8103266Z test rng::tests::matches_kotlin_seed_42_fixture ... ok
2026-10-08T20:02:15.8104217Z test rng::tests::raw_ints_match_kotlin ... ok
2026-10-08T20:02:15.8105199Z test scoring::terminal_utility::tests::evaluate_produces_nonzero_u ... ok
2026-10-08T20:02:15.8106389Z test scoring::terminal_utility::tests::phi_matches_condor_allocations ... ok
2026-10-08T20:02:15.8107532Z test scoring::terminal_utility::tests::skill_shop_converts_sp ... ok
2026-10-08T20:02:15.8150780Z test policy_external::tests::dead_policy_child_is_reaped_and_respawned ... ok
2026-10-08T20:02:15.8375424Z test race::tests::physics_debut_with_weak_stats_does_not_always_place_first ... ok
2026-10-08T20:02:16.6210733Z test policy_external::tests::wedged_policy_server_times_out_loudly_and_respawns ... ok
2026-10-08T20:02:16.6211775Z 
2026-10-08T20:02:16.6216067Z test result: ok. 46 passed; 0 failed; 0 ignored; 0 measured; 0 filtered out; finished in 2.37s
2026-10-08T20:02:16.6216706Z 
2026-10-08T20:02:16.6251486Z [1m[92m     Running[0m unittests src/bin/uma-sim.rs (target/debug/deps/uma_sim-c6ee01c3064dc43f)
2026-10-08T20:02:16.6260708Z 
2026-10-08T20:02:16.6260905Z running 0 tests
2026-10-08T20:02:16.6262549Z 
2026-10-08T20:02:16.6263328Z test result: ok. 0 passed; 0 failed; 0 ignored; 0 measured; 0 filtered out; finished in 0.00s
2026-10-08T20:02:16.6263940Z 
2026-10-08T20:02:16.6264392Z [1m[92m     Running[0m unittests src/bin/uma-sim-api.rs (target/debug/deps/uma_sim_api-af58dc6de920f48f)
2026-10-08T20:02:16.6271837Z 
2026-10-08T20:02:16.6272007Z running 0 tests
2026-10-08T20:02:16.6273487Z 
2026-10-08T20:02:16.6274104Z test result: ok. 0 passed; 0 failed; 0 ignored; 0 measured; 0 filtered out; finished in 0.00s
2026-10-08T20:02:16.6274731Z 
2026-10-08T20:02:16.6275260Z [1m[92m     Running[0m tests/api_body_admission.rs (target/debug/deps/api_body_admission-8e32d5dda1eafa35)
2026-10-08T20:02:16.6283641Z 
2026-10-08T20:02:16.6284218Z running 5 tests
2026-10-08T20:02:17.2837088Z test invalid_utf8_is_rejected_before_start_and_auto ... ok
2026-10-08T20:02:17.2930787Z test nonobject_json_is_not_an_empty_command ... ok
2026-10-08T20:02:17.3456025Z test malformed_json_is_rejected_before_every_post_handler ... ok
2026-10-08T20:02:17.3883593Z test empty_bodies_and_valid_objects_keep_existing_defaults ... ok
2026-10-08T20:02:17.6583313Z test unsupported_routes_and_preflight_keep_their_status ... ok
2026-10-08T20:02:17.6583698Z 
2026-10-08T20:02:17.6584022Z test result: ok. 5 passed; 0 failed; 0 ignored; 0 measured; 0 filtered out; finished in 1.03s
2026-10-08T20:02:17.6584450Z 
2026-10-08T20:02:17.6586593Z [1m[92m     Running[0m tests/batch_output_failures.rs (target/debug/deps/batch_output_failures-0383987cbbdb2899)
2026-10-08T20:02:17.6596787Z 
2026-10-08T20:02:17.6596936Z running 3 tests
2026-10-08T20:02:17.6634057Z test batch_output_open_failure_is_nonzero_and_preserves_existing_directory ... ok
2026-10-08T20:02:18.6788105Z test batch_success_writes_every_requested_career_and_returns_zero ... ok
2026-10-08T20:02:19.4834685Z test batch_midstream_write_failure_is_nonzero_and_retains_the_written_prefix ... ok
2026-10-08T20:02:19.4835378Z 
2026-10-08T20:02:19.4835826Z test result: ok. 3 passed; 0 failed; 0 ignored; 0 measured; 0 filtered out; finished in 1.82s
2026-10-08T20:02:19.4836462Z 
2026-10-08T20:02:19.4837582Z [1m[92m     Running[0m tests/bond_gain_config.rs (target/debug/deps/bond_gain_config-be83ec7bdac84427)
2026-10-08T20:02:19.4848628Z 
2026-10-08T20:02:19.4848811Z running 2 tests
2026-10-08T20:02:19.4851876Z test rainbow_count_requires_bond_on_specialty ... ok
2026-10-08T20:02:19.4852367Z test training_increases_bond_on_facility_cards ... ok
2026-10-08T20:02:19.4852820Z 
2026-10-08T20:02:19.4853537Z test result: ok. 2 passed; 0 failed; 0 ignored; 0 measured; 0 filtered out; finished in 0.00s
2026-10-08T20:02:19.4854211Z 
2026-10-08T20:02:19.4857118Z [1m[92m     Running[0m tests/bot_parity.rs (target/debug/deps/bot_parity-15fb69031a49da40)
2026-10-08T20:02:19.4869681Z 
2026-10-08T20:02:19.4869908Z running 6 tests
2026-10-08T20:02:19.4877067Z test event_low_energy_prefers_energy_option ... ok
2026-10-08T20:02:19.4877718Z test external_policy_all_scenarios ... ok
2026-10-08T20:02:19.4878551Z test external_policy_drives_career_self_consistent ... ok
2026-10-08T20:02:19.4879295Z test training_picks_speed_when_prioritized ... ok
2026-10-08T20:02:19.4879932Z test inheritance_event_at_turn_13 ... ok
2026-10-08T20:02:19.5047365Z test lesson_scoring_prefers_song_near_concert_when_hype_not_ready ... ok
2026-10-08T20:02:19.5047936Z 
2026-10-08T20:02:19.5048343Z test result: ok. 6 passed; 0 failed; 0 ignored; 0 measured; 0 filtered out; finished in 0.02s
2026-10-08T20:02:19.5048730Z 
2026-10-08T20:02:19.5050985Z [1m[92m     Running[0m tests/career_lab.rs (target/debug/deps/career_lab-8b99d504b4521411)
2026-10-08T20:02:19.5063225Z 
2026-10-08T20:02:19.5063419Z running 14 tests
2026-10-08T20:02:20.1351083Z test branch_run_is_deterministic ... ok
2026-10-08T20:02:20.2710151Z test branch_store_round_trip ... ok
2026-10-08T20:02:20.3030242Z test checkpoint_restore_reproduces_state_and_rng ... ok
2026-10-08T20:02:21.0341156Z test comparison_report_renders ... ok
2026-10-08T20:02:21.3095752Z test divergence_detected_on_first_decision_difference ... ok
2026-10-08T20:02:21.3800143Z test event_and_mandatory_race_checkpoints_all_scenarios ... ok
2026-10-08T20:02:21.5225411Z test identical_branches_have_no_divergence ... ok
2026-10-08T20:02:21.5226530Z test rng_state_words_restore_is_exact ... ok
2026-10-08T20:02:21.5332845Z test import_failure_preserves_last_good ... ok
2026-10-08T20:02:21.5440900Z test library_name_rules_and_overwrite_protection ... ok
2026-10-08T20:02:21.5444046Z test stale_tmp_files_are_swept ... ok
2026-10-08T20:02:21.5587854Z test library_round_trip ... ok
2026-10-08T20:02:21.8329736Z test sibling_branch_cannot_mutate_checkpoint_or_sibling ... ok
2026-10-08T20:02:21.8405523Z test snapshot_carries_rng_state_words ... ok
2026-10-08T20:02:21.8405937Z 
2026-10-08T20:02:21.8406416Z test result: ok. 14 passed; 0 failed; 0 ignored; 0 measured; 0 filtered out; finished in 2.33s
2026-10-08T20:02:21.8406871Z 
2026-10-08T20:02:21.8429558Z [1m[92m     Running[0m tests/career_lab_branch_publication.rs (target/debug/deps/career_lab_branch_publication-3720c9fed994df86)
2026-10-08T20:02:21.8440056Z 
2026-10-08T20:02:21.8440237Z running 6 tests
2026-10-08T20:02:21.8468872Z test dangling_destination_is_an_existing_identity_and_is_preserved ... ok
2026-10-08T20:02:21.8478094Z test changed_payload_cannot_replace_an_acknowledged_identity ... ok
2026-10-08T20:02:21.8478991Z test subprocess_branch_store_worker ... ignored, invoked only by the bounded independent-process receiver
2026-10-08T20:02:21.8488753Z test distinct_results_reopen_without_changing_checkpoint_session_or_sibling ... ok
2026-10-08T20:02:21.8489376Z test identical_payload_repeated_save_is_still_a_creation_conflict ... ok
2026-10-08T20:02:21.8532245Z test competing_processes_acknowledge_exactly_one_complete_result ... ok
2026-10-08T20:02:21.8533087Z 
2026-10-08T20:02:21.8533535Z test result: ok. 5 passed; 0 failed; 1 ignored; 0 measured; 0 filtered out; finished in 0.01s
2026-10-08T20:02:21.8533914Z 
2026-10-08T20:02:21.8535245Z [1m[92m     Running[0m tests/career_lab_divergence.rs (target/debug/deps/career_lab_divergence-ceda4417a2f326da)
2026-10-08T20:02:21.8544055Z 
2026-10-08T20:02:21.8544241Z running 6 tests
2026-10-08T20:02:21.8563419Z test an_empty_branch_ended_after_zero_recorded_steps_in_either_position ... ok
2026-10-08T20:02:21.8589251Z test b_ended_note_counts_b_recorded_steps_when_a_continues ... ok
2026-10-08T20:02:21.8590652Z test a_ended_note_counts_a_recorded_steps_when_b_continues ... ok
2026-10-08T20:02:21.8602630Z test earlier_decision_or_outcome_remains_first_when_a_branch_later_ends ... ok
2026-10-08T20:02:21.8603932Z test ending_uses_the_recorded_timeline_even_if_summary_counts_are_stale ... ok
2026-10-08T20:02:21.8604741Z test equal_length_timelines_keep_existing_divergence_behavior ... ok
2026-10-08T20:02:21.8605536Z 
2026-10-08T20:02:21.8606059Z test result: ok. 6 passed; 0 failed; 0 ignored; 0 measured; 0 filtered out; finished in 0.01s
2026-10-08T20:02:21.8606709Z 
2026-10-08T20:02:21.8607665Z [1m[92m     Running[0m tests/career_lab_reports.rs (target/debug/deps/career_lab_reports-0774675e3ea13d9b)
2026-10-08T20:02:21.8614590Z 
2026-10-08T20:02:21.8614914Z running 9 tests
2026-10-08T20:02:21.8630086Z test changed_numeric_input_and_absent_divergence_are_rendered_from_the_comparison ... ok
2026-10-08T20:02:21.8764212Z test branch_names_remain_literal_and_cannot_split_outcome_columns ... ok
2026-10-08T20:02:21.8943753Z test every_displayed_field_keeps_line_breaks_out_of_report_structure ... ok
2026-10-08T20:02:21.8954517Z test ordinary_reports_keep_numeric_columns_and_timeline_meaning ... ok
2026-10-08T20:02:21.8955620Z test rendering_does_not_rewrite_source_data_or_json_report ... ok
2026-10-08T20:02:21.8956949Z test every_displayed_field_preserves_punctuation_and_entity_text ... ok
2026-10-08T20:02:21.8957986Z test the_report_uses_display_labels_without_substituting_hidden_identifiers ... ok
2026-10-08T20:02:21.9036235Z test every_displayed_field_prevents_raw_html_elements ... ok
2026-10-08T20:02:21.9197837Z test inline_code_fields_keep_backtick_runs_entities_and_significant_padding ... ok
2026-10-08T20:02:21.9198507Z 
2026-10-08T20:02:21.9198915Z test result: ok. 9 passed; 0 failed; 0 ignored; 0 measured; 0 filtered out; finished in 0.06s
2026-10-08T20:02:21.9199373Z 
2026-10-08T20:02:21.9201656Z [1m[92m     Running[0m tests/career_library_replacement.rs (target/debug/deps/career_library_replacement-de3a34823e95a6d1)
2026-10-08T20:02:21.9215141Z 
2026-10-08T20:02:21.9215342Z running 6 tests
2026-10-08T20:02:22.2688449Z test a_failed_new_save_does_not_create_a_visible_partial_checkpoint ... ok
2026-10-08T20:02:22.2735287Z test failed_import_overwrite_preserves_an_existing_checkpoint ... ok
2026-10-08T20:02:22.2778369Z test failed_overwrite_restores_the_complete_previous_checkpoint ... ok
2026-10-08T20:02:22.2789241Z test no_overwrite_preserves_orphan_snapshot_bytes ... ok
2026-10-08T20:02:22.2821794Z test snapshot_staging_failure_preserves_the_old_pair_and_cleans_its_backup ... ok
2026-10-08T20:02:22.2863513Z test successful_overwrite_replaces_state_and_metadata_without_recovery_files ... ok
2026-10-08T20:02:22.2864035Z 
2026-10-08T20:02:22.2864308Z test result: ok. 6 passed; 0 failed; 0 ignored; 0 measured; 0 filtered out; finished in 0.36s
2026-10-08T20:02:22.2864678Z 
2026-10-08T20:02:22.2883447Z [1m[92m     Running[0m tests/cli_policy.rs (target/debug/deps/cli_policy-79d863b08e07da3a)
2026-10-08T20:02:22.2893420Z 
2026-10-08T20:02:22.2893610Z running 2 tests
2026-10-08T20:02:22.6375776Z test cli_policy_external_missing_cmd_names_env ... ok
2026-10-08T20:02:22.9044245Z test cli_policy_unknown_runs_default ... ok
2026-10-08T20:02:22.9044933Z 
2026-10-08T20:02:22.9045587Z test result: ok. 2 passed; 0 failed; 0 ignored; 0 measured; 0 filtered out; finished in 0.61s
2026-10-08T20:02:22.9046534Z 
2026-10-08T20:02:22.9047611Z [1m[92m     Running[0m tests/cli_seed_admission.rs (target/debug/deps/cli_seed_admission-3f425ddb33201893)
2026-10-08T20:02:22.9057963Z 
2026-10-08T20:02:22.9058215Z running 15 tests
2026-10-08T20:02:23.4734685Z test last_valid_duplicate_seed_still_wins ... ok
2026-10-08T20:02:23.4753725Z test empty_seed_preserves_existing_career ... ok
2026-10-08T20:02:23.4803589Z test fractional_seed_preserves_existing_career ... ok
2026-10-08T20:02:24.0483209Z test malformed_seed_before_valid_duplicate_is_refused ... ok
2026-10-08T20:02:24.0484417Z test malformed_seed_after_valid_duplicate_is_refused ... ok
2026-10-08T20:02:24.0533708Z test malformed_seed_does_not_create_a_first_career ... ok
2026-10-08T20:02:24.0653927Z test malformed_batch_preserves_output_before_zero_career_run ... ok
2026-10-08T20:02:24.0693722Z test explicit_seed_list_still_overrides_valid_seed_and_count ... ok
2026-10-08T20:02:24.6164092Z test malformed_start_preserves_existing_career ... ok
2026-10-08T20:02:24.6173602Z test malformed_seed_is_refused_even_when_explicit_list_would_override_it ... ok
2026-10-08T20:02:24.6313898Z test signed_i64_boundaries_are_admitted_without_running_a_career ... ok
2026-10-08T20:02:24.6323744Z test omitted_seed_still_starts_seed_42 ... ok
2026-10-08T20:02:24.6352546Z test seed_above_i64_max_preserves_existing_career ... ok
2026-10-08T20:02:24.9711835Z test seed_below_i64_min_preserves_existing_career ... ok
2026-10-08T20:02:25.6566292Z test valid_signed_seeds_are_saved_exactly ... ok
2026-10-08T20:02:25.6566709Z 
2026-10-08T20:02:25.6567091Z test result: ok. 15 passed; 0 failed; 0 ignored; 0 measured; 0 filtered out; finished in 2.75s
2026-10-08T20:02:25.6567607Z 
2026-10-08T20:02:25.6569628Z [1m[92m     Running[0m tests/content_pack_loader.rs (target/debug/deps/content_pack_loader-cf08ec1d928e49d3)
2026-10-08T20:02:25.6579727Z 
2026-10-08T20:02:25.6579924Z running 1 test
2026-10-08T20:02:25.6583738Z test example_pack_has_events ... ok
2026-10-08T20:02:25.6584152Z 
2026-10-08T20:02:25.6584693Z test result: ok. 1 passed; 0 failed; 0 ignored; 0 measured; 0 filtered out; finished in 0.00s
2026-10-08T20:02:25.6585448Z 
2026-10-08T20:02:25.6586243Z [1m[92m     Running[0m tests/deck_placement.rs (target/debug/deps/deck_placement-412e471d0122826c)
2026-10-08T20:02:25.6596681Z 
2026-10-08T20:02:25.6596871Z running 7 tests
2026-10-08T20:02:25.6600239Z test assigns_cards_to_specialty_facilities ... ok
2026-10-08T20:02:25.6601169Z test deck_spec_parses_manual_placement ... ok
2026-10-08T20:02:25.6602408Z test grand_live_scenario_links_only_on_trained_facility ... ok
2026-10-08T20:02:25.6604126Z test manual_placement_stacks_cards_on_facility ... ok
2026-10-08T20:02:25.6605056Z test deck_increases_training_gain_vs_empty_deck ... ok
2026-10-08T20:02:25.6606958Z test training_gain_uses_only_cards_on_facility ... ok
2026-10-08T20:02:25.6608059Z test runtime_reassign_moves_card ... ok
2026-10-08T20:02:25.6608386Z 
2026-10-08T20:02:25.6608825Z test result: ok. 7 passed; 0 failed; 0 ignored; 0 measured; 0 filtered out; finished in 0.00s
2026-10-08T20:02:25.6609195Z 
2026-10-08T20:02:25.6611478Z [1m[92m     Running[0m tests/deck_support_bridge.rs (target/debug/deps/deck_support_bridge-eedd0eb3ae8938f4)
2026-10-08T20:02:25.6620472Z 
2026-10-08T20:02:25.6620922Z running 1 test
2026-10-08T20:02:25.6625410Z test deck_increases_training_gain_vs_empty_deck ... ok
2026-10-08T20:02:25.6625865Z 
2026-10-08T20:02:25.6626339Z test result: ok. 1 passed; 0 failed; 0 ignored; 0 measured; 0 filtered out; finished in 0.00s
2026-10-08T20:02:25.6626816Z 
2026-10-08T20:02:25.6627574Z [1m[92m     Running[0m tests/event_effect_applier.rs (target/debug/deps/event_effect_applier-516f1334a2eb08cb)
2026-10-08T20:02:25.6638593Z 
2026-10-08T20:02:25.6638826Z running 2 tests
2026-10-08T20:02:25.6813277Z test applies_stat_and_energy ... ok
2026-10-08T20:02:25.6830157Z test applies_skill_points_and_hints ... ok
2026-10-08T20:02:25.6830541Z 
2026-10-08T20:02:25.6831002Z test result: ok. 2 passed; 0 failed; 0 ignored; 0 measured; 0 filtered out; finished in 0.02s
2026-10-08T20:02:25.6831694Z 
2026-10-08T20:02:25.6835177Z [1m[92m     Running[0m tests/event_pool_gating.rs (target/debug/deps/event_pool_gating-78b517e910c38910)
2026-10-08T20:02:25.6844193Z 
2026-10-08T20:02:25.6844781Z running 4 tests
2026-10-08T20:02:25.6848540Z test scenario_events_match_active_scenario_only ... ok
2026-10-08T20:02:25.6849339Z test scenario_owner_maps_engine_ids ... ok
2026-10-08T20:02:25.6849741Z test support_events_require_deck_membership ... ok
2026-10-08T20:02:25.8089659Z test file_catalog_ura_pool_excludes_other_scenarios_and_undecked_supports ... ok
2026-10-08T20:02:25.8090038Z 
2026-10-08T20:02:25.8090309Z test result: ok. 4 passed; 0 failed; 0 ignored; 0 measured; 0 filtered out; finished in 0.12s
2026-10-08T20:02:25.8090716Z 
2026-10-08T20:02:25.8093672Z [1m[92m     Running[0m tests/event_probability_config.rs (target/debug/deps/event_probability_config-7b11d3a367a0b4e3)
2026-10-08T20:02:25.8102814Z 
2026-10-08T20:02:25.8103177Z running 3 tests
2026-10-08T20:02:25.8106879Z test deck_raises_event_chance ... ok
2026-10-08T20:02:25.8107473Z test energy_variance_picks_from_outcomes ... ok
2026-10-08T20:02:25.8107965Z test matches_energy_variance_pattern ... ok
2026-10-08T20:02:25.8108348Z 
2026-10-08T20:02:25.8108809Z test result: ok. 3 passed; 0 failed; 0 ignored; 0 measured; 0 filtered out; finished in 0.00s
2026-10-08T20:02:25.8109451Z 
2026-10-08T20:02:25.8109963Z [1m[92m     Running[0m tests/facility_level_config.rs (target/debug/deps/facility_level_config-2f9958e3e56de64e)
2026-10-08T20:02:25.8117855Z 
2026-10-08T20:02:25.8118016Z running 3 tests
2026-10-08T20:02:25.8120457Z test level_rises_every_four_trains ... ok
2026-10-08T20:02:25.8121279Z test ura_uses_train_count_leveling_unity_does_not ... ok
2026-10-08T20:02:25.8122095Z test successful_train_increments_level_after_fourth_use ... ok
2026-10-08T20:02:25.8122785Z 
2026-10-08T20:02:25.8123442Z test result: ok. 3 passed; 0 failed; 0 ignored; 0 measured; 0 filtered out; finished in 0.00s
2026-10-08T20:02:25.8124082Z 
2026-10-08T20:02:25.8124604Z [1m[92m     Running[0m tests/golden_seed.rs (target/debug/deps/golden_seed-26d67a9a015bebb8)
2026-10-08T20:02:25.8135850Z 
2026-10-08T20:02:25.8136014Z running 3 tests
2026-10-08T20:02:26.2228438Z test golden_seed_42_ura ... ok
2026-10-08T20:02:40.7951496Z test fixture_file_matches_engine ... ok
2026-10-08T20:02:55.2317230Z test all_fifty_seeds_reproducible ... ok
2026-10-08T20:02:55.2317742Z 
2026-10-08T20:02:55.2318297Z test result: ok. 3 passed; 0 failed; 0 ignored; 0 measured; 0 filtered out; finished in 29.42s
2026-10-08T20:02:55.2319046Z 
2026-10-08T20:02:55.2327421Z [1m[92m     Running[0m tests/golden_seeds.rs (target/debug/deps/golden_seeds-44659c3cedf7ebd3)
2026-10-08T20:02:55.2341289Z 
2026-10-08T20:02:55.2341675Z running 3 tests
2026-10-08T20:02:55.4166840Z test kotlin_golden_fixture_seed_42_ura ... ok
2026-10-08T20:02:55.5534620Z test seed_42_ura_reproducible ... ok
2026-10-08T20:03:09.6875897Z test all_kotlin_golden_summaries ... ok
2026-10-08T20:03:09.6876358Z 
2026-10-08T20:03:09.6876820Z test result: ok. 3 passed; 0 failed; 0 ignored; 0 measured; 0 filtered out; finished in 14.45s
2026-10-08T20:03:09.6877469Z 
2026-10-08T20:03:09.6884600Z [1m[92m     Running[0m tests/grand_live_bot_replay.rs (target/debug/deps/grand_live_bot_replay-962da15d3a66b9f5)
2026-10-08T20:03:09.6897631Z 
2026-10-08T20:03:09.6897833Z running 2 tests
2026-10-08T20:03:09.6901896Z test gl_token_totals_wired_into_decision_context ... ok
2026-10-08T20:03:09.7089612Z test gl_replay_fixtures_match_at_least_95_percent ... ok
2026-10-08T20:03:09.7090027Z 
2026-10-08T20:03:09.7090380Z test result: ok. 2 passed; 0 failed; 0 ignored; 0 measured; 0 filtered out; finished in 0.02s
2026-10-08T20:03:09.7090910Z 
2026-10-08T20:03:09.7094308Z [1m[92m     Running[0m tests/grand_live_calibration_loader.rs (target/debug/deps/grand_live_calibration_loader-be59d50ae4794352)
2026-10-08T20:03:09.7102838Z 
2026-10-08T20:03:09.7103211Z running 4 tests
2026-10-08T20:03:09.7109073Z test calibration_row_totals_documented ... ok
2026-10-08T20:03:09.7112270Z test deck_size_specific_row_preferred ... ok
2026-10-08T20:03:09.7115116Z test load_from_path ... ok
2026-10-08T20:03:09.7118304Z test loads_calibration_from_repo ... ok
2026-10-08T20:03:09.7118682Z 
2026-10-08T20:03:09.7118963Z test result: ok. 4 passed; 0 failed; 0 ignored; 0 measured; 0 filtered out; finished in 0.00s
2026-10-08T20:03:09.7119370Z 
2026-10-08T20:03:09.7121578Z [1m[92m     Running[0m tests/grand_live_catalog_loader.rs (target/debug/deps/grand_live_catalog_loader-ebba63bcb4ab2857)
2026-10-08T20:03:09.7130129Z 
2026-10-08T20:03:09.7130305Z running 1 test
2026-10-08T20:03:09.7203938Z test loads_songs_from_knowledge_base ... ok
2026-10-08T20:03:09.7204307Z 
2026-10-08T20:03:09.7204591Z test result: ok. 1 passed; 0 failed; 0 ignored; 0 measured; 0 filtered out; finished in 0.01s
2026-10-08T20:03:09.7204966Z 
2026-10-08T20:03:09.7207732Z [1m[92m     Running[0m tests/grand_live_formula_calibration.rs (target/debug/deps/grand_live_formula_calibration-34df03460eb2cb23)
2026-10-08T20:03:09.7215549Z 
2026-10-08T20:03:09.7215700Z running 4 tests
2026-10-08T20:03:09.7219463Z test calibration_rows_match_uma_guide_formula_total ... ok
2026-10-08T20:03:09.7219979Z test inheritance_choice_applies_skills ... ok
2026-10-08T20:03:09.7220405Z test skill_factors_become_inherited_skills ... ok
2026-10-08T20:03:09.7220826Z test split_sums_to_formula_total ... ok
2026-10-08T20:03:09.7221029Z 
2026-10-08T20:03:09.7221297Z test result: ok. 4 passed; 0 failed; 0 ignored; 0 measured; 0 filtered out; finished in 0.00s
2026-10-08T20:03:09.7221862Z 
2026-10-08T20:03:09.7223781Z [1m[92m     Running[0m tests/grand_live_l1_training.rs (target/debug/deps/grand_live_l1_training-df60fd29519aee79)
2026-10-08T20:03:09.7231398Z 
2026-10-08T20:03:09.7231572Z running 3 tests
2026-10-08T20:03:09.7235970Z test grand_concert_l1_speed_matches_gametora_base ... ok
2026-10-08T20:03:09.7238585Z test grand_concert_l1_wit_recovers_energy ... ok
2026-10-08T20:03:09.7240228Z [1m[92m     Running[0m tests/grand_live_r7.rs (target/debug/deps/grand_live_r7-90b86100e9166009)
2026-10-08T20:03:09.7240831Z test ura_l1_unchanged_by_gl_override ... ok
2026-10-08T20:03:09.7241194Z 
2026-10-08T20:03:09.7244064Z test result: ok. 3 passed; 0 failed; 0 ignored; 0 measured; 0 filtered out; finished in 0.00s
2026-10-08T20:03:09.7244668Z 
2026-10-08T20:03:09.7251406Z 
2026-10-08T20:03:09.7251579Z running 18 tests
2026-10-08T20:03:09.7256645Z test concert_outcome_great_success_normal_and_failure ... ok
2026-10-08T20:03:09.7257552Z test blocked_performance_types_zero_token_gains ... ok
2026-10-08T20:03:09.7258547Z test concert_failure_on_race_loss ... ok
2026-10-08T20:03:09.7259486Z test concert_outcome_respects_race_result_flag ... ok
2026-10-08T20:03:09.7260535Z test closer_together_fires_at_senior_nov_with_16_songs ... ok
2026-10-08T20:03:09.7261662Z test fan_scaled_unique_skill_power_multiply_fan_count ... ok
2026-10-08T20:03:09.7262427Z test consolation_unique_path_sets_power ... ok
2026-10-08T20:03:09.7263795Z test lesson_board_includes_unaffordable_and_song_when_unlocked ... ok
2026-10-08T20:03:09.7264597Z test live_type_and_result_state_packet_mapping ... ok
2026-10-08T20:03:09.7265224Z test lesson_board_three_slots_documents_next_square_approximation ... ok
2026-10-08T20:03:09.7265853Z test member_ready_count_tracks_deck_size ... ok
2026-10-08T20:03:09.7266745Z test normal_concert_path_without_great_success ... ok
2026-10-08T20:03:09.7272807Z test dating_light_hello_event_can_fire_and_unlocks_pal_date ... ok
2026-10-08T20:03:09.7290361Z test reserve_square_id_prefers_board_slot ... ok
2026-10-08T20:03:09.7313644Z test specialty_bonus_biases_roll_toward_specialty_facility ... ok
2026-10-08T20:03:09.7361479Z test technique_tiers_gate_advanced_lessons_until_later_concerts ... ok
2026-10-08T20:03:09.7387042Z test song_mastery_train_bonuses_apply_on_purchase ... ok
2026-10-08T20:03:09.7399451Z test technique_pivot_skips_forced_song_slot_at_21_songs ... ok
2026-10-08T20:03:09.7399964Z 
2026-10-08T20:03:09.7400424Z test result: ok. 18 passed; 0 failed; 0 ignored; 0 measured; 0 filtered out; finished in 0.01s
2026-10-08T20:03:09.7400869Z 
2026-10-08T20:03:09.7404118Z [1m[92m     Running[0m tests/grand_live_simulation.rs (target/debug/deps/grand_live_simulation-9b0da865c810dcd1)
2026-10-08T20:03:09.7416027Z 
2026-10-08T20:03:09.7416205Z running 24 tests
2026-10-08T20:03:09.7422234Z test all_six_concert_turns_mapped ... ok
2026-10-08T20:03:09.7423361Z test days_to_concert_matches_scoring_shared ... ok
2026-10-08T20:03:09.7424001Z test cycle_max_blocks_song_when_full ... ok
2026-10-08T20:03:09.7424600Z test debut_race_preserves_make_debut_cycle_hype ... ok
2026-10-08T20:03:09.7425299Z test career_starts_without_make_debut_until_grant_turn ... ok
2026-10-08T20:03:09.7426052Z test friendship_bonus_increases_training_multiplier ... ok
2026-10-08T20:03:09.7434123Z test friendship_training_biases_secondary_to_least_owned ... ok
2026-10-08T20:03:09.7435212Z test debut_grants_no_tokens_make_debut_song_already_granted ... ok
2026-10-08T20:03:09.7439530Z test is_hype_maxed_when_cycle_meets_required ... ok
2026-10-08T20:03:09.7444755Z test lesson_board_has_at_most_three_slots ... ok
2026-10-08T20:03:09.7445567Z test light_hello_grants_least_owned_on_proc ... ok
2026-10-08T20:03:09.7448709Z test make_debut_song_grants_all_performance_tokens ... ok
2026-10-08T20:03:09.7449475Z test part_four_songs_unlock_in_senior_dec_late ... ok
2026-10-08T20:03:09.7450647Z test performance_tokens_cap_at_200 ... ok
2026-10-08T20:03:09.7451732Z test promo_concert_grants_stats_sp_and_raises_perf_cap ... ok
2026-10-08T20:03:09.7452435Z test great_success_grand_concert_with_18_songs ... ok
2026-10-08T20:03:09.7452794Z test soft_cap_halves_gains_above_1200 ... ok
2026-10-08T20:03:09.7453462Z test promo_concert_mandatory_at_turn_24 ... ok
2026-10-08T20:03:09.7454030Z test scenario_links_increase_formula_total ... ok
2026-10-08T20:03:09.7454388Z test song_purchase_increments_cycle_hype ... ok
2026-10-08T20:03:09.7454742Z test technique_gate_blocks_song_purchase ... ok
2026-10-08T20:03:09.7455084Z test training_applies_603010_token_split ... ok
2026-10-08T20:03:09.7455413Z test uma_guide_performance_formula ... ok
2026-10-08T20:03:10.3074470Z test full_career_completes_with_engine ... ok
2026-10-08T20:03:10.3074752Z 
2026-10-08T20:03:10.3075036Z test result: ok. 24 passed; 0 failed; 0 ignored; 0 measured; 0 filtered out; finished in 0.57s
2026-10-08T20:03:10.3075418Z 
2026-10-08T20:03:10.3083233Z [1m[92m     Running[0m tests/grand_live_token_labels.rs (target/debug/deps/grand_live_token_labels-733e1af4fa910d75)
2026-10-08T20:03:10.3093973Z 
2026-10-08T20:03:10.3094325Z running 1 test
2026-10-08T20:03:10.3096869Z test facility_split_labels_match_gametora_condor ... ok
2026-10-08T20:03:10.3097398Z 
2026-10-08T20:03:10.3097930Z test result: ok. 1 passed; 0 failed; 0 ignored; 0 measured; 0 filtered out; finished in 0.00s
2026-10-08T20:03:10.3098447Z 
2026-10-08T20:03:10.3099611Z [1m[92m     Running[0m tests/hint_progression_config.rs (target/debug/deps/hint_progression_config-9f4ce874ea34ade3)
2026-10-08T20:03:10.3108497Z 
2026-10-08T20:03:10.3108647Z running 4 tests
2026-10-08T20:03:10.3111744Z test caps_at_max_level ... ok
2026-10-08T20:03:10.3113385Z test increments_below_max ... ok
2026-10-08T20:03:10.3113943Z test roll_bonus_within_range ... ok
2026-10-08T20:03:10.3114516Z test event_options_include_bonus ... ok
2026-10-08T20:03:10.3114795Z 
2026-10-08T20:03:10.3115180Z test result: ok. 4 passed; 0 failed; 0 ignored; 0 measured; 0 filtered out; finished in 0.00s
2026-10-08T20:03:10.3115857Z 
2026-10-08T20:03:10.3116530Z [1m[92m     Running[0m tests/knowledge_validate.rs (target/debug/deps/knowledge_validate-77befdfb09cb30c1)
2026-10-08T20:03:10.3125614Z 
2026-10-08T20:03:10.3125906Z running 1 test
2026-10-08T20:03:10.4535405Z test canonical_knowledge_base_passes_validate_script ... ok
2026-10-08T20:03:10.4536074Z 
2026-10-08T20:03:10.4536639Z test result: ok. 1 passed; 0 failed; 0 ignored; 0 measured; 0 filtered out; finished in 0.14s
2026-10-08T20:03:10.4537345Z 
2026-10-08T20:03:10.4538110Z [1m[92m     Running[0m tests/legacy_applicator.rs (target/debug/deps/legacy_applicator-8e05a08efdecbfac)
2026-10-08T20:03:10.4552078Z 
2026-10-08T20:03:10.4552386Z running 10 tests
2026-10-08T20:03:10.4556055Z test blue_starting_bonuses_match_gametora_table ... ok
2026-10-08T20:03:10.4557032Z test inheritance_choice_1_boosts_spark_stats ... ok
2026-10-08T20:03:10.4559864Z test inheritance_choice_applies_skills ... ok
2026-10-08T20:03:10.4560484Z test effective_cap_raises_above_base ... ok
2026-10-08T20:03:10.4561089Z test legacy_tree_preferred_over_flat_factors ... ok
2026-10-08T20:03:10.4561987Z test pink_and_race_factors_tracked ... ok
2026-10-08T20:03:10.4562566Z test pink_preview_caps_at_a ... ok
2026-10-08T20:03:10.4563357Z test skill_factors_become_inherited_skills ... ok
2026-10-08T20:03:10.4563826Z test spark_caps_stack_per_star ... ok
2026-10-08T20:03:10.7376995Z test spark_run_differs_from_ace_run ... ok
2026-10-08T20:03:10.7377367Z 
2026-10-08T20:03:10.7378139Z test result: ok. 10 passed; 0 failed; 0 ignored; 0 measured; 0 filtered out; finished in 0.28s
2026-10-08T20:03:10.7378671Z 
2026-10-08T20:03:10.7384302Z [1m[92m     Running[0m tests/live_bot_telemetry.rs (target/debug/deps/live_bot_telemetry-496f02d78ff21496)
2026-10-08T20:03:10.7397669Z 
2026-10-08T20:03:10.7397851Z running 1 test
2026-10-08T20:03:10.7581887Z test live_bot_sample_match_rate ... ok
2026-10-08T20:03:10.7582193Z 
2026-10-08T20:03:10.7582552Z test result: ok. 1 passed; 0 failed; 0 ignored; 0 measured; 0 filtered out; finished in 0.02s
2026-10-08T20:03:10.7583297Z 
2026-10-08T20:03:10.7586399Z [1m[92m     Running[0m tests/live_telemetry_replay.rs (target/debug/deps/live_telemetry_replay-b24ad8477a0e6199)
2026-10-08T20:03:10.7597008Z 
2026-10-08T20:03:10.7597200Z running 1 test
2026-10-08T20:03:10.7791501Z test jsonl_replay_match_rate_at_least_90_percent ... ok
2026-10-08T20:03:10.7791869Z 
2026-10-08T20:03:10.7792163Z test result: ok. 1 passed; 0 failed; 0 ignored; 0 measured; 0 filtered out; finished in 0.02s
2026-10-08T20:03:10.7792536Z 
2026-10-08T20:03:10.7795710Z [1m[92m     Running[0m tests/mid_run_inspiration.rs (target/debug/deps/mid_run_inspiration-edb7e7f8c6217b83)
2026-10-08T20:03:10.7806107Z 
2026-10-08T20:03:10.7806260Z running 2 tests
2026-10-08T20:03:10.7811145Z test career_start_calendar_is_not_april_inspiration ... ok
2026-10-08T20:03:10.7811717Z test mid_run_inspiration_applies_blue_when_compat_guarantees_proc ... ok
2026-10-08T20:03:10.7812036Z 
2026-10-08T20:03:10.7812308Z test result: ok. 2 passed; 0 failed; 0 ignored; 0 measured; 0 filtered out; finished in 0.00s
2026-10-08T20:03:10.7812672Z 
2026-10-08T20:03:10.7814528Z [1m[92m     Running[0m tests/paired_batches.rs (target/debug/deps/paired_batches-0b2647a46b0df1b2)
2026-10-08T20:03:10.7823455Z 
2026-10-08T20:03:10.7823628Z running 7 tests
2026-10-08T20:03:10.7829386Z test incomplete_or_duplicate_cohorts_refuse_in_both_directions ... ok
2026-10-08T20:03:10.7830758Z test odd_median_and_full_signed_integer_endpoints_are_exact ... ok
2026-10-08T20:03:10.7831897Z test matches_complete_identities_instead_of_positions_or_seed_alone ... ok
2026-10-08T20:03:10.7841058Z test every_required_field_is_strict_and_late_bad_records_are_not_skipped ... ok
2026-10-08T20:03:10.7841939Z test string_limits_count_utf8_bytes_and_retain_literal_whitespace ... ok
2026-10-08T20:03:10.7842850Z test text_ranks_ten_largest_absolute_deltas_and_json_keeps_all_pairs ... ok
2026-10-08T20:03:11.6444747Z test reader_bounds_utf8_and_io_errors_are_reported ... ok
2026-10-08T20:03:11.6445214Z 
2026-10-08T20:03:11.6445592Z test result: ok. 7 passed; 0 failed; 0 ignored; 0 measured; 0 filtered out; finished in 0.86s
2026-10-08T20:03:11.6446367Z 
2026-10-08T20:03:11.6448240Z [1m[92m     Running[0m tests/paired_batches_cli.rs (target/debug/deps/paired_batches_cli-4d25892d9d2d4538)
2026-10-08T20:03:11.6459692Z 
2026-10-08T20:03:11.6459937Z running 5 tests
2026-10-08T20:03:11.6502387Z test help_is_available_without_files ... ok
2026-10-08T20:03:11.6517894Z test real_cli_reports_saved_records_without_session_or_simulator_configuration ... ok
2026-10-08T20:03:11.6532193Z test actual_unwritable_output_and_diagnostic_sinks_return_failure_without_panicking ... ok
2026-10-08T20:03:11.6547337Z test missing_late_invalid_and_unmatched_input_produce_no_primary_output ... ok
2026-10-08T20:03:11.6692792Z test unknown_duplicate_empty_and_missing_flags_refuse_before_input_access ... ok
2026-10-08T20:03:11.6693719Z 
2026-10-08T20:03:11.6694188Z test result: ok. 5 passed; 0 failed; 0 ignored; 0 measured; 0 filtered out; finished in 0.02s
2026-10-08T20:03:11.6694671Z 
2026-10-08T20:03:11.6695462Z [1m[92m     Running[0m tests/parity.rs (target/debug/deps/parity-a47619aa11e4bdba)
2026-10-08T20:03:11.6707769Z 
2026-10-08T20:03:11.6707953Z running 6 tests
2026-10-08T20:03:11.6741864Z test rng_seed_42_fixture_present ... ok
2026-10-08T20:03:11.6755523Z test parity_fixture_manifest_complete ... ok
2026-10-08T20:03:11.7014197Z test scoring_vectors_fixture_loads ... ok
2026-10-08T20:03:11.7719237Z test event_parse_vectors_fixture_loads ... ok
2026-10-08T20:03:11.7878139Z test all_rng_trace_fixtures_match_kotlin ... ok
2026-10-08T20:03:11.8422665Z test turn_traces_report_first_divergence ... ok
2026-10-08T20:03:11.8423352Z 
2026-10-08T20:03:11.8423820Z test result: ok. 6 passed; 0 failed; 0 ignored; 0 measured; 0 filtered out; finished in 0.17s
2026-10-08T20:03:11.8424209Z 
2026-10-08T20:03:11.8431049Z [1m[92m     Running[0m tests/perf.rs (target/debug/deps/perf-288f99fb6beb7aea)
2026-10-08T20:03:11.8445521Z 
2026-10-08T20:03:11.8445794Z running 2 tests
2026-10-08T20:03:12.0342904Z test full_career_under_3s_at_x100 ... ok
2026-10-08T20:03:12.0350479Z test full_career_under_10s_at_x20 ... ok
2026-10-08T20:03:12.0350855Z 
2026-10-08T20:03:12.0351310Z test result: ok. 2 passed; 0 failed; 0 ignored; 0 measured; 0 filtered out; finished in 0.19s
2026-10-08T20:03:12.0352299Z 
2026-10-08T20:03:12.0362029Z [1m[92m     Running[0m tests/product_readiness.rs (target/debug/deps/product_readiness-9ebaea476e1c2f9f)
2026-10-08T20:03:12.0377072Z 
2026-10-08T20:03:12.0377337Z running 7 tests
2026-10-08T20:03:12.7484059Z test four_scenarios_complete_72_turns ... ok
2026-10-08T20:03:12.7484734Z test golden_fixture_file_present ... ok
2026-10-08T20:03:12.7485286Z test speed_multiplier_clamps_1_to_100 ... ok
2026-10-08T20:03:12.7485791Z test telemetry_replay_resources_present ... ok
2026-10-08T20:03:13.0017657Z test deck_and_legacy_start_completes_career ... ok
2026-10-08T20:03:13.4598358Z test full_career_under_ten_seconds_at_x20 ... ok
2026-10-08T20:03:14.4857728Z test bot_policy_completes_all_four_scenarios ... ok
2026-10-08T20:03:14.4858062Z 
2026-10-08T20:03:14.4858339Z test result: ok. 7 passed; 0 failed; 0 ignored; 0 measured; 0 filtered out; finished in 2.45s
2026-10-08T20:03:14.4858727Z 
2026-10-08T20:03:14.4885859Z [1m[92m     Running[0m tests/race_npc_r86.rs (target/debug/deps/race_npc_r86-903587ad110c00fa)
2026-10-08T20:03:14.4897667Z 
2026-10-08T20:03:14.4897851Z running 1 test
2026-10-08T20:03:16.3233656Z test r86_npc_win_rates_ordered_vs_telemetry_prior ... ok
2026-10-08T20:03:16.3233976Z 
2026-10-08T20:03:16.3234245Z test result: ok. 1 passed; 0 failed; 0 ignored; 0 measured; 0 filtered out; finished in 1.83s
2026-10-08T20:03:16.3234606Z 
2026-10-08T20:03:16.3239560Z [1m[92m     Running[0m tests/race_outcomes.rs (target/debug/deps/race_outcomes-019a1e18c4b6e6a4)
2026-10-08T20:03:16.3251115Z 
2026-10-08T20:03:16.3251306Z running 3 tests
2026-10-08T20:03:16.3254453Z test g1_and_climax_wins_grant_stub_epithets ... ok
2026-10-08T20:03:16.3255294Z test mid_run_race_physics_documented_in_research ... ok
2026-10-08T20:03:16.3255786Z test place_and_show_fans_are_lower_than_win ... ok
2026-10-08T20:03:16.3256080Z 
2026-10-08T20:03:16.3256517Z test result: ok. 3 passed; 0 failed; 0 ignored; 0 measured; 0 filtered out; finished in 0.00s
2026-10-08T20:03:16.3256911Z 
2026-10-08T20:03:16.3258151Z [1m[92m     Running[0m tests/race_perf_r89.rs (target/debug/deps/race_perf_r89-b66ddbff0f943165)
2026-10-08T20:03:16.3270253Z 
2026-10-08T20:03:16.3270430Z running 2 tests
2026-10-08T20:03:16.5018502Z test physics_career_race_budget_under_250ms ... ok
2026-10-08T20:03:17.7195606Z test eighteen_horse_2000m_under_10ms_p50 ... ok
2026-10-08T20:03:17.7195990Z 
2026-10-08T20:03:17.7196390Z test result: ok. 2 passed; 0 failed; 0 ignored; 0 measured; 0 filtered out; finished in 1.39s
2026-10-08T20:03:17.7196948Z 
2026-10-08T20:03:17.7205221Z [1m[92m     Running[0m tests/race_physics_r87.rs (target/debug/deps/race_physics_r87-792eb495763192b6)
2026-10-08T20:03:17.7220315Z 
2026-10-08T20:03:17.7220613Z running 3 tests
2026-10-08T20:03:17.7226404Z test stub_default_debut_still_places_first ... ok
2026-10-08T20:03:17.8067398Z test physics_debut_race_returns_real_order_not_always_first ... ok
2026-10-08T20:03:17.9041411Z test physics_full_career_completes_with_varied_or_non_first_places ... ok
2026-10-08T20:03:17.9042135Z 
2026-10-08T20:03:17.9043336Z test result: ok. 3 passed; 0 failed; 0 ignored; 0 measured; 0 filtered out; finished in 0.18s
2026-10-08T20:03:17.9044055Z 
2026-10-08T20:03:17.9050288Z [1m[92m     Running[0m tests/race_scheduler.rs (target/debug/deps/race_scheduler-72c90596173a56c3)
2026-10-08T20:03:17.9061200Z 
2026-10-08T20:03:17.9061529Z running 4 tests
2026-10-08T20:03:17.9065126Z test skips_early_turns ... ok
2026-10-08T20:03:17.9065633Z test skips_non_free_phase ... ok
2026-10-08T20:03:17.9066120Z test skips_when_fans_high ... ok
2026-10-08T20:03:17.9066658Z test suggests_race_when_fans_low ... ok
2026-10-08T20:03:17.9067011Z 
2026-10-08T20:03:17.9067443Z test result: ok. 4 passed; 0 failed; 0 ignored; 0 measured; 0 filtered out; finished in 0.00s
2026-10-08T20:03:17.9068072Z 
2026-10-08T20:03:17.9070459Z [1m[92m     Running[0m tests/race_v4_dist.rs (target/debug/deps/race_v4_dist-948f119ece761ed6)
2026-10-08T20:03:17.9081597Z 
2026-10-08T20:03:17.9081755Z running 2 tests
2026-10-08T20:03:18.4916916Z test r86_v4_career_physics_logs_emit_place_and_margins ... ok
2026-10-08T20:03:19.1515543Z test r86_v4_place_margin_distribution_soft_gate ... ok
2026-10-08T20:03:19.1516009Z 
2026-10-08T20:03:19.1516443Z test result: ok. 2 passed; 0 failed; 0 ignored; 0 measured; 0 filtered out; finished in 1.24s
2026-10-08T20:03:19.1517014Z 
2026-10-08T20:03:19.1524961Z [1m[92m     Running[0m tests/rest_policy_external_stub.rs (target/debug/deps/rest_policy_external_stub-480ac7d9f4f5276f)
2026-10-08T20:03:19.1539771Z 
2026-10-08T20:03:19.1540029Z running 1 test
2026-10-08T20:03:19.5280006Z test policy_external_positive_path_with_stub ... ok
2026-10-08T20:03:19.5280464Z 
2026-10-08T20:03:19.5280884Z test result: ok. 1 passed; 0 failed; 0 ignored; 0 measured; 0 filtered out; finished in 0.37s
2026-10-08T20:03:19.5281456Z 
2026-10-08T20:03:19.5304241Z [1m[92m     Running[0m tests/scenario_depth.rs (target/debug/deps/scenario_depth-1119343b4c225ea1)
2026-10-08T20:03:19.5313508Z 
2026-10-08T20:03:19.5313770Z running 4 tests
2026-10-08T20:03:19.5318435Z test grand_concert_promo_mandatory_at_turn_36 ... ok
2026-10-08T20:03:19.5319558Z test happy_meek_badge_rolls_on_turn_start ... ok
2026-10-08T20:03:19.5320295Z test grand_concert_perfect_when_18_songs_and_great_success ... ok
2026-10-08T20:03:19.5321057Z test unity_extreme_burst_consumes_ready_flag ... ok
2026-10-08T20:03:19.5321468Z 
2026-10-08T20:03:19.5321905Z test result: ok. 4 passed; 0 failed; 0 ignored; 0 measured; 0 filtered out; finished in 0.00s
2026-10-08T20:03:19.5322532Z 
2026-10-08T20:03:19.5323752Z [1m[92m     Running[0m tests/session_targeting.rs (target/debug/deps/session_targeting-a492a22b6a448a6f)
2026-10-08T20:03:19.5331228Z 
2026-10-08T20:03:19.5331354Z running 5 tests
2026-10-08T20:03:20.1046153Z test absent_explicit_main_never_falls_back_to_the_active_fork ... ok
2026-10-08T20:03:20.1080823Z test empty_body_session_precedes_query_and_empty_query_is_explicit ... ok
2026-10-08T20:03:20.2369294Z test explicit_main_action_changes_only_main ... ok
2026-10-08T20:03:20.4397604Z test explicit_main_fast_forward_keeps_active_fork_unchanged ... ok
2026-10-08T20:03:20.4549322Z test explicit_main_reads_do_not_follow_an_active_fork ... ok
2026-10-08T20:03:20.4549716Z 
2026-10-08T20:03:20.4549990Z test result: ok. 5 passed; 0 failed; 0 ignored; 0 measured; 0 filtered out; finished in 0.92s
2026-10-08T20:03:20.4550406Z 
2026-10-08T20:03:20.4552543Z [1m[92m     Running[0m tests/sim_engine.rs (target/debug/deps/sim_engine-7df509cf75fe5345)
2026-10-08T20:03:20.4567035Z 
2026-10-08T20:03:20.4567236Z running 10 tests
2026-10-08T20:03:20.4574338Z test mandatory_debut_race_on_turn_1 ... ok
2026-10-08T20:03:20.5543736Z test grand_concert_earns_performance_tokens ... ok
2026-10-08T20:03:20.5689611Z test snapshot_round_trip_preserves_turn ... ok
2026-10-08T20:03:20.5690855Z test speed_clamped_to_100 ... ok
2026-10-08T20:03:20.5723928Z test event_choice_updates_stats ... ok
2026-10-08T20:03:20.5753860Z test training_uses_formula_gain ... ok
2026-10-08T20:03:20.5763992Z test turbo_suppresses_dialogue ... ok
2026-10-08T20:03:20.5895491Z test same_seed_same_outcome ... ok
2026-10-08T20:03:20.5954624Z test trackblazer_earns_coins_on_race ... ok
2026-10-08T20:03:20.6680111Z test completes_72_turn_career ... ok
2026-10-08T20:03:20.6680481Z 
2026-10-08T20:03:20.6680945Z test result: ok. 10 passed; 0 failed; 0 ignored; 0 measured; 0 filtered out; finished in 0.21s
2026-10-08T20:03:20.6681587Z 
2026-10-08T20:03:20.6689669Z [1m[92m     Running[0m tests/sim_telemetry_export.rs (target/debug/deps/sim_telemetry_export-85f711ca6de494fe)
2026-10-08T20:03:20.6703222Z 
2026-10-08T20:03:20.6703412Z running 2 tests
2026-10-08T20:03:20.7724596Z test export_jsonl_matches_android_turn_shape ... ok
2026-10-08T20:03:21.1995670Z test bot_run_produces_calibration_ready_training_records ... ok
2026-10-08T20:03:21.1996036Z 
2026-10-08T20:03:21.1996315Z test result: ok. 2 passed; 0 failed; 0 ignored; 0 measured; 0 filtered out; finished in 0.53s
2026-10-08T20:03:21.1997058Z 
2026-10-08T20:03:21.2006056Z [1m[92m     Running[0m tests/skill_catalog_display.rs (target/debug/deps/skill_catalog_display-890ce50352fb1817)
2026-10-08T20:03:21.2017795Z 
2026-10-08T20:03:21.2018122Z running 1 test
2026-10-08T20:03:21.2022706Z test display_projection_preserves_name_lookup_and_failed_load_semantics ... ok
2026-10-08T20:03:21.2023518Z 
2026-10-08T20:03:21.2023993Z test result: ok. 1 passed; 0 failed; 0 ignored; 0 measured; 0 filtered out; finished in 0.00s
2026-10-08T20:03:21.2024675Z 
2026-10-08T20:03:21.2025174Z [1m[92m     Running[0m tests/skill_hint_routing.rs (target/debug/deps/skill_hint_routing-18287bcf48fe9db6)
2026-10-08T20:03:21.2034911Z 
2026-10-08T20:03:21.2035089Z running 2 tests
2026-10-08T20:03:21.2342095Z test trainee_skills_event_loaded_for_special_week ... ok
2026-10-08T20:03:21.5156606Z test skill_catalog_resolves_hydrate_or_loads ... ok
2026-10-08T20:03:21.5157194Z 
2026-10-08T20:03:21.5157752Z test result: ok. 2 passed; 0 failed; 0 ignored; 0 measured; 0 filtered out; finished in 0.31s
2026-10-08T20:03:21.5158696Z 
2026-10-08T20:03:21.5181803Z [1m[92m     Running[0m tests/soft_cap.rs (target/debug/deps/soft_cap-917785d16b4a2e3a)
2026-10-08T20:03:21.5192131Z 
2026-10-08T20:03:21.5192281Z running 2 tests
2026-10-08T20:03:21.5195276Z test shared_multiplier_matches_scoring_shared ... ok
2026-10-08T20:03:21.5196421Z test spark_cap_raises_hard_cap_before_soft_cap_blend ... ok
2026-10-08T20:03:21.5196912Z 
2026-10-08T20:03:21.5197321Z test result: ok. 2 passed; 0 failed; 0 ignored; 0 measured; 0 filtered out; finished in 0.00s
2026-10-08T20:03:21.5197924Z 
2026-10-08T20:03:21.5198517Z [1m[92m     Running[0m tests/spark_generation.rs (target/debug/deps/spark_generation-68c36383b5336bda)
2026-10-08T20:03:21.5211435Z 
2026-10-08T20:03:21.5211700Z running 5 tests
2026-10-08T20:03:21.5215567Z test blue_bands_never_roll_3star_below_600 ... ok
2026-10-08T20:03:21.5216448Z test grade_quality_ue_can_roll_3star ... ok
2026-10-08T20:03:21.5217376Z test red_star_distribution_covers_1_2_3 ... ok
2026-10-08T20:03:21.8983942Z test completed_career_emits_blue_and_green_sparks ... ok
2026-10-08T20:03:21.9009627Z test spark_generation_does_not_change_career_rng_call_count ... ok
2026-10-08T20:03:21.9010187Z 
2026-10-08T20:03:21.9010471Z test result: ok. 5 passed; 0 failed; 0 ignored; 0 measured; 0 filtered out; finished in 0.38s
2026-10-08T20:03:21.9010837Z 
2026-10-08T20:03:21.9031417Z [1m[92m     Running[0m tests/support_catalog.rs (target/debug/deps/support_catalog-12bfdec8355b36ac)
2026-10-08T20:03:21.9041811Z 
2026-10-08T20:03:21.9041961Z running 1 test
2026-10-08T20:03:22.0232238Z test loads_special_week_from_kb_when_available ... ok
2026-10-08T20:03:22.0232543Z 
2026-10-08T20:03:22.0232817Z test result: ok. 1 passed; 0 failed; 0 ignored; 0 measured; 0 filtered out; finished in 0.12s
2026-10-08T20:03:22.0233676Z 
2026-10-08T20:03:22.0247332Z [1m[92m     Running[0m tests/telemetry_replay.rs (target/debug/deps/telemetry_replay-2a57734a7d2299fc)
2026-10-08T20:03:22.0260015Z 
2026-10-08T20:03:22.0260161Z running 2 tests
2026-10-08T20:03:22.0443177Z test event_fixtures_exact_match ... ok
2026-10-08T20:03:22.0451604Z test replay_fixtures_match_at_least_90_percent ... ok
2026-10-08T20:03:22.0452080Z 
2026-10-08T20:03:22.0452569Z test result: ok. 2 passed; 0 failed; 0 ignored; 0 measured; 0 filtered out; finished in 0.02s
2026-10-08T20:03:22.0453431Z 
2026-10-08T20:03:22.0454921Z [1m[92m     Running[0m tests/trainee_catalog.rs (target/debug/deps/trainee_catalog-1ed3c0a9294336c2)
2026-10-08T20:03:22.0464736Z 
2026-10-08T20:03:22.0464916Z running 3 tests
2026-10-08T20:03:22.0765815Z test loads_special_week_growth_from_kb ... ok
2026-10-08T20:03:22.0766605Z test list_all_excludes_staff_and_non_card_chars ... ok
2026-10-08T20:03:22.0770561Z test growth_pct_boosts_training_gain ... ok
2026-10-08T20:03:22.0770991Z 
2026-10-08T20:03:22.0771372Z test result: ok. 3 passed; 0 failed; 0 ignored; 0 measured; 0 filtered out; finished in 0.03s
2026-10-08T20:03:22.0772193Z 
2026-10-08T20:03:22.0776578Z [1m[92m     Running[0m tests/training_failure_config.rs (target/debug/deps/training_failure_config-e5dd3180913d3c89)
2026-10-08T20:03:22.0786314Z 
2026-10-08T20:03:22.0786462Z running 3 tests
2026-10-08T20:03:22.0789381Z test awful_mood_increases_failure ... ok
2026-10-08T20:03:22.0790155Z test low_energy_increases_failure ... ok
2026-10-08T20:03:22.0792764Z test rainbow_activates_friendship_for_all_cards_on_facility ... ok
2026-10-08T20:03:22.0793616Z 
2026-10-08T20:03:22.0794085Z test result: ok. 3 passed; 0 failed; 0 ignored; 0 measured; 0 filtered out; finished in 0.00s
2026-10-08T20:03:22.0794558Z 
2026-10-08T20:03:22.0795414Z [1m[92m     Running[0m tests/training_failure_penalty.rs (target/debug/deps/training_failure_penalty-40ce375d01f8b3f4)
2026-10-08T20:03:22.0808900Z 
2026-10-08T20:03:22.0809061Z running 4 tests
2026-10-08T20:03:22.0814334Z test certain_injury_chance_applies_injury_flag ... ok
2026-10-08T20:03:22.0819305Z test rest_clears_injury ... ok
2026-10-08T20:03:22.0819821Z test injured_trainee_blocked_from_training ... ok
2026-10-08T20:03:22.0820177Z test wit_training_restores_energy ... ok
2026-10-08T20:03:22.0820402Z 
2026-10-08T20:03:22.0820669Z test result: ok. 4 passed; 0 failed; 0 ignored; 0 measured; 0 filtered out; finished in 0.00s
2026-10-08T20:03:22.0821065Z 
2026-10-08T20:03:22.0823732Z [1m[92m     Running[0m tests/training_inspection.rs (target/debug/deps/training_inspection-8fa9ecb80fb7751b)
2026-10-08T20:03:22.0835557Z 
2026-10-08T20:03:22.0835748Z running 7 tests
2026-10-08T20:03:22.0864639Z test current_energy_risk_uses_the_native_post_cost_boundary ... ok
2026-10-08T20:03:22.0891649Z test repeated_inspection_preserves_snapshot_rng_and_next_action ... ok
2026-10-08T20:03:22.0917014Z test samples_stay_raw_while_energy_recovery_respects_the_cap ... ok
2026-10-08T20:03:22.0999521Z test scenario_zero_failure_and_effective_unity_level_are_inspected ... ok
2026-10-08T20:03:22.1027557Z test actual_cli_refuses_arguments_and_unreadable_sessions_without_writes ... ok
2026-10-08T20:03:22.1029838Z test unavailable_phases_and_blocked_rows_have_no_attempt_results ... ok
2026-10-08T20:03:24.4793179Z test actual_cli_inspects_saved_native_career_without_rewriting_it ... ok
2026-10-08T20:03:24.4794068Z 
2026-10-08T20:03:24.4794662Z test result: ok. 7 passed; 0 failed; 0 ignored; 0 measured; 0 filtered out; finished in 2.40s
2026-10-08T20:03:24.4795609Z 
2026-10-08T20:03:24.4798508Z [1m[92m     Running[0m tests/training_resolver.rs (target/debug/deps/training_resolver-efededd8d228c80f)
2026-10-08T20:03:24.4808700Z 
2026-10-08T20:03:24.4808887Z running 2 tests
2026-10-08T20:03:24.4811836Z test power_training_secondary_is_stamina ... ok
2026-10-08T20:03:24.4817055Z test tertiary_gain_is_twenty_percent_of_main ... ok
2026-10-08T20:03:24.4817497Z 
2026-10-08T20:03:24.4818014Z test result: ok. 2 passed; 0 failed; 0 ignored; 0 measured; 0 filtered out; finished in 0.00s
2026-10-08T20:03:24.4818540Z 
2026-10-08T20:03:24.4820410Z [1m[92m     Running[0m tests/unity_trackblazer_mechanics.rs (target/debug/deps/unity_trackblazer_mechanics-2083eea53868887a)
2026-10-08T20:03:24.4831834Z 
2026-10-08T20:03:24.4832314Z running 20 tests
2026-10-08T20:03:24.4836224Z test trackblazer_climax2_gap_documented ... ok
2026-10-08T20:03:24.4842006Z test trackblazer_climax_awards_victory_points ... ok
2026-10-08T20:03:24.4842671Z test trackblazer_climax_pays_more_coins ... ok
2026-10-08T20:03:24.4844114Z test trackblazer_epithet_gap_documented ... ok
2026-10-08T20:03:24.4846281Z test trackblazer_inventory_gap_documented ... ok
2026-10-08T20:03:24.4846998Z test trackblazer_megaphone_training_multiplier ... ok
2026-10-08T20:03:24.4847658Z test trackblazer_shop_opens_on_interval ... ok
2026-10-08T20:03:24.4848368Z test trackblazer_shop_purchase_deducts_coins_and_applies_stats ... ok
2026-10-08T20:03:24.4849139Z test trackblazer_shop_roll_is_deterministic ... ok
2026-10-08T20:03:24.4849933Z test trackblazer_rival_gap_documented ... ok
2026-10-08T20:03:24.4851254Z test unity_per_leg_gap_documented ... ok
2026-10-08T20:03:24.5019083Z test trackblazer_speed_charm_effects_raise_speed ... ok
2026-10-08T20:03:24.5021639Z test trackblazer_shop_sale_reduces_purchase_cost ... ok
2026-10-08T20:03:24.5024193Z test unity_extreme_burst_grants_ignited_spirit_hint ... ok
2026-10-08T20:03:24.5024941Z test unity_plugin_syncs_facility_levels_from_rank ... ok
2026-10-08T20:03:24.5025459Z test unity_spirit_burst_at_research_threshold ... ok
2026-10-08T20:03:24.5025869Z test unity_spirit_burst_bumps_team_rank ... ok
2026-10-08T20:03:24.5028686Z test unity_team_rank_maps_to_facility_level ... ok
2026-10-08T20:03:24.5029381Z test unity_team_race_win_counts_five_legs_and_zenith ... ok
2026-10-08T20:03:24.5029847Z test unity_teammate_share_gap_documented ... ok
2026-10-08T20:03:24.5030106Z 
2026-10-08T20:03:24.5030376Z test result: ok. 20 passed; 0 failed; 0 ignored; 0 measured; 0 filtered out; finished in 0.02s
2026-10-08T20:03:24.5030743Z 
2026-10-08T20:03:24.5033195Z [1m[92m     Running[0m tests/ura_mechanics.rs (target/debug/deps/ura_mechanics-d01cb73d8f52df87)
2026-10-08T20:03:24.5041064Z 
2026-10-08T20:03:24.5041215Z running 9 tests
2026-10-08T20:03:24.5045571Z test choose_duel_falls_back_to_best_odds_when_no_good_target ... ok
2026-10-08T20:03:24.5046499Z test choose_duel_prefers_good_odds_target_stat ... ok
2026-10-08T20:03:24.5048193Z test duel_accepts_bad_odds_when_failure_within_pct ... ok
2026-10-08T20:03:24.5051008Z test duel_training_bias_boosts_badged_facility ... ok
2026-10-08T20:03:24.5051495Z test duel_win_raises_cap_and_meek_level ... ok
2026-10-08T20:03:24.5051847Z test duel_win_grants_racing_spirit_hint ... ok
2026-10-08T20:03:24.5052241Z test max_level_meek_win_unlocks_past_my_limits ... ok
2026-10-08T20:03:24.5052715Z test training_on_badged_facility_triggers_duel_event ... ok
2026-10-08T20:03:24.5053667Z test ura_finale_distance_gap_documented ... ok
2026-10-08T20:03:24.5054064Z 
2026-10-08T20:03:24.5054520Z test result: ok. 9 passed; 0 failed; 0 ignored; 0 measured; 0 filtered out; finished in 0.00s
2026-10-08T20:03:24.5054990Z 
2026-10-08T20:03:24.5055210Z [1m[92m   Doc-tests[0m uma_race_core
2026-10-08T20:03:24.6001460Z 
2026-10-08T20:03:24.6001963Z running 0 tests
2026-10-08T20:03:24.6002154Z 
2026-10-08T20:03:24.6002448Z test result: ok. 0 passed; 0 failed; 0 ignored; 0 measured; 0 filtered out; finished in 0.00s
2026-10-08T20:03:24.6002825Z 
2026-10-08T20:03:24.6039592Z [1m[92m   Doc-tests[0m uma_sim_core
2026-10-08T20:03:24.9357295Z 
2026-10-08T20:03:24.9358102Z running 0 tests
2026-10-08T20:03:24.9358308Z 
2026-10-08T20:03:24.9358595Z test result: ok. 0 passed; 0 failed; 0 ignored; 0 measured; 0 filtered out; finished in 0.00s
2026-10-08T20:03:24.9358980Z 
2026-10-08T20:03:24.9466669Z ##[group]Run cargo build --locked --release --features embed-ui -p uma-sim-core
2026-10-08T20:03:24.9467729Z [36;1mcargo build --locked --release --features embed-ui -p uma-sim-core[0m
2026-10-08T20:03:24.9534720Z shell: /usr/bin/bash -e {0}
2026-10-08T20:03:24.9535021Z env:
2026-10-08T20:03:24.9535237Z   CARGO_HOME: /home/runner/.cargo
2026-10-08T20:03:24.9535519Z   CARGO_INCREMENTAL: 0
2026-10-08T20:03:24.9535773Z   CARGO_TERM_COLOR: always
2026-10-08T20:03:24.9536026Z   CACHE_ON_FAILURE: false
2026-10-08T20:03:24.9536264Z ##[endgroup]
2026-10-08T20:03:25.0423149Z [1m[92m   Compiling[0m uma-sim-core v0.1.0 (/home/runner/work/uma-sim/uma-sim/uma-sim-core)
2026-10-08T20:03:25.0424685Z [1m[92m   Compiling[0m uma-race-core v0.1.0 (/home/runner/work/uma-sim/uma-sim/uma-race-core)
2026-10-08T20:03:41.4775982Z [1m[92m    Finished[0m `release` profile [optimized] target(s) in 16.50s
2026-10-08T20:03:41.4899174Z ##[group]Run actions/setup-node@820762786026740c76f36085b0efc47a31fe5020
2026-10-08T20:03:41.4899583Z with:
2026-10-08T20:03:41.4899804Z   node-version: 20
2026-10-08T20:03:41.4900031Z   check-latest: false
2026-10-08T20:03:41.4902595Z   token: ***
2026-10-08T20:03:41.4902827Z   package-manager-cache: true
2026-10-08T20:03:41.4903398Z env:
2026-10-08T20:03:41.4903818Z   CARGO_HOME: /home/runner/.cargo
2026-10-08T20:03:41.4904097Z   CARGO_INCREMENTAL: 0
2026-10-08T20:03:41.4904339Z   CARGO_TERM_COLOR: always
2026-10-08T20:03:41.4904587Z   CACHE_ON_FAILURE: false
2026-10-08T20:03:41.4904818Z ##[endgroup]
2026-10-08T20:03:41.6186731Z Attempting to download 20...
2026-10-08T20:03:42.1722138Z Acquiring 20.20.2 - x64 from https://github.com/actions/node-versions/releases/download/20.20.2-23521894959/node-20.20.2-linux-x64.tar.gz
2026-10-08T20:03:42.4932520Z Extracting ...
2026-10-08T20:03:42.5063298Z [command]/usr/bin/tar xz --strip 1 --warning=no-unknown-keyword --overwrite -C /home/runner/work/_temp/3cb76bd2-ad7b-44f4-8384-f017ea251498 -f /home/runner/work/_temp/8dfd9f2f-dd35-48ba-ad36-45ab8f191431
2026-10-08T20:03:43.5030774Z Adding to the cache ...
2026-10-08T20:03:45.3133738Z ##[group]Environment details
2026-10-08T20:03:45.5318793Z node: v20.20.2
2026-10-08T20:03:45.5319222Z npm: 10.8.2
2026-10-08T20:03:45.5319554Z yarn: 1.22.22
2026-10-08T20:03:45.5320223Z ##[endgroup]
2026-10-08T20:03:45.5479128Z ##[group]Run npm --prefix packages/uma-sim-cli run test:tui:native
2026-10-08T20:03:45.5479668Z [36;1mnpm --prefix packages/uma-sim-cli run test:tui:native[0m
2026-10-08T20:03:45.5544205Z shell: /usr/bin/bash -e {0}
2026-10-08T20:03:45.5544486Z env:
2026-10-08T20:03:45.5544704Z   CARGO_HOME: /home/runner/.cargo
2026-10-08T20:03:45.5544992Z   CARGO_INCREMENTAL: 0
2026-10-08T20:03:45.5545236Z   CARGO_TERM_COLOR: always
2026-10-08T20:03:45.5545485Z   CACHE_ON_FAILURE: false
2026-10-08T20:03:45.5545890Z   UMA_SIM_NATIVE_API: /home/runner/work/uma-sim/uma-sim/target/release/uma-sim-api
2026-10-08T20:03:45.5546431Z   UMA_TUI_RECEIPTS: /home/runner/work/_temp/uma-terminal-checkpoints
2026-10-08T20:03:45.5546803Z ##[endgroup]
2026-10-08T20:03:45.6623898Z 
2026-10-08T20:03:45.6630195Z > uma-sim-cli@0.1.0 test:tui:native
2026-10-08T20:03:45.6630768Z > node --test tests/tui-checkpoints.native.mjs
2026-10-08T20:03:45.6631070Z 
2026-10-08T20:03:45.7005513Z TAP version 13
2026-10-08T20:03:47.6645180Z # Subtest: native checkpoint survives an actual process restart and resumes the exact next RNG step
2026-10-08T20:03:47.6656234Z ok 1 - native checkpoint survives an actual process restart and resumes the exact next RNG step
2026-10-08T20:03:47.6657252Z   ---
2026-10-08T20:03:47.6657682Z   duration_ms: 1922.195989
2026-10-08T20:03:47.6658186Z   ...
2026-10-08T20:03:48.3470998Z # Subtest: native create-only save preserves an earlier checkpoint and reports actual storage refusal
2026-10-08T20:03:48.3475669Z ok 2 - native create-only save preserves an earlier checkpoint and reports actual storage refusal
2026-10-08T20:03:48.3476682Z   ---
2026-10-08T20:03:48.3477079Z   duration_ms: 682.993196
2026-10-08T20:03:48.3477552Z   ...
2026-10-08T20:03:49.3172609Z # Subtest: native missing and incompatible checkpoints refuse without replacement; compatibility advisories remain visible
2026-10-08T20:03:49.3175222Z ok 3 - native missing and incompatible checkpoints refuse without replacement; compatibility advisories remain visible
2026-10-08T20:03:49.3176532Z   ---
2026-10-08T20:03:49.3177183Z   duration_ms: 969.630971
2026-10-08T20:03:49.3177590Z   ...
2026-10-08T20:03:50.0371181Z # Subtest: native committed save with disconnect reports uncertainty and is not replayed
2026-10-08T20:03:50.0372799Z ok 4 - native committed save with disconnect reports uncertainty and is not replayed
2026-10-08T20:03:50.0374171Z   ---
2026-10-08T20:03:50.0374570Z   duration_ms: 720.49045
2026-10-08T20:03:50.0374893Z   ...
2026-10-08T20:03:50.7554249Z # Subtest: native committed save with invalid JSON reports uncertainty and is not replayed
2026-10-08T20:03:50.7555747Z ok 5 - native committed save with invalid JSON reports uncertainty and is not replayed
2026-10-08T20:03:50.7556533Z   ---
2026-10-08T20:03:50.7556891Z   duration_ms: 718.188796
2026-10-08T20:03:50.7557147Z   ...
2026-10-08T20:03:51.3967974Z # Subtest: native committed fork with disconnect reports uncertainty and is not replayed
2026-10-08T20:03:51.3969837Z ok 6 - native committed fork with disconnect reports uncertainty and is not replayed
2026-10-08T20:03:51.3971112Z   ---
2026-10-08T20:03:51.3971704Z   duration_ms: 641.304802
2026-10-08T20:03:51.3972402Z   ...
2026-10-08T20:03:52.0508922Z # Subtest: native committed fork with invalid JSON reports uncertainty and is not replayed
2026-10-08T20:03:52.0510395Z ok 7 - native committed fork with invalid JSON reports uncertainty and is not replayed
2026-10-08T20:03:52.0511015Z   ---
2026-10-08T20:03:52.0511290Z   duration_ms: 653.95144
2026-10-08T20:03:52.0511581Z   ...
2026-10-08T20:03:52.7091117Z # Subtest: native EOF after committed save preserves resumable state without replay
2026-10-08T20:03:52.7092593Z ok 8 - native EOF after committed save preserves resumable state without replay
2026-10-08T20:03:52.7093754Z   ---
2026-10-08T20:03:52.7094257Z   duration_ms: 658.180099
2026-10-08T20:03:52.7094810Z   ...
2026-10-08T20:03:53.3740535Z # Subtest: native SIGINT after committed save preserves resumable state without replay
2026-10-08T20:03:53.3742303Z ok 9 - native SIGINT after committed save preserves resumable state without replay
2026-10-08T20:03:53.3743312Z   ---
2026-10-08T20:03:53.3743759Z   duration_ms: 664.865521
2026-10-08T20:03:53.3744288Z   ...
2026-10-08T20:03:54.0157511Z # Subtest: native EOF after committed fork preserves resumable state without replay
2026-10-08T20:03:54.0159175Z ok 10 - native EOF after committed fork preserves resumable state without replay
2026-10-08T20:03:54.0160046Z   ---
2026-10-08T20:03:54.0160308Z   duration_ms: 641.6609
2026-10-08T20:03:54.0160630Z   ...
2026-10-08T20:03:54.6509200Z # Subtest: native SIGINT after committed fork preserves resumable state without replay
2026-10-08T20:03:54.6511436Z ok 11 - native SIGINT after committed fork preserves resumable state without replay
2026-10-08T20:03:54.6512240Z   ---
2026-10-08T20:03:54.6512488Z   duration_ms: 634.921714
2026-10-08T20:03:54.6512737Z   ...
2026-10-08T20:03:54.6744130Z 1..11
2026-10-08T20:03:54.6744711Z # tests 11
2026-10-08T20:03:54.6745381Z # suites 0
2026-10-08T20:03:54.6747464Z # pass 11
2026-10-08T20:03:54.6748178Z # fail 0
2026-10-08T20:03:54.6748731Z # cancelled 0
2026-10-08T20:03:54.6753820Z # skipped 0
2026-10-08T20:03:54.6763594Z # todo 0
2026-10-08T20:03:54.6764240Z # duration_ms 8982.932276
2026-10-08T20:03:54.6891392Z ##[group]Run actions/upload-artifact@043fb46d1a93c77aae656e7c1c64a875d1fc6a0a
2026-10-08T20:03:54.6891827Z with:
2026-10-08T20:03:54.6892071Z   name: uma-terminal-checkpoint-receiving
2026-10-08T20:03:54.6892440Z   path: /home/runner/work/_temp/uma-terminal-checkpoints
2026-10-08T20:03:54.6892787Z   if-no-files-found: warn
2026-10-08T20:03:54.6893335Z   compression-level: 6
2026-10-08T20:03:54.6893579Z   overwrite: false
2026-10-08T20:03:54.6893814Z   include-hidden-files: false
2026-10-08T20:03:54.6894076Z   archive: true
2026-10-08T20:03:54.6894283Z env:
2026-10-08T20:03:54.6894495Z   CARGO_HOME: /home/runner/.cargo
2026-10-08T20:03:54.6894767Z   CARGO_INCREMENTAL: 0
2026-10-08T20:03:54.6894999Z   CARGO_TERM_COLOR: always
2026-10-08T20:03:54.6895265Z   CACHE_ON_FAILURE: false
2026-10-08T20:03:54.6895500Z ##[endgroup]
2026-10-08T20:03:54.8354140Z With the provided path, there will be 12 files uploaded
2026-10-08T20:03:54.8360161Z Artifact name is valid!
2026-10-08T20:03:54.8361088Z Root directory input is valid!
2026-10-08T20:03:55.0407986Z Uploading artifact: uma-terminal-checkpoint-receiving.zip
2026-10-08T20:03:55.0452014Z Beginning upload of artifact content to blob storage
2026-10-08T20:03:55.1294421Z Uploaded bytes 21781
2026-10-08T20:03:55.1425546Z Finished uploading artifact content to blob storage!
2026-10-08T20:03:55.1426925Z SHA256 digest of uploaded artifact is 64e57b73c4ff2a1350b3693976410f5ee6567bce12a9f3e94d683cf7af710a04
2026-10-08T20:03:55.1427992Z Finalizing artifact upload
2026-10-08T20:03:55.3962529Z Artifact uma-terminal-checkpoint-receiving successfully finalized. Artifact ID 11575004547
2026-10-08T20:03:55.3964241Z Artifact uma-terminal-checkpoint-receiving has been successfully uploaded! Final size is 21781 bytes. Artifact ID is 11575004547
2026-10-08T20:03:55.3965516Z Artifact download URL: https://github.com/Jacob-Met/uma-sim/actions/runs/37836168022/artifacts/11575004547
2026-10-08T20:03:55.4118390Z ##[group]Run node --test packages/uma-sim-mcp/tests/*native.test.mjs
2026-10-08T20:03:55.4119329Z [36;1mnode --test packages/uma-sim-mcp/tests/*native.test.mjs[0m
2026-10-08T20:03:55.4211374Z shell: /usr/bin/bash -e {0}
2026-10-08T20:03:55.4211863Z env:
2026-10-08T20:03:55.4212259Z   CARGO_HOME: /home/runner/.cargo
2026-10-08T20:03:55.4212797Z   CARGO_INCREMENTAL: 0
2026-10-08T20:03:55.4213503Z   CARGO_TERM_COLOR: always
2026-10-08T20:03:55.4213774Z   CACHE_ON_FAILURE: false
2026-10-08T20:03:55.4214189Z   UMA_SIM_TEST_API_BIN: /home/runner/work/uma-sim/uma-sim/target/release/uma-sim-api
2026-10-08T20:03:55.4214746Z   UMA_SIM_TEST_OUTPUT_DIR: /home/runner/work/_temp/uma-sim-mcp-native
2026-10-08T20:03:55.4215243Z   UMA_SIM_TEST_RECEIVING_COMMIT: b80d86653286887ee81c317145c36a2c281f48aa
2026-10-08T20:03:55.4215639Z ##[endgroup]
2026-10-08T20:03:55.4703861Z TAP version 13
2026-10-08T20:03:56.1491291Z # Subtest: native receiving contract: independent forks, immutable checkpoints, typed errors, isolated branches and reports
2026-10-08T20:03:56.1513457Z     # Subtest: save/export/import preserve the native snapshot, and conflicting writes preserve previous bytes
2026-10-08T20:03:56.1515497Z     ok 1 - save/export/import preserve the native snapshot, and conflicting writes preserve previous bytes
2026-10-08T20:03:56.1516833Z       ---
2026-10-08T20:03:56.1517548Z       duration_ms: 147.392467
2026-10-08T20:03:56.1518089Z       ...
2026-10-08T20:03:56.3463956Z     # Subtest: forking and named actions do not mutate the source, sibling or saved checkpoint
2026-10-08T20:03:56.3464749Z     ok 2 - forking and named actions do not mutate the source, sibling or saved checkpoint
2026-10-08T20:03:56.3465217Z       ---
2026-10-08T20:03:56.3465454Z       duration_ms: 196.990546
2026-10-08T20:03:56.3465720Z       ...
2026-10-08T20:03:56.4777202Z     # Subtest: incompatible checkpoint metadata returns real 422 and preserves the target session
2026-10-08T20:03:56.4781533Z     ok 3 - incompatible checkpoint metadata returns real 422 and preserves the target session
2026-10-08T20:03:56.4783131Z       ---
2026-10-08T20:03:56.4783850Z       duration_ms: 131.756832
2026-10-08T20:03:56.4784597Z       ...
2026-10-08T20:03:56.8068632Z     # Subtest: known empty-session ambiguity is stopped while explicit activation/fork retain correct default semantics
2026-10-08T20:03:56.8094438Z     ok 4 - known empty-session ambiguity is stopped while explicit activation/fork retain correct default semantics
2026-10-08T20:03:56.8095456Z       ---
2026-10-08T20:03:56.8095848Z       duration_ms: 323.72004
2026-10-08T20:03:56.8096299Z       ...
2026-10-08T20:03:56.8994654Z     # Subtest: external-policy 503 survives MCP and leaves turn, RNG, speed and active session unchanged
2026-10-08T20:03:56.9014200Z     ok 5 - external-policy 503 survives MCP and leaves turn, RNG, speed and active session unchanged
2026-10-08T20:03:56.9015372Z       ---
2026-10-08T20:03:56.9015899Z       duration_ms: 91.847009
2026-10-08T20:03:56.9016458Z       ...
2026-10-08T20:03:57.2037983Z     # Subtest: branches compare actual decisions while preserving live sessions and checkpoint bytes
2026-10-08T20:03:57.2040131Z     ok 6 - branches compare actual decisions while preserving live sessions and checkpoint bytes
2026-10-08T20:03:57.2041620Z       ---
2026-10-08T20:03:57.2042349Z       duration_ms: 307.65382
2026-10-08T20:03:57.2043312Z       ...
2026-10-08T20:03:57.3394624Z     # Subtest: invalid branch/import operations and deletions preserve unrelated native state
2026-10-08T20:03:57.3396229Z     ok 7 - invalid branch/import operations and deletions preserve unrelated native state
2026-10-08T20:03:57.3397181Z       ---
2026-10-08T20:03:57.3397662Z       duration_ms: 135.840375
2026-10-08T20:03:57.3398199Z       ...
2026-10-08T20:03:57.3585160Z     1..7
2026-10-08T20:03:57.3587134Z ok 1 - native receiving contract: independent forks, immutable checkpoints, typed errors, isolated branches and reports
2026-10-08T20:03:57.3588236Z   ---
2026-10-08T20:03:57.3588945Z   duration_ms: 1851.341555
2026-10-08T20:03:57.3589398Z   ...
2026-10-08T20:03:57.3680074Z # Subtest: native receiving: fork contention has one winner and closing it without main preserves surviving careers
2026-10-08T20:03:57.3681964Z ok 2 - native receiving: fork contention has one winner and closing it without main preserves surviving careers
2026-10-08T20:03:57.3683262Z   ---
2026-10-08T20:03:57.3683704Z   duration_ms: 553.773175
2026-10-08T20:03:57.3684191Z   ...
2026-10-08T20:03:57.3686701Z # {"case":"concurrent-fork-and-no-main","winner":"receiving-fork-a","surviving":["receiving-a","receiving-b"],"a":"01ee696cb2ee9f7d1ff68c3e75513b98c19cfc7401e5fafff930e0fb4e08bc9c","b":"943e6230d0f2adfba7ff01ba22fb8209ef5fc5f68b787dc4c16cc2a10bf6ddff"}
2026-10-08T20:03:57.3689680Z # Subtest: native receiving: external-policy refusal fully restores a non-active target and permits later continuation
2026-10-08T20:03:57.3691649Z ok 3 - native receiving: external-policy refusal fully restores a non-active target and permits later continuation
2026-10-08T20:03:57.3692743Z   ---
2026-10-08T20:03:57.3694078Z   duration_ms: 456.419508
2026-10-08T20:03:57.3694554Z   ...
2026-10-08T20:03:57.3697160Z # {"case":"non-active-503-rollback-and-continuation","unchangedTarget":"9f7f746288646a02a0037571b1e35240e1e13ee52ee94d46d2eb269728f34f4f","unchangedActive":"1b0bed589ed9cbe65364dfcb8603c0380f3d23204516c80e2546956de0e57a1d","targetSpeed":3,"activeSpeed":7}
2026-10-08T20:03:57.3700148Z # Subtest: native receiving: global content reaches both existing careers and differs from an unloaded API control
2026-10-08T20:03:57.3702032Z ok 4 - native receiving: global content reaches both existing careers and differs from an unloaded API control
2026-10-08T20:03:57.3704130Z   ---
2026-10-08T20:03:57.3704552Z   duration_ms: 591.876802
2026-10-08T20:03:57.3705043Z   ...
2026-10-08T20:03:57.3708140Z # {"case":"global-content-native-control","loaded":500,"step":2,"turn":3,"a":"9ec68c2c8c7c40bb8f6550067483e97eb86c78aeb3e03470daaadb041e4a6425","b":"9ec68c2c8c7c40bb8f6550067483e97eb86c78aeb3e03470daaadb041e4a6425","unloaded":"1bb20a6c6ce8cfb605fa5755ac7cccc9fa0a24f0aded5b9af620c313f767c790","active":"pack-b"}
2026-10-08T20:03:57.3710638Z 1..4
2026-10-08T20:03:57.3710971Z # tests 11
2026-10-08T20:03:57.3711355Z # suites 0
2026-10-08T20:03:57.3711722Z # pass 11
2026-10-08T20:03:57.3712083Z # fail 0
2026-10-08T20:03:57.3712450Z # cancelled 0
2026-10-08T20:03:57.3712840Z # skipped 0
2026-10-08T20:03:57.3713444Z # todo 0
2026-10-08T20:03:57.3713872Z # duration_ms 1910.387336
2026-10-08T20:03:57.3821102Z ##[group]Run actions/upload-artifact@043fb46d1a93c77aae656e7c1c64a875d1fc6a0a
2026-10-08T20:03:57.3821892Z with:
2026-10-08T20:03:57.3822266Z   name: uma-sim-mcp-native
2026-10-08T20:03:57.3822793Z   path: /home/runner/work/_temp/uma-sim-mcp-native
2026-10-08T20:03:57.3823689Z   if-no-files-found: warn
2026-10-08T20:03:57.3824144Z   compression-level: 6
2026-10-08T20:03:57.3824566Z   overwrite: false
2026-10-08T20:03:57.3824983Z   include-hidden-files: false
2026-10-08T20:03:57.3825481Z   archive: true
2026-10-08T20:03:57.3825843Z env:
2026-10-08T20:03:57.3826212Z   CARGO_HOME: /home/runner/.cargo
2026-10-08T20:03:57.3826708Z   CARGO_INCREMENTAL: 0
2026-10-08T20:03:57.3827165Z   CARGO_TERM_COLOR: always
2026-10-08T20:03:57.3827632Z   CACHE_ON_FAILURE: false
2026-10-08T20:03:57.3828083Z ##[endgroup]
2026-10-08T20:03:57.5314825Z With the provided path, there will be 16 files uploaded
2026-10-08T20:03:57.5320229Z Artifact name is valid!
2026-10-08T20:03:57.5320824Z Root directory input is valid!
2026-10-08T20:03:57.7191641Z Uploading artifact: uma-sim-mcp-native.zip
2026-10-08T20:03:57.7236024Z Beginning upload of artifact content to blob storage
2026-10-08T20:03:57.8040625Z Uploaded bytes 8779
2026-10-08T20:03:57.8236873Z Finished uploading artifact content to blob storage!
2026-10-08T20:03:57.8238444Z SHA256 digest of uploaded artifact is 7b07184bd61d077a4ad9597e40b7b45fabb664a39d6363aabae5afebdf109ae0
2026-10-08T20:03:57.8239844Z Finalizing artifact upload
2026-10-08T20:03:58.0747543Z Artifact uma-sim-mcp-native successfully finalized. Artifact ID 11574849833
2026-10-08T20:03:58.0748812Z Artifact uma-sim-mcp-native has been successfully uploaded! Final size is 8779 bytes. Artifact ID is 11574849833
2026-10-08T20:03:58.0752049Z Artifact download URL: https://github.com/Jacob-Met/uma-sim/actions/runs/37836168022/artifacts/11574849833
2026-10-08T20:03:58.0868078Z ##[group]Run STAGE=dist/uma-sim-linux-x64
2026-10-08T20:03:58.0868473Z [36;1mSTAGE=dist/uma-sim-linux-x64[0m
2026-10-08T20:03:58.0868841Z [36;1mmkdir -p "$STAGE/knowledge/canonical/by_kind"[0m
2026-10-08T20:03:58.0869405Z [36;1mcp target/release/uma-sim "$STAGE/"[0m
2026-10-08T20:03:58.0869769Z [36;1mcp -r research content_packs "$STAGE/"[0m
2026-10-08T20:03:58.0870239Z [36;1mcp knowledge/canonical/by_kind/*.json "$STAGE/knowledge/canonical/by_kind/"[0m
2026-10-08T20:03:58.0870783Z [36;1mscripts/smoke_release_layout.sh "$STAGE" uma-sim[0m
2026-10-08T20:03:58.0933154Z shell: /usr/bin/bash -e {0}
2026-10-08T20:03:58.0933468Z env:
2026-10-08T20:03:58.0933700Z   CARGO_HOME: /home/runner/.cargo
2026-10-08T20:03:58.0933993Z   CARGO_INCREMENTAL: 0
2026-10-08T20:03:58.0934251Z   CARGO_TERM_COLOR: always
2026-10-08T20:03:58.0934522Z   CACHE_ON_FAILURE: false
2026-10-08T20:03:58.0934773Z ##[endgroup]
2026-10-08T20:03:58.1229005Z == uma-sim fast --seed=42 --race-model=stub (cwd: /tmp/tmp.NWb1jRhmj5)
2026-10-08T20:03:58.2130931Z Ended: career=true turn=72 fans=4064 elapsed=25ms speed=x20 policy=default
2026-10-08T20:03:58.2132654Z Terminal: U=9.000 grade=F+ score=1100 sp_spent=221 φ=4.50 ψ=4.50
2026-10-08T20:03:58.2148184Z == uma-sim fast --seed=42 --race-model=physics (cwd: /tmp/tmp.NWb1jRhmj5)
2026-10-08T20:03:58.3171346Z Ended: career=true turn=72 fans=1217 elapsed=38ms speed=x20 policy=default
2026-10-08T20:03:58.3172430Z Terminal: U=9.000 grade=F score=770 sp_spent=121 φ=4.50 ψ=4.50
2026-10-08T20:03:58.3188012Z release layout OK
2026-10-08T20:03:58.3306758Z ##[group]Run actions/setup-python@5fda3b95a4ea91299a34e894583c3862153e4b97
2026-10-08T20:03:58.3307197Z with:
2026-10-08T20:03:58.3307423Z   python-version: 3.12
2026-10-08T20:03:58.3307684Z   check-latest: false
2026-10-08T20:03:58.3310249Z   token: ***
2026-10-08T20:03:58.3310481Z   update-environment: true
2026-10-08T20:03:58.3310757Z   allow-prereleases: false
2026-10-08T20:03:58.3311015Z   freethreaded: false
2026-10-08T20:03:58.3311244Z env:
2026-10-08T20:03:58.3311464Z   CARGO_HOME: /home/runner/.cargo
2026-10-08T20:03:58.3311740Z   CARGO_INCREMENTAL: 0
2026-10-08T20:03:58.3311987Z   CARGO_TERM_COLOR: always
2026-10-08T20:03:58.3312243Z   CACHE_ON_FAILURE: false
2026-10-08T20:03:58.3312483Z ##[endgroup]
2026-10-08T20:03:58.4492527Z ##[group]Installed versions
2026-10-08T20:03:58.4574413Z Successfully set up CPython (3.12.15)
2026-10-08T20:03:58.4575284Z ##[endgroup]
2026-10-08T20:03:58.4712452Z ##[group]Run python scripts/calibrate_grand_live.py --strict
2026-10-08T20:03:58.4713237Z [36;1mpython scripts/calibrate_grand_live.py --strict[0m
2026-10-08T20:03:58.4784887Z shell: /usr/bin/bash -e {0}
2026-10-08T20:03:58.4785173Z env:
2026-10-08T20:03:58.4785409Z   CARGO_HOME: /home/runner/.cargo
2026-10-08T20:03:58.4785705Z   CARGO_INCREMENTAL: 0
2026-10-08T20:03:58.4785960Z   CARGO_TERM_COLOR: always
2026-10-08T20:03:58.4786222Z   CACHE_ON_FAILURE: false
2026-10-08T20:03:58.4786558Z   pythonLocation: /opt/hostedtoolcache/Python/3.12.15/x64
2026-10-08T20:03:58.4787080Z   PKG_CONFIG_PATH: /opt/hostedtoolcache/Python/3.12.15/x64/lib/pkgconfig
2026-10-08T20:03:58.4787565Z   Python_ROOT_DIR: /opt/hostedtoolcache/Python/3.12.15/x64
2026-10-08T20:03:58.4787992Z   Python2_ROOT_DIR: /opt/hostedtoolcache/Python/3.12.15/x64
2026-10-08T20:03:58.4788436Z   Python3_ROOT_DIR: /opt/hostedtoolcache/Python/3.12.15/x64
2026-10-08T20:03:58.4788903Z   LD_LIBRARY_PATH: /opt/hostedtoolcache/Python/3.12.15/x64/lib
2026-10-08T20:03:58.4789458Z ##[endgroup]
2026-10-08T20:03:58.5875059Z {
2026-10-08T20:03:58.5875424Z   "rows_checked": 9,
2026-10-08T20:03:58.5875772Z   "exact_matches": 9,
2026-10-08T20:03:58.5876098Z   "mismatches": 0,
2026-10-08T20:03:58.5876415Z   "label_mismatches": [],
2026-10-08T20:03:58.5876750Z   "within_2_pts": 9,
2026-10-08T20:03:58.5877075Z   "pct_within_2": 1.0,
2026-10-08T20:03:58.5877405Z   "median_abs_error": 0.0,
2026-10-08T20:03:58.5877739Z   "gate_pass": true,
2026-10-08T20:03:58.5878050Z   "exact_pass": true,
2026-10-08T20:03:58.5878355Z   "pass": true,
2026-10-08T20:03:58.5878647Z   "details": []
2026-10-08T20:03:58.5878925Z }
2026-10-08T20:03:58.6013439Z Post job cleanup.
2026-10-08T20:03:58.7292495Z Post job cleanup.
2026-10-08T20:03:58.8659576Z Post job cleanup.
2026-10-08T20:03:58.9948957Z Cache up-to-date.
2026-10-08T20:03:59.0119499Z Post job cleanup.
2026-10-08T20:03:59.1083963Z [command]/usr/bin/git version
2026-10-08T20:03:59.1116686Z git version 2.55.0
2026-10-08T20:03:59.1164564Z Temporarily overriding HOME='/home/runner/work/_temp/8b340f85-330b-4408-8c7b-f984021a5452' before making global git config changes
2026-10-08T20:03:59.1166184Z Adding repository directory to the temporary git global config as a safe directory
2026-10-08T20:03:59.1167505Z [command]/usr/bin/git config --global --add safe.directory /home/runner/work/uma-sim/uma-sim
2026-10-08T20:03:59.1203872Z Removing SSH command configuration
2026-10-08T20:03:59.1211736Z [command]/usr/bin/git config --local --name-only --get-regexp core\.sshCommand
2026-10-08T20:03:59.1256135Z [command]/usr/bin/git submodule foreach --recursive sh -c "git config --local --name-only --get-regexp 'core\.sshCommand' && git config --local --unset-all 'core.sshCommand' || :"
2026-10-08T20:03:59.1621701Z Removing HTTP extra header
2026-10-08T20:03:59.1636198Z [command]/usr/bin/git config --local --name-only --get-regexp http\.https\:\/\/github\.com\/\.extraheader
2026-10-08T20:03:59.1687412Z [command]/usr/bin/git submodule foreach --recursive sh -c "git config --local --name-only --get-regexp 'http\.https\:\/\/github\.com\/\.extraheader' && git config --local --unset-all 'http.https://github.com/.extraheader' || :"
2026-10-08T20:03:59.2040229Z Removing includeIf entries pointing to credentials config files
2026-10-08T20:03:59.2049215Z [command]/usr/bin/git config --local --name-only --get-regexp ^includeIf\.gitdir:
2026-10-08T20:03:59.2103228Z includeif.gitdir:/home/runner/work/uma-sim/uma-sim/.git.path
2026-10-08T20:03:59.2116396Z includeif.gitdir:/home/runner/work/uma-sim/uma-sim/.git/worktrees/*.path
2026-10-08T20:03:59.2123940Z includeif.gitdir:/github/workspace/.git.path
2026-10-08T20:03:59.2125049Z includeif.gitdir:/github/workspace/.git/worktrees/*.path
2026-10-08T20:03:59.2166722Z [command]/usr/bin/git config --local --get-all includeif.gitdir:/home/runner/work/uma-sim/uma-sim/.git.path
2026-10-08T20:03:59.2168553Z /home/runner/work/_temp/git-credentials-ac74f761-981c-4ac5-b389-50ee2c1c1b56.config
2026-10-08T20:03:59.2175688Z [command]/usr/bin/git config --local --unset includeif.gitdir:/home/runner/work/uma-sim/uma-sim/.git.path \/home\/runner\/work\/_temp\/git\-credentials\-ac74f761\-981c\-4ac5\-b389\-50ee2c1c1b56\.config
2026-10-08T20:03:59.2215498Z [command]/usr/bin/git config --local --get-all includeif.gitdir:/home/runner/work/uma-sim/uma-sim/.git/worktrees/*.path
2026-10-08T20:03:59.2243805Z /home/runner/work/_temp/git-credentials-ac74f761-981c-4ac5-b389-50ee2c1c1b56.config
2026-10-08T20:03:59.2252522Z [command]/usr/bin/git config --local --unset includeif.gitdir:/home/runner/work/uma-sim/uma-sim/.git/worktrees/*.path \/home\/runner\/work\/_temp\/git\-credentials\-ac74f761\-981c\-4ac5\-b389\-50ee2c1c1b56\.config
2026-10-08T20:03:59.2292432Z [command]/usr/bin/git config --local --get-all includeif.gitdir:/github/workspace/.git.path
2026-10-08T20:03:59.2320709Z /github/runner_temp/git-credentials-ac74f761-981c-4ac5-b389-50ee2c1c1b56.config
2026-10-08T20:03:59.2330063Z [command]/usr/bin/git config --local --unset includeif.gitdir:/github/workspace/.git.path \/github\/runner_temp\/git\-credentials\-ac74f761\-981c\-4ac5\-b389\-50ee2c1c1b56\.config
2026-10-08T20:03:59.2367571Z [command]/usr/bin/git config --local --get-all includeif.gitdir:/github/workspace/.git/worktrees/*.path
2026-10-08T20:03:59.2393448Z /github/runner_temp/git-credentials-ac74f761-981c-4ac5-b389-50ee2c1c1b56.config
2026-10-08T20:03:59.2403172Z [command]/usr/bin/git config --local --unset includeif.gitdir:/github/workspace/.git/worktrees/*.path \/github\/runner_temp\/git\-credentials\-ac74f761\-981c\-4ac5\-b389\-50ee2c1c1b56\.config
2026-10-08T20:03:59.2441595Z [command]/usr/bin/git submodule foreach --recursive git config --local --show-origin --name-only --get-regexp remote.origin.url
2026-10-08T20:03:59.2672439Z Removing credentials config '/home/runner/work/_temp/git-credentials-ac74f761-981c-4ac5-b389-50ee2c1c1b56.config'
2026-10-08T20:03:59.2815112Z Cleaning up orphan processes
