2026-10-08T19:55:01.6195630Z Current runner version: '2.337.0'
2026-10-08T19:55:01.6215778Z ##[group]Runner Image Provisioner
2026-10-08T19:55:01.6216572Z Hosted Compute Agent
2026-10-08T19:55:01.6217050Z Version: 20261002.596
2026-10-08T19:55:01.6217576Z Commit: c3d12f3313a95f25162a1503be624f3b0617f8c0
2026-10-08T19:55:01.6218546Z Build Date: 2026-10-02T22:28:27Z
2026-10-08T19:55:01.6219110Z Worker ID: {69f670ee-1b66-438c-937f-1b7ba2719c99}
2026-10-08T19:55:01.6219811Z Region: northcentralus
2026-10-08T19:55:01.6220309Z Cloud: Azure
2026-10-08T19:55:01.6220776Z ##[endgroup]
2026-10-08T19:55:01.6221939Z ##[group]Operating System
2026-10-08T19:55:01.6222476Z Ubuntu
2026-10-08T19:55:01.6222990Z 24.04.5
2026-10-08T19:55:01.6223417Z LTS
2026-10-08T19:55:01.6223862Z ##[endgroup]
2026-10-08T19:55:01.6224460Z ##[group]Runner Image
2026-10-08T19:55:01.6225045Z Image: ubuntu-24.04
2026-10-08T19:55:01.6225493Z Version: 20261004.327.1
2026-10-08T19:55:01.6226607Z Included Software: https://github.com/actions/runner-images/blob/ubuntu24/20261004.327/images/ubuntu/Ubuntu2404-Readme.md
2026-10-08T19:55:01.6228087Z Image Release: https://github.com/actions/runner-images/releases/tag/ubuntu24%2F20261004.327
2026-10-08T19:55:01.6228899Z ##[endgroup]
2026-10-08T19:55:01.6229844Z ##[group]GITHUB_TOKEN Permissions
2026-10-08T19:55:01.6231695Z Contents: read
2026-10-08T19:55:01.6232191Z Metadata: read
2026-10-08T19:55:01.6232729Z ##[endgroup]
2026-10-08T19:55:01.6234718Z Secret source: Actions
2026-10-08T19:55:01.6235592Z Cache mode: write
2026-10-08T19:55:01.6236373Z Prepare workflow directory
2026-10-08T19:55:01.6499101Z Prepare all required actions
2026-10-08T19:55:01.6538649Z Getting action download info
2026-10-08T19:55:01.9050483Z Download action repository 'actions/checkout@3d3c42e5aac5ba805825da76410c181273ba90b1' (SHA:3d3c42e5aac5ba805825da76410c181273ba90b1)
2026-10-08T19:55:01.9946278Z Download action repository 'actions/download-artifact@3e5f45b2cfb9172054b4087a40e8e0b5a5461e7c' (SHA:3e5f45b2cfb9172054b4087a40e8e0b5a5461e7c)
2026-10-08T19:55:02.3657224Z Download action repository 'dtolnay/rust-toolchain@89b12181fb390509a0842a86cc55eeb8eb928c1d' (SHA:89b12181fb390509a0842a86cc55eeb8eb928c1d)
2026-10-08T19:55:02.5062070Z Download action repository 'Swatinem/rust-cache@6323deb102c322ba6fcbdcafc7e3dddab59af2b6' (SHA:6323deb102c322ba6fcbdcafc7e3dddab59af2b6)
2026-10-08T19:55:02.9235515Z Download action repository 'actions/setup-node@820762786026740c76f36085b0efc47a31fe5020' (SHA:820762786026740c76f36085b0efc47a31fe5020)
2026-10-08T19:55:03.0309957Z Download action repository 'actions/upload-artifact@043fb46d1a93c77aae656e7c1c64a875d1fc6a0a' (SHA:043fb46d1a93c77aae656e7c1c64a875d1fc6a0a)
2026-10-08T19:55:03.1361754Z Download action repository 'actions/setup-python@5fda3b95a4ea91299a34e894583c3862153e4b97' (SHA:5fda3b95a4ea91299a34e894583c3862153e4b97)
2026-10-08T19:55:03.3990603Z Complete job name: rust
2026-10-08T19:55:03.4819148Z ##[group]Run actions/checkout@3d3c42e5aac5ba805825da76410c181273ba90b1
2026-10-08T19:55:03.4820451Z with:
2026-10-08T19:55:03.4821116Z   repository: Jacob-Met/uma-sim
2026-10-08T19:55:03.4826911Z   token: ***
2026-10-08T19:55:03.4827544Z   ssh-strict: true
2026-10-08T19:55:03.4828310Z   ssh-user: git
2026-10-08T19:55:03.4828973Z   persist-credentials: true
2026-10-08T19:55:03.4829681Z   clean: true
2026-10-08T19:55:03.4830348Z   sparse-checkout-cone-mode: true
2026-10-08T19:55:03.4831170Z   fetch-depth: 1
2026-10-08T19:55:03.4831804Z   fetch-tags: false
2026-10-08T19:55:03.4832460Z   show-progress: true
2026-10-08T19:55:03.4833133Z   lfs: false
2026-10-08T19:55:03.4833739Z   submodules: false
2026-10-08T19:55:03.4834397Z   set-safe-directory: true
2026-10-08T19:55:03.4835140Z   allow-unsafe-pr-checkout: false
2026-10-08T19:55:03.4836130Z ##[endgroup]
2026-10-08T19:55:03.5631803Z Syncing repository: Jacob-Met/uma-sim
2026-10-08T19:55:03.5634668Z ##[group]Getting Git version info
2026-10-08T19:55:03.5636222Z Working directory is '/home/runner/work/uma-sim/uma-sim'
2026-10-08T19:55:03.5638597Z [command]/usr/bin/git version
2026-10-08T19:55:03.5660182Z git version 2.55.0
2026-10-08T19:55:03.5676113Z ##[endgroup]
2026-10-08T19:55:03.5685135Z Temporarily overriding HOME='/home/runner/work/_temp/062c42e5-7285-48bd-a6bb-cc92024251ad' before making global git config changes
2026-10-08T19:55:03.5688540Z Adding repository directory to the temporary git global config as a safe directory
2026-10-08T19:55:03.5691549Z [command]/usr/bin/git config --global --add safe.directory /home/runner/work/uma-sim/uma-sim
2026-10-08T19:55:03.5728989Z Deleting the contents of '/home/runner/work/uma-sim/uma-sim'
2026-10-08T19:55:03.5733791Z ##[group]Determining repository object format
2026-10-08T19:55:03.5736226Z ##[endgroup]
2026-10-08T19:55:03.5737679Z ##[group]Initializing the repository
2026-10-08T19:55:03.5740708Z [command]/usr/bin/git init /home/runner/work/uma-sim/uma-sim
2026-10-08T19:55:03.5819221Z hint: Using 'master' as the name for the initial branch. This default branch name
2026-10-08T19:55:03.5821721Z hint: will change to "main" in Git 3.0. To configure the initial branch name
2026-10-08T19:55:03.5823904Z hint: to use in all of your new repositories, which will suppress this warning,
2026-10-08T19:55:03.5825590Z hint: call:
2026-10-08T19:55:03.5826486Z hint:
2026-10-08T19:55:03.5827582Z hint: 	git config --global init.defaultBranch <name>
2026-10-08T19:55:03.5829318Z hint:
2026-10-08T19:55:03.5830607Z hint: Names commonly chosen instead of 'master' are 'main', 'trunk' and
2026-10-08T19:55:03.5832709Z hint: 'development'. The just-created branch can be renamed via this command:
2026-10-08T19:55:03.5834442Z hint:
2026-10-08T19:55:03.5835499Z hint: 	git branch -m <name>
2026-10-08T19:55:03.5836560Z hint:
2026-10-08T19:55:03.5838091Z hint: Disable this message with "git config set advice.defaultBranchName false"
2026-10-08T19:55:03.5840363Z Initialized empty Git repository in /home/runner/work/uma-sim/uma-sim/.git/
2026-10-08T19:55:03.5843925Z [command]/usr/bin/git remote add origin https://github.com/Jacob-Met/uma-sim
2026-10-08T19:55:03.5871431Z ##[endgroup]
2026-10-08T19:55:03.5873271Z ##[group]Disabling automatic garbage collection
2026-10-08T19:55:03.5874798Z [command]/usr/bin/git config --local gc.auto 0
2026-10-08T19:55:03.5900336Z ##[endgroup]
2026-10-08T19:55:03.5901996Z ##[group]Setting up auth
2026-10-08T19:55:03.5903194Z Removing SSH command configuration
2026-10-08T19:55:03.5904970Z [command]/usr/bin/git config --local --name-only --get-regexp core\.sshCommand
2026-10-08T19:55:03.5930224Z [command]/usr/bin/git submodule foreach --recursive sh -c "git config --local --name-only --get-regexp 'core\.sshCommand' && git config --local --unset-all 'core.sshCommand' || :"
2026-10-08T19:55:03.6235832Z Removing HTTP extra header
2026-10-08T19:55:03.6241146Z [command]/usr/bin/git config --local --name-only --get-regexp http\.https\:\/\/github\.com\/\.extraheader
2026-10-08T19:55:03.6278405Z [command]/usr/bin/git submodule foreach --recursive sh -c "git config --local --name-only --get-regexp 'http\.https\:\/\/github\.com\/\.extraheader' && git config --local --unset-all 'http.https://github.com/.extraheader' || :"
2026-10-08T19:55:03.6481106Z Removing includeIf entries pointing to credentials config files
2026-10-08T19:55:03.6486337Z [command]/usr/bin/git config --local --name-only --get-regexp ^includeIf\.gitdir:
2026-10-08T19:55:03.6529620Z [command]/usr/bin/git submodule foreach --recursive git config --local --show-origin --name-only --get-regexp remote.origin.url
2026-10-08T19:55:03.6738626Z [command]/usr/bin/git config --file /home/runner/work/_temp/git-credentials-073ab813-9628-461c-8b65-3e33e8a7f701.config http.https://github.com/.extraheader AUTHORIZATION: basic ***
2026-10-08T19:55:03.6775248Z [command]/usr/bin/git config --local includeIf.gitdir:/home/runner/work/uma-sim/uma-sim/.git.path /home/runner/work/_temp/git-credentials-073ab813-9628-461c-8b65-3e33e8a7f701.config
2026-10-08T19:55:03.6808580Z [command]/usr/bin/git config --local includeIf.gitdir:/home/runner/work/uma-sim/uma-sim/.git/worktrees/*.path /home/runner/work/_temp/git-credentials-073ab813-9628-461c-8b65-3e33e8a7f701.config
2026-10-08T19:55:03.6852743Z [command]/usr/bin/git config --local includeIf.gitdir:/github/workspace/.git.path /github/runner_temp/git-credentials-073ab813-9628-461c-8b65-3e33e8a7f701.config
2026-10-08T19:55:03.6877606Z [command]/usr/bin/git config --local includeIf.gitdir:/github/workspace/.git/worktrees/*.path /github/runner_temp/git-credentials-073ab813-9628-461c-8b65-3e33e8a7f701.config
2026-10-08T19:55:03.6905592Z ##[endgroup]
2026-10-08T19:55:03.6907296Z ##[group]Fetching the repository
2026-10-08T19:55:03.6912322Z [command]/usr/bin/git -c protocol.version=2 fetch --no-tags --prune --no-recurse-submodules --depth=1 origin +93293755e5739f2d59fc0f7d266a5209ea63bcc0:refs/remotes/pull/117/merge
2026-10-08T19:55:04.7315502Z From https://github.com/Jacob-Met/uma-sim
2026-10-08T19:55:04.7317063Z  * [new ref]         93293755e5739f2d59fc0f7d266a5209ea63bcc0 -> pull/117/merge
2026-10-08T19:55:04.7319202Z ##[endgroup]
2026-10-08T19:55:04.7319817Z ##[group]Determining the checkout info
2026-10-08T19:55:04.7320514Z ##[endgroup]
2026-10-08T19:55:04.7324892Z [command]/usr/bin/git sparse-checkout disable
2026-10-08T19:55:04.7368474Z [command]/usr/bin/git config --local --unset-all extensions.worktreeConfig
2026-10-08T19:55:04.7397341Z ##[group]Checking out the ref
2026-10-08T19:55:04.7401154Z [command]/usr/bin/git checkout --progress --force refs/remotes/pull/117/merge
2026-10-08T19:55:04.8681561Z Note: switching to 'refs/remotes/pull/117/merge'.
2026-10-08T19:55:04.8682024Z 
2026-10-08T19:55:04.8682328Z You are in 'detached HEAD' state. You can look around, make experimental
2026-10-08T19:55:04.8682854Z changes and commit them, and you can discard any commits you make in this
2026-10-08T19:55:04.8683380Z state without impacting any branches by switching back to a branch.
2026-10-08T19:55:04.8683666Z 
2026-10-08T19:55:04.8683920Z If you want to create a new branch to retain commits you create, you may
2026-10-08T19:55:04.8684354Z do so (now or later) by using -c with the switch command. Example:
2026-10-08T19:55:04.8684615Z 
2026-10-08T19:55:04.8684738Z   git switch -c <new-branch-name>
2026-10-08T19:55:04.8684925Z 
2026-10-08T19:55:04.8685060Z Or undo this operation with:
2026-10-08T19:55:04.8685219Z 
2026-10-08T19:55:04.8685328Z   git switch -
2026-10-08T19:55:04.8685479Z 
2026-10-08T19:55:04.8685693Z Turn off this advice by setting config variable advice.detachedHead to false
2026-10-08T19:55:04.8686001Z 
2026-10-08T19:55:04.8686318Z HEAD is now at 9329375 Merge 4d081cddcdc828288a08f84064502aa89c6dc6fe into 0ad4bd4d2ca0a133fe91080b6b7818efbaedb2fa
2026-10-08T19:55:04.8694890Z ##[endgroup]
2026-10-08T19:55:04.8737338Z [command]/usr/bin/git log -1 --format=%H
2026-10-08T19:55:04.8762151Z 93293755e5739f2d59fc0f7d266a5209ea63bcc0
2026-10-08T19:55:04.8975775Z ##[group]Run actions/download-artifact@3e5f45b2cfb9172054b4087a40e8e0b5a5461e7c
2026-10-08T19:55:04.8976222Z with:
2026-10-08T19:55:04.8976474Z   name: uma-sim-ui-dist
2026-10-08T19:55:04.8976776Z   path: packages/uma-sim-ui/dist
2026-10-08T19:55:04.8977108Z   merge-multiple: false
2026-10-08T19:55:04.8977396Z   repository: Jacob-Met/uma-sim
2026-10-08T19:55:04.8977684Z   run-id: 37835376683
2026-10-08T19:55:04.8978173Z   skip-decompress: false
2026-10-08T19:55:04.8978455Z   digest-mismatch: error
2026-10-08T19:55:04.8978732Z ##[endgroup]
2026-10-08T19:55:04.9985089Z Downloading single artifact
2026-10-08T19:55:05.1415695Z Preparing to download the following artifacts:
2026-10-08T19:55:05.1416548Z - uma-sim-ui-dist (ID: 11575466721, Size: 69906, Expected Digest: sha256:a747e98a5e850c2387743ae953e29ac5b2643dd1736474e76745959c8dbb4f54)
2026-10-08T19:55:05.4201368Z Redirecting to blob download url: https://productionresultssa12.blob.core.windows.net/actions-results/93340817-625a-8aae-ab78-72b288710361/workflow-job-run-f8adbd9b-70af-510d-a2bc-ad44bc4602e0/artifacts/41ddf279ab96a7c5364033a2bd4e1228c219b6777fd5a55ec9929d0be21c822c.zip
2026-10-08T19:55:05.4202444Z Starting download of artifact to: /home/runner/work/uma-sim/uma-sim/packages/uma-sim-ui/dist
2026-10-08T19:55:05.5079086Z (node:2107) [DEP0005] DeprecationWarning: Buffer() is deprecated due to security and usability issues. Please use the Buffer.alloc(), Buffer.allocUnsafe(), or Buffer.from() methods instead.
2026-10-08T19:55:05.5080064Z (Use `node --trace-deprecation ...` to show where the warning was created)
2026-10-08T19:55:05.5404879Z SHA256 digest of downloaded artifact is a747e98a5e850c2387743ae953e29ac5b2643dd1736474e76745959c8dbb4f54
2026-10-08T19:55:05.5405598Z Artifact download completed successfully.
2026-10-08T19:55:05.5406089Z Total of 1 artifact(s) downloaded
2026-10-08T19:55:05.5409248Z Download artifact has finished successfully
2026-10-08T19:55:05.5631849Z ##[group]Run dtolnay/rust-toolchain@89b12181fb390509a0842a86cc55eeb8eb928c1d
2026-10-08T19:55:05.5632165Z with:
2026-10-08T19:55:05.5632345Z   components: rustfmt, clippy
2026-10-08T19:55:05.5632552Z   toolchain: stable
2026-10-08T19:55:05.5632725Z ##[endgroup]
2026-10-08T19:55:05.5687146Z ##[start-action display=Parse toolchain version;id=__dtolnay_rust-toolchain.parse]
2026-10-08T19:55:05.5732831Z ##[group]Run if [[ -z $toolchain ]]; then
2026-10-08T19:55:05.5733147Z [36;1mif [[ -z $toolchain ]]; then[0m
2026-10-08T19:55:05.5733592Z [36;1m  # GitHub does not enforce `required: true` inputs itself. https://github.com/actions/runner/issues/1070[0m
2026-10-08T19:55:05.5734048Z [36;1m  echo "'toolchain' is a required input" >&2[0m
2026-10-08T19:55:05.5734286Z [36;1m  exit 1[0m
2026-10-08T19:55:05.5734558Z [36;1melif [[ $toolchain =~ ^stable' '[0-9]+' '(year|month|week|day)s?' 'ago$ ]]; then[0m
2026-10-08T19:55:05.5734915Z [36;1m  if [[ Linux == macOS ]]; then[0m
2026-10-08T19:55:05.5735383Z [36;1m    echo "toolchain=1.$((($(date -v-$(sed 's/stable \([0-9]*\) \(.\).*/\1\2/' <<< $toolchain) +%s)/60/60/24-16569)/7/6))" >> $GITHUB_OUTPUT[0m
2026-10-08T19:55:05.5735812Z [36;1m  else[0m
2026-10-08T19:55:05.5736148Z [36;1m    echo "toolchain=1.$((($(date --date "${toolchain#stable }" +%s)/60/60/24-16569)/7/6))" >> $GITHUB_OUTPUT[0m
2026-10-08T19:55:05.5736513Z [36;1m  fi[0m
2026-10-08T19:55:05.5736767Z [36;1melif [[ $toolchain =~ ^stable' 'minus' '[0-9]+' 'releases?$ ]]; then[0m
2026-10-08T19:55:05.5737175Z [36;1m  echo "toolchain=1.$((($(date +%s)/60/60/24-16569)/7/6-${toolchain//[^0-9]/}))" >> $GITHUB_OUTPUT[0m
2026-10-08T19:55:05.5737540Z [36;1melif [[ $toolchain =~ ^1\.[0-9]+$ ]]; then[0m
2026-10-08T19:55:05.5738089Z [36;1m  echo "toolchain=1.$((i=${toolchain#1.}, c=($(date +%s)/60/60/24-16569)/7/6, i+9*i*(10*i<=c)+90*i*(100*i<=c)))" >> $GITHUB_OUTPUT[0m
2026-10-08T19:55:05.5738466Z [36;1melse[0m
2026-10-08T19:55:05.5738675Z [36;1m  echo "toolchain=$toolchain" >> $GITHUB_OUTPUT[0m
2026-10-08T19:55:05.5738914Z [36;1mfi[0m
2026-10-08T19:55:05.5939766Z shell: /usr/bin/bash --noprofile --norc -e -o pipefail {0}
2026-10-08T19:55:05.5940055Z env:
2026-10-08T19:55:05.5940232Z   toolchain: stable
2026-10-08T19:55:05.5940412Z ##[endgroup]
2026-10-08T19:55:05.6058384Z ##[end-action id=__dtolnay_rust-toolchain.parse;outcome=success;conclusion=success;duration_ms=37]
2026-10-08T19:55:05.6068009Z ##[start-action display=Construct rustup command line;id=__dtolnay_rust-toolchain.flags]
2026-10-08T19:55:05.6092133Z ##[group]Run echo "targets=$(for t in ${targets//,/ }; do echo -n ' --target' $t; done)" >> $GITHUB_OUTPUT
2026-10-08T19:55:05.6092643Z [36;1mecho "targets=$(for t in ${targets//,/ }; do echo -n ' --target' $t; done)" >> $GITHUB_OUTPUT[0m
2026-10-08T19:55:05.6093121Z [36;1mecho "components=$(for c in ${components//,/ }; do echo -n ' --component' $c; done)" >> $GITHUB_OUTPUT[0m
2026-10-08T19:55:05.6093514Z [36;1mecho "downgrade=" >> $GITHUB_OUTPUT[0m
2026-10-08T19:55:05.6144763Z shell: /usr/bin/bash --noprofile --norc -e -o pipefail {0}
2026-10-08T19:55:05.6145041Z env:
2026-10-08T19:55:05.6145202Z   targets: 
2026-10-08T19:55:05.6145376Z   components: rustfmt, clippy
2026-10-08T19:55:05.6145584Z ##[endgroup]
2026-10-08T19:55:05.6227511Z ##[end-action id=__dtolnay_rust-toolchain.flags;outcome=success;conclusion=success;duration_ms=15]
2026-10-08T19:55:05.6229615Z ##[start-action display=Set $CARGO_HOME;id=__dtolnay_rust-toolchain.__run]
2026-10-08T19:55:05.6246063Z ##[group]Run echo CARGO_HOME=${CARGO_HOME:-"$HOME/.cargo"} >> $GITHUB_ENV
2026-10-08T19:55:05.6246442Z [36;1mecho CARGO_HOME=${CARGO_HOME:-"$HOME/.cargo"} >> $GITHUB_ENV[0m
2026-10-08T19:55:05.6299794Z shell: /usr/bin/bash --noprofile --norc -e -o pipefail {0}
2026-10-08T19:55:05.6300080Z ##[endgroup]
2026-10-08T19:55:05.6376911Z ##[end-action id=__dtolnay_rust-toolchain.__run;outcome=success;conclusion=success;duration_ms=14]
2026-10-08T19:55:05.6379045Z ##[start-action display=Install rustup if needed;id=__dtolnay_rust-toolchain.__run_2]
2026-10-08T19:55:05.6400647Z ##[group]Run if ! command -v rustup &>/dev/null; then
2026-10-08T19:55:05.6400944Z [36;1mif ! command -v rustup &>/dev/null; then[0m
2026-10-08T19:55:05.6401537Z [36;1m  curl --proto '=https' --tlsv1.2 --retry 10 --retry-connrefused --location --silent --show-error --fail https://sh.rustup.rs | sh -s -- --default-toolchain none -y[0m
2026-10-08T19:55:05.6402101Z [36;1m  echo "$CARGO_HOME/bin" >> $GITHUB_PATH[0m
2026-10-08T19:55:05.6402332Z [36;1mfi[0m
2026-10-08T19:55:05.6454818Z shell: /usr/bin/bash --noprofile --norc -e -o pipefail {0}
2026-10-08T19:55:05.6455091Z env:
2026-10-08T19:55:05.6455268Z   CARGO_HOME: /home/runner/.cargo
2026-10-08T19:55:05.6455483Z ##[endgroup]
2026-10-08T19:55:05.6528964Z ##[end-action id=__dtolnay_rust-toolchain.__run_2;outcome=success;conclusion=success;duration_ms=14]
2026-10-08T19:55:05.6530726Z ##[start-action display=Install rustup if needed on windows;id=__dtolnay_rust-toolchain.__run_3]
2026-10-08T19:55:05.6535823Z ##[end-action id=__dtolnay_rust-toolchain.__run_3;outcome=skipped;conclusion=skipped;duration_ms=0]
2026-10-08T19:55:05.6543963Z ##[start-action display=rustup toolchain install stable;id=__dtolnay_rust-toolchain.__run_4]
2026-10-08T19:55:05.6560586Z ##[group]Run log=$(mktemp)
2026-10-08T19:55:05.6560814Z [36;1mlog=$(mktemp)[0m
2026-10-08T19:55:05.6561025Z [36;1mtrap 'rm -f "$log"' EXIT[0m
2026-10-08T19:55:05.6561249Z [36;1mfor attempt in 1 2 3 4 5; do[0m
2026-10-08T19:55:05.6561764Z [36;1m  if rustup toolchain install stable --component rustfmt --component clippy --profile minimal --no-self-update --force-non-host 2>&1 | tee "$log"; then[0m
2026-10-08T19:55:05.6562278Z [36;1m    break[0m
2026-10-08T19:55:05.6562458Z [36;1m  else[0m
2026-10-08T19:55:05.6562634Z [36;1m    status=$?[0m
2026-10-08T19:55:05.6562818Z [36;1m  fi[0m
2026-10-08T19:55:05.6563070Z [36;1m  if [[ $attempt == 5 ]] || ! grep -Fq 'checksum failed for ' "$log" \[0m
2026-10-08T19:55:05.6563511Z [36;1m      || ! grep -Fq 'this is likely due to an ongoing update of the official release server' "$log"; then[0m
2026-10-08T19:55:05.6563868Z [36;1m    exit "$status"[0m
2026-10-08T19:55:05.6564061Z [36;1m  fi[0m
2026-10-08T19:55:05.6564351Z [36;1m  echo "Retrying rustup toolchain install in 30 seconds (retry $attempt of 4)" >&2[0m
2026-10-08T19:55:05.6564682Z [36;1m  sleep 30[0m
2026-10-08T19:55:05.6564857Z [36;1mdone[0m
2026-10-08T19:55:05.6618127Z shell: /usr/bin/bash --noprofile --norc -e -o pipefail {0}
2026-10-08T19:55:05.6618411Z env:
2026-10-08T19:55:05.6618592Z   CARGO_HOME: /home/runner/.cargo
2026-10-08T19:55:05.6618814Z   RUSTUP_PERMIT_COPY_RENAME: 1
2026-10-08T19:55:05.6619010Z ##[endgroup]
2026-10-08T19:55:05.8711328Z info: syncing channel updates for stable-x86_64-unknown-linux-gnu
2026-10-08T19:55:05.9788323Z info: latest update on 2026-10-01 for version 1.99.0 (b940084d7 2026-09-28)
2026-10-08T19:55:05.9996387Z info: component clippy is up to date
2026-10-08T19:55:05.9996856Z info: component rustfmt is up to date
2026-10-08T19:55:06.0007161Z 
2026-10-08T19:55:06.0077558Z   stable-x86_64-unknown-linux-gnu unchanged - rustc 1.99.0 (b940084d7 2026-09-28)
2026-10-08T19:55:06.0078077Z 
2026-10-08T19:55:06.0116266Z ##[end-action id=__dtolnay_rust-toolchain.__run_4;outcome=success;conclusion=success;duration_ms=357]
2026-10-08T19:55:06.0120866Z ##[start-action display=rustup default stable;id=__dtolnay_rust-toolchain.__run_5]
2026-10-08T19:55:06.0137931Z ##[group]Run rustup default stable --force-non-host
2026-10-08T19:55:06.0138259Z [36;1mrustup default stable --force-non-host[0m
2026-10-08T19:55:06.0198760Z shell: /usr/bin/bash --noprofile --norc -e -o pipefail {0}
2026-10-08T19:55:06.0199044Z env:
2026-10-08T19:55:06.0199229Z   CARGO_HOME: /home/runner/.cargo
2026-10-08T19:55:06.0199446Z ##[endgroup]
2026-10-08T19:55:06.0304835Z info: using existing install for stable-x86_64-unknown-linux-gnu
2026-10-08T19:55:06.0313876Z info: default toolchain set to stable-x86_64-unknown-linux-gnu
2026-10-08T19:55:06.0314424Z 
2026-10-08T19:55:06.0378370Z   stable-x86_64-unknown-linux-gnu unchanged - rustc 1.99.0 (b940084d7 2026-09-28)
2026-10-08T19:55:06.0378638Z 
2026-10-08T19:55:06.0392028Z ##[end-action id=__dtolnay_rust-toolchain.__run_5;outcome=success;conclusion=success;duration_ms=27]
2026-10-08T19:55:06.0393878Z ##[start-action display=Create cachekey;id=__dtolnay_rust-toolchain.rustc-version]
2026-10-08T19:55:06.0425282Z ##[group]Run DATE=$(rustc +stable --version --verbose | sed -ne 's/^commit-date: \(20[0-9][0-9]\)-\([01][0-9]\)-\([0-3][0-9]\)$/\1\2\3/p')
2026-10-08T19:55:06.0425919Z [36;1mDATE=$(rustc +stable --version --verbose | sed -ne 's/^commit-date: \(20[0-9][0-9]\)-\([01][0-9]\)-\([0-3][0-9]\)$/\1\2\3/p')[0m
2026-10-08T19:55:06.0426411Z [36;1mHASH=$(rustc +stable --version --verbose | sed -ne 's/^commit-hash: //p')[0m
2026-10-08T19:55:06.0426826Z [36;1mecho "cachekey=$(echo $DATE$HASH | head -c12)" >> $GITHUB_OUTPUT[0m
2026-10-08T19:55:06.0482305Z shell: /usr/bin/bash --noprofile --norc -e -o pipefail {0}
2026-10-08T19:55:06.0482579Z env:
2026-10-08T19:55:06.0482760Z   CARGO_HOME: /home/runner/.cargo
2026-10-08T19:55:06.0482969Z ##[endgroup]
2026-10-08T19:55:06.0791735Z ##[end-action id=__dtolnay_rust-toolchain.rustc-version;outcome=success;conclusion=success;duration_ms=39]
2026-10-08T19:55:06.0793915Z ##[start-action display=Disable incremental compilation;id=__dtolnay_rust-toolchain.__run_6]
2026-10-08T19:55:06.0811938Z ##[group]Run if [ -z "${CARGO_INCREMENTAL+set}" ]; then
2026-10-08T19:55:06.0812270Z [36;1mif [ -z "${CARGO_INCREMENTAL+set}" ]; then[0m
2026-10-08T19:55:06.0812539Z [36;1m  echo CARGO_INCREMENTAL=0 >> $GITHUB_ENV[0m
2026-10-08T19:55:06.0812775Z [36;1mfi[0m
2026-10-08T19:55:06.0871700Z shell: /usr/bin/bash --noprofile --norc -e -o pipefail {0}
2026-10-08T19:55:06.0871974Z env:
2026-10-08T19:55:06.0872146Z   CARGO_HOME: /home/runner/.cargo
2026-10-08T19:55:06.0872357Z ##[endgroup]
2026-10-08T19:55:06.0946495Z ##[end-action id=__dtolnay_rust-toolchain.__run_6;outcome=success;conclusion=success;duration_ms=15]
2026-10-08T19:55:06.0948474Z ##[start-action display=Enable colors in Cargo output;id=__dtolnay_rust-toolchain.__run_7]
2026-10-08T19:55:06.0964372Z ##[group]Run if [ -z "${CARGO_TERM_COLOR+set}" ]; then
2026-10-08T19:55:06.0964693Z [36;1mif [ -z "${CARGO_TERM_COLOR+set}" ]; then[0m
2026-10-08T19:55:06.0964993Z [36;1m  echo CARGO_TERM_COLOR=always >> $GITHUB_ENV[0m
2026-10-08T19:55:06.0965244Z [36;1mfi[0m
2026-10-08T19:55:06.1017981Z shell: /usr/bin/bash --noprofile --norc -e -o pipefail {0}
2026-10-08T19:55:06.1018291Z env:
2026-10-08T19:55:06.1018513Z   CARGO_HOME: /home/runner/.cargo
2026-10-08T19:55:06.1018774Z   CARGO_INCREMENTAL: 0
2026-10-08T19:55:06.1018984Z ##[endgroup]
2026-10-08T19:55:06.1094932Z ##[end-action id=__dtolnay_rust-toolchain.__run_7;outcome=success;conclusion=success;duration_ms=14]
2026-10-08T19:55:06.1097233Z ##[start-action display=Enable Cargo sparse registry;id=__dtolnay_rust-toolchain.__run_8]
2026-10-08T19:55:06.1114370Z ##[group]Run # implemented in 1.66, stabilized in 1.68, made default in 1.70
2026-10-08T19:55:06.1114783Z [36;1m# implemented in 1.66, stabilized in 1.68, made default in 1.70[0m
2026-10-08T19:55:06.1115334Z [36;1mif [ -z "${CARGO_REGISTRIES_CRATES_IO_PROTOCOL+set}" -o -f "/home/runner/work/_temp"/.implicit_cargo_registries_crates_io_protocol ]; then[0m
2026-10-08T19:55:06.1116016Z [36;1m  if rustc +stable --version --verbose | grep -q '^release: 1\.6[89]\.'; then[0m
2026-10-08T19:55:06.1116464Z [36;1m    touch "/home/runner/work/_temp"/.implicit_cargo_registries_crates_io_protocol || true[0m
2026-10-08T19:55:06.1116896Z [36;1m    echo CARGO_REGISTRIES_CRATES_IO_PROTOCOL=sparse >> $GITHUB_ENV[0m
2026-10-08T19:55:06.1117291Z [36;1m  elif rustc +stable --version --verbose | grep -q '^release: 1\.6[67]\.'; then[0m
2026-10-08T19:55:06.1117906Z [36;1m    touch "/home/runner/work/_temp"/.implicit_cargo_registries_crates_io_protocol || true[0m
2026-10-08T19:55:06.1118464Z [36;1m    echo CARGO_REGISTRIES_CRATES_IO_PROTOCOL=git >> $GITHUB_ENV[0m
2026-10-08T19:55:06.1118751Z [36;1m  fi[0m
2026-10-08T19:55:06.1118921Z [36;1mfi[0m
2026-10-08T19:55:06.1170832Z shell: /usr/bin/bash --noprofile --norc -e -o pipefail {0}
2026-10-08T19:55:06.1171108Z env:
2026-10-08T19:55:06.1171285Z   CARGO_HOME: /home/runner/.cargo
2026-10-08T19:55:06.1171501Z   CARGO_INCREMENTAL: 0
2026-10-08T19:55:06.1171690Z   CARGO_TERM_COLOR: always
2026-10-08T19:55:06.1171884Z ##[endgroup]
2026-10-08T19:55:06.1478226Z ##[end-action id=__dtolnay_rust-toolchain.__run_8;outcome=success;conclusion=success;duration_ms=38]
2026-10-08T19:55:06.1481308Z ##[start-action display=Work around spurious network errors in curl 8.0;id=__dtolnay_rust-toolchain.__run_9]
2026-10-08T19:55:06.1508258Z ##[group]Run # https://rust-lang.zulipchat.com/#narrow/stream/246057-t-cargo/topic/timeout.20investigation
2026-10-08T19:55:06.1509197Z [36;1m# https://rust-lang.zulipchat.com/#narrow/stream/246057-t-cargo/topic/timeout.20investigation[0m
2026-10-08T19:55:06.1509982Z [36;1mif rustc +stable --version --verbose | grep -q '^release: 1\.7[01]\.'; then[0m
2026-10-08T19:55:06.1510561Z [36;1m  echo CARGO_HTTP_MULTIPLEXING=false >> $GITHUB_ENV[0m
2026-10-08T19:55:06.1510955Z [36;1mfi[0m
2026-10-08T19:55:06.1588240Z shell: /usr/bin/bash --noprofile --norc -e -o pipefail {0}
2026-10-08T19:55:06.1588535Z env:
2026-10-08T19:55:06.1588728Z   CARGO_HOME: /home/runner/.cargo
2026-10-08T19:55:06.1588958Z   CARGO_INCREMENTAL: 0
2026-10-08T19:55:06.1589145Z   CARGO_TERM_COLOR: always
2026-10-08T19:55:06.1589342Z ##[endgroup]
2026-10-08T19:55:06.1777584Z ##[end-action id=__dtolnay_rust-toolchain.__run_9;outcome=success;conclusion=success;duration_ms=29]
2026-10-08T19:55:06.1781039Z ##[start-action display=rustc +stable --version --verbose;id=__dtolnay_rust-toolchain.__run_10]
2026-10-08T19:55:06.1797409Z ##[group]Run rustc +stable --version --verbose
2026-10-08T19:55:06.1797690Z [36;1mrustc +stable --version --verbose[0m
2026-10-08T19:55:06.1855363Z shell: /usr/bin/bash --noprofile --norc -e -o pipefail {0}
2026-10-08T19:55:06.1855776Z env:
2026-10-08T19:55:06.1856011Z   CARGO_HOME: /home/runner/.cargo
2026-10-08T19:55:06.1856292Z   CARGO_INCREMENTAL: 0
2026-10-08T19:55:06.1856527Z   CARGO_TERM_COLOR: always
2026-10-08T19:55:06.1856778Z ##[endgroup]
2026-10-08T19:55:06.2019783Z rustc 1.99.0 (b940084d7 2026-09-28)
2026-10-08T19:55:06.2020405Z binary: rustc
2026-10-08T19:55:06.2021051Z commit-hash: b940084d7eb6a299eb4bfeb8e34901bc051e7ac4
2026-10-08T19:55:06.2021454Z commit-date: 2026-09-28
2026-10-08T19:55:06.2021664Z host: x86_64-unknown-linux-gnu
2026-10-08T19:55:06.2021868Z release: 1.99.0
2026-10-08T19:55:06.2022045Z LLVM version: 23.1.1
2026-10-08T19:55:06.2037078Z ##[end-action id=__dtolnay_rust-toolchain.__run_10;outcome=success;conclusion=success;duration_ms=25]
2026-10-08T19:55:06.2114206Z ##[group]Run Swatinem/rust-cache@6323deb102c322ba6fcbdcafc7e3dddab59af2b6
2026-10-08T19:55:06.2114545Z with:
2026-10-08T19:55:06.2114729Z   prefix-key: v0-rust
2026-10-08T19:55:06.2114934Z   add-job-id-key: true
2026-10-08T19:55:06.2115143Z   add-rust-environment-hash-key: true
2026-10-08T19:55:06.2115378Z   cache-targets: true
2026-10-08T19:55:06.2115574Z   cache-all-crates: false
2026-10-08T19:55:06.2115789Z   cache-workspace-crates: false
2026-10-08T19:55:06.2116003Z   save-if: true
2026-10-08T19:55:06.2116187Z   cache-provider: github
2026-10-08T19:55:06.2116593Z   cache-bin: true
2026-10-08T19:55:06.2116802Z   lookup-only: false
2026-10-08T19:55:06.2116992Z   cmd-format: {0}
2026-10-08T19:55:06.2117162Z env:
2026-10-08T19:55:06.2117347Z   CARGO_HOME: /home/runner/.cargo
2026-10-08T19:55:06.2117577Z   CARGO_INCREMENTAL: 0
2026-10-08T19:55:06.2118050Z   CARGO_TERM_COLOR: always
2026-10-08T19:55:06.2118265Z ##[endgroup]
2026-10-08T19:55:07.5216988Z ##[group]Cache Configuration
2026-10-08T19:55:07.5217480Z Cache Provider:
2026-10-08T19:55:07.5217968Z     github
2026-10-08T19:55:07.5218213Z Workspaces:
2026-10-08T19:55:07.5218439Z     /home/runner/work/uma-sim/uma-sim
2026-10-08T19:55:07.5218695Z Cache Paths:
2026-10-08T19:55:07.5218876Z     /home/runner/.cargo/bin
2026-10-08T19:55:07.5219090Z     /home/runner/.cargo/.crates.toml
2026-10-08T19:55:07.5219316Z     /home/runner/.cargo/.crates2.json
2026-10-08T19:55:07.5219546Z     /home/runner/.cargo/registry
2026-10-08T19:55:07.5219750Z     /home/runner/.cargo/git
2026-10-08T19:55:07.5220034Z     /home/runner/work/uma-sim/uma-sim/target
2026-10-08T19:55:07.5220286Z Restore Key:
2026-10-08T19:55:07.5220470Z     v0-rust-rust-Linux-x64-c7b3ef7d
2026-10-08T19:55:07.5220689Z Cache Key:
2026-10-08T19:55:07.5220876Z     v0-rust-rust-Linux-x64-c7b3ef7d-d4037fbb
2026-10-08T19:55:07.5221101Z .. Prefix:
2026-10-08T19:55:07.5221275Z   - v0-rust-rust-Linux-x64
2026-10-08T19:55:07.5221493Z .. Environment considered:
2026-10-08T19:55:07.5221684Z   - Rust Versions:
2026-10-08T19:55:07.5221954Z     - 1.99.0 x86_64-unknown-linux-gnu b940084d7eb6a299eb4bfeb8e34901bc051e7ac4
2026-10-08T19:55:07.5222256Z   - CARGO_HOME
2026-10-08T19:55:07.5222430Z   - CARGO_INCREMENTAL
2026-10-08T19:55:07.5222668Z   - CARGO_TERM_COLOR
2026-10-08T19:55:07.5222911Z .. Lockfiles considered:
2026-10-08T19:55:07.5223123Z   - /home/runner/work/uma-sim/uma-sim/Cargo.lock
2026-10-08T19:55:07.5223425Z   - /home/runner/work/uma-sim/uma-sim/uma-race-core/Cargo.toml
2026-10-08T19:55:07.5223741Z   - /home/runner/work/uma-sim/uma-sim/uma-sim-core/Cargo.toml
2026-10-08T19:55:07.5224138Z ##[endgroup]
2026-10-08T19:55:07.5224230Z 
2026-10-08T19:55:07.5224311Z ... Restoring cache ...
2026-10-08T19:55:07.6662398Z Cache hit for: v0-rust-rust-Linux-x64-c7b3ef7d-d4037fbb
2026-10-08T19:55:08.5192719Z Received 81539103 of 81539103 (100.0%), 104.0 MBs/sec
2026-10-08T19:55:08.5193199Z Cache Size: ~78 MB (81539103 B)
2026-10-08T19:55:08.5241985Z [command]/usr/bin/tar -xf /home/runner/work/_temp/d8d26a42-6ade-4a4f-9683-40cc78bbbc01/cache.tzst -P -C /home/runner/work/uma-sim/uma-sim --use-compress-program unzstd
2026-10-08T19:55:08.8955211Z Cache restored successfully
2026-10-08T19:55:08.8988288Z Restored from cache key "v0-rust-rust-Linux-x64-c7b3ef7d-d4037fbb" full match: true.
2026-10-08T19:55:08.9098760Z ##[group]Run cargo fmt --all -- --check
2026-10-08T19:55:08.9099045Z [36;1mcargo fmt --all -- --check[0m
2026-10-08T19:55:08.9156788Z shell: /usr/bin/bash -e {0}
2026-10-08T19:55:08.9157009Z env:
2026-10-08T19:55:08.9157186Z   CARGO_HOME: /home/runner/.cargo
2026-10-08T19:55:08.9157428Z   CARGO_INCREMENTAL: 0
2026-10-08T19:55:08.9157629Z   CARGO_TERM_COLOR: always
2026-10-08T19:55:08.9158018Z   CACHE_ON_FAILURE: false
2026-10-08T19:55:08.9158214Z ##[endgroup]
2026-10-08T19:55:10.6343496Z ##[group]Run cargo clippy --workspace --all-targets --locked
2026-10-08T19:55:10.6343864Z [36;1mcargo clippy --workspace --all-targets --locked[0m
2026-10-08T19:55:10.6398908Z shell: /usr/bin/bash -e {0}
2026-10-08T19:55:10.6399133Z env:
2026-10-08T19:55:10.6399315Z   CARGO_HOME: /home/runner/.cargo
2026-10-08T19:55:10.6399544Z   CARGO_INCREMENTAL: 0
2026-10-08T19:55:10.6399746Z   CARGO_TERM_COLOR: always
2026-10-08T19:55:10.6399947Z   CACHE_ON_FAILURE: false
2026-10-08T19:55:10.6400141Z ##[endgroup]
2026-10-08T19:55:11.6445295Z [1m[92m    Updating[0m crates.io index
2026-10-08T19:55:12.1733611Z [1m[92m    Checking[0m uma-race-core v0.1.0 (/home/runner/work/uma-sim/uma-sim/uma-race-core)
2026-10-08T19:55:12.1734408Z [1m[92m   Compiling[0m uma-sim-core v0.1.0 (/home/runner/work/uma-sim/uma-sim/uma-sim-core)
2026-10-08T19:55:16.5608413Z [1m[33mwarning[0m[1m: manually reimplementing `div_ceil`[0m
2026-10-08T19:55:16.5609033Z   [1m[94m--> [0muma-race-core/src/compete_fight.rs:33:16
2026-10-08T19:55:16.5609393Z    [1m[94m|[0m
2026-10-08T19:55:16.5609694Z [1m[94m33[0m [1m[94m|[0m     let half = (field_size + 1) / 2; // ceil(n/2)
2026-10-08T19:55:16.5610260Z    [1m[94m|[0m                [1m[33m^^^^^^^^^^^^^^^^^^^^[0m [1m[33mhelp: consider using `.div_ceil()`: `field_size.div_ceil(2)`[0m
2026-10-08T19:55:16.5610661Z    [1m[94m|[0m
2026-10-08T19:55:16.5611175Z    [1m[94m= [0m[1mhelp[0m: for further information visit https://rust-lang.github.io/rust-clippy/rust-1.99.0/index.html#manual_div_ceil
2026-10-08T19:55:16.5616657Z    [1m[94m= [0m[1mnote[0m: `#[warn(clippy::manual_div_ceil)]` on by default
2026-10-08T19:55:16.5616913Z 
2026-10-08T19:55:17.6531451Z [1m[33mwarning[0m[1m: using `contains()` instead of `iter().any()` is more efficient[0m
2026-10-08T19:55:17.6532238Z    [1m[94m--> [0muma-race-core/src/condition/skill.rs:176:8
2026-10-08T19:55:17.6532686Z     [1m[94m|[0m
2026-10-08T19:55:17.6533180Z [1m[94m176[0m [1m[94m|[0m     if SCENARIO.iter().any(|s| *s == skill_id) {
2026-10-08T19:55:17.6533967Z     [1m[94m|[0m        [1m[33m^^^^^^^^^^^^^^^^^^^^^^^^^^^^^^^^^^^^^^^[0m [1m[33mhelp: try: `SCENARIO.contains(&skill_id)`[0m
2026-10-08T19:55:17.6534525Z     [1m[94m|[0m
2026-10-08T19:55:17.6535262Z     [1m[94m= [0m[1mhelp[0m: for further information visit https://rust-lang.github.io/rust-clippy/rust-1.99.0/index.html#manual_contains
2026-10-08T19:55:17.6536362Z     [1m[94m= [0m[1mnote[0m: `#[warn(clippy::manual_contains)]` on by default
2026-10-08T19:55:17.6536710Z 
2026-10-08T19:55:17.6789344Z [1m[33mwarning[0m[1m: this OR pattern can be rewritten using a range[0m
2026-10-08T19:55:17.6790246Z    [1m[94m--> [0muma-race-core/src/condition/skill.rs:282:83
2026-10-08T19:55:17.6790717Z     [1m[94m|[0m
2026-10-08T19:55:17.6792696Z [1m[94m282[0m [1m[94m|[0m             let skip_wisdom = green_skip || matches!(payload.rarity.unwrap_or(1), 3 | 4 | 5);
2026-10-08T19:55:17.6793681Z     [1m[94m|[0m                                                                                   [1m[33m^^^^^^^^^[0m [1m[33mhelp: try: `3..=5`[0m
2026-10-08T19:55:17.6794257Z     [1m[94m|[0m
2026-10-08T19:55:17.6795214Z     [1m[94m= [0m[1mhelp[0m: for further information visit https://rust-lang.github.io/rust-clippy/rust-1.99.0/index.html#manual_range_patterns
2026-10-08T19:55:17.6796413Z     [1m[94m= [0m[1mnote[0m: `#[warn(clippy::manual_range_patterns)]` on by default
2026-10-08T19:55:17.6796864Z 
2026-10-08T19:55:17.7478187Z [1m[33mwarning[0m[1m: this function has too many arguments (11/7)[0m
2026-10-08T19:55:17.7478943Z   [1m[94m--> [0muma-race-core/src/pos_keep.rs:86:1
2026-10-08T19:55:17.7479410Z    [1m[94m|[0m
2026-10-08T19:55:17.7479913Z [1m[94m86[0m [1m[94m|[0m [1m[33m/[0m pub fn tick_nige_pos_keep(
2026-10-08T19:55:17.7480588Z [1m[94m87[0m [1m[94m|[0m [1m[33m|[0m     state: PosKeepState,
2026-10-08T19:55:17.7481844Z [1m[94m88[0m [1m[94m|[0m [1m[33m|[0m     strategy: Strategy,
2026-10-08T19:55:17.7482707Z [1m[94m89[0m [1m[94m|[0m [1m[33m|[0m     am_i_pacer: bool,
2026-10-08T19:55:17.7483466Z [1m[94m...[0m  [1m[33m|[0m
2026-10-08T19:55:17.7483944Z [1m[94m97[0m [1m[94m|[0m [1m[33m|[0m     section_len: f64,
2026-10-08T19:55:17.7484580Z [1m[94m98[0m [1m[94m|[0m [1m[33m|[0m ) -> (PosKeepState, f64, f64, f64) {
2026-10-08T19:55:17.7485165Z    [1m[94m|[0m [1m[33m|__________________________________^[0m
2026-10-08T19:55:17.7485584Z    [1m[94m|[0m
2026-10-08T19:55:17.7486402Z    [1m[94m= [0m[1mhelp[0m: for further information visit https://rust-lang.github.io/rust-clippy/rust-1.99.0/index.html#too_many_arguments
2026-10-08T19:55:17.7487504Z    [1m[94m= [0m[1mnote[0m: `#[warn(clippy::too_many_arguments)]` on by default
2026-10-08T19:55:17.7488317Z 
2026-10-08T19:55:17.7488680Z [1m[33mwarning[0m[1m: this function has too many arguments (13/7)[0m
2026-10-08T19:55:17.7489265Z    [1m[94m--> [0muma-race-core/src/pos_keep.rs:151:1
2026-10-08T19:55:17.7489670Z     [1m[94m|[0m
2026-10-08T19:55:17.7490100Z [1m[94m151[0m [1m[94m|[0m [1m[33m/[0m pub fn tick_pack_pos_keep(
2026-10-08T19:55:17.7490669Z [1m[94m152[0m [1m[94m|[0m [1m[33m|[0m     state: PosKeepState,
2026-10-08T19:55:17.7491216Z [1m[94m153[0m [1m[94m|[0m [1m[33m|[0m     strategy: Strategy,
2026-10-08T19:55:17.7491749Z [1m[94m154[0m [1m[94m|[0m [1m[33m|[0m     behind: f64,
2026-10-08T19:55:17.7492180Z [1m[94m...[0m   [1m[33m|[0m
2026-10-08T19:55:17.7492616Z [1m[94m164[0m [1m[94m|[0m [1m[33m|[0m     section_len: f64,
2026-10-08T19:55:17.7493224Z [1m[94m165[0m [1m[94m|[0m [1m[33m|[0m ) -> (PosKeepState, f64, f64, f64) {
2026-10-08T19:55:17.7493793Z     [1m[94m|[0m [1m[33m|__________________________________^[0m
2026-10-08T19:55:17.7494208Z     [1m[94m|[0m
2026-10-08T19:55:17.7494971Z     [1m[94m= [0m[1mhelp[0m: for further information visit https://rust-lang.github.io/rust-clippy/rust-1.99.0/index.html#too_many_arguments
2026-10-08T19:55:17.7495543Z 
2026-10-08T19:55:17.7496386Z [1m[33mwarning[0m[1m: this function has too many arguments (12/7)[0m
2026-10-08T19:55:17.7496973Z   [1m[94m--> [0muma-race-core/src/runner.rs:74:1
2026-10-08T19:55:17.7497367Z    [1m[94m|[0m
2026-10-08T19:55:17.7497931Z [1m[94m74[0m [1m[94m|[0m [1m[33m/[0m fn apply_gate_skills(
2026-10-08T19:55:17.7498707Z [1m[94m75[0m [1m[94m|[0m [1m[33m|[0m     pending: &mut Vec<PendingSkill>,
2026-10-08T19:55:17.7499293Z [1m[94m76[0m [1m[94m|[0m [1m[33m|[0m     h: &mut HorseInput,
2026-10-08T19:55:17.7499842Z [1m[94m77[0m [1m[94m|[0m [1m[33m|[0m     start_delay: &mut f64,
2026-10-08T19:55:17.7500311Z [1m[94m...[0m  [1m[33m|[0m
2026-10-08T19:55:17.7500750Z [1m[94m86[0m [1m[94m|[0m [1m[33m|[0m     num_umas: u32,
2026-10-08T19:55:17.7501282Z [1m[94m87[0m [1m[94m|[0m [1m[33m|[0m ) -> GatePhysics {
2026-10-08T19:55:17.7501823Z    [1m[94m|[0m [1m[33m|________________^[0m
2026-10-08T19:55:17.7502157Z    [1m[94m|[0m
2026-10-08T19:55:17.7502647Z    [1m[94m= [0m[1mhelp[0m: for further information visit https://rust-lang.github.io/rust-clippy/rust-1.99.0/index.html#too_many_arguments
2026-10-08T19:55:17.7503022Z 
2026-10-08T19:55:17.7713309Z [1m[33mwarning[0m[1m: this function has too many arguments (8/7)[0m
2026-10-08T19:55:17.7714445Z    [1m[94m--> [0muma-race-core/src/runner.rs:379:5
2026-10-08T19:55:17.7715225Z     [1m[94m|[0m
2026-10-08T19:55:17.7715669Z [1m[94m379[0m [1m[94m|[0m [1m[33m/[0m     fn build(
2026-10-08T19:55:17.7716223Z [1m[94m380[0m [1m[94m|[0m [1m[33m|[0m         course: &Course,
2026-10-08T19:55:17.7716817Z [1m[94m381[0m [1m[94m|[0m [1m[33m|[0m         ground: GroundCondition,
2026-10-08T19:55:17.7717408Z [1m[94m382[0m [1m[94m|[0m [1m[33m|[0m         horse: &HorseInput,
2026-10-08T19:55:17.7718072Z [1m[94m...[0m   [1m[33m|[0m
2026-10-08T19:55:17.7718787Z [1m[94m387[0m [1m[94m|[0m [1m[33m|[0m         num_umas: u32,
2026-10-08T19:55:17.7719329Z [1m[94m388[0m [1m[94m|[0m [1m[33m|[0m     ) -> Self {
2026-10-08T19:55:17.7719803Z     [1m[94m|[0m [1m[33m|_____________^[0m
2026-10-08T19:55:17.7720183Z     [1m[94m|[0m
2026-10-08T19:55:17.7720980Z     [1m[94m= [0m[1mhelp[0m: for further information visit https://rust-lang.github.io/rust-clippy/rust-1.99.0/index.html#too_many_arguments
2026-10-08T19:55:17.7721585Z 
2026-10-08T19:55:17.7949348Z [1m[33mwarning[0m[1m: struct update has no effect, all the fields in the struct have already been specified[0m
2026-10-08T19:55:17.7950117Z     [1m[94m--> [0muma-race-core/src/runner.rs:1303:15
2026-10-08T19:55:17.7950543Z      [1m[94m|[0m
2026-10-08T19:55:17.7951124Z [1m[94m1303[0m [1m[94m|[0m             ..Default::default()
2026-10-08T19:55:17.7952080Z      [1m[94m|[0m               [1m[33m^^^^^^^^^^^^^^^^^^[0m
2026-10-08T19:55:17.7952493Z      [1m[94m|[0m
2026-10-08T19:55:17.7953305Z      [1m[94m= [0m[1mhelp[0m: for further information visit https://rust-lang.github.io/rust-clippy/rust-1.99.0/index.html#needless_update
2026-10-08T19:55:17.7954299Z      [1m[94m= [0m[1mnote[0m: `#[warn(clippy::needless_update)]` on by default
2026-10-08T19:55:17.7954637Z 
2026-10-08T19:55:17.7985007Z [1m[33mwarning[0m[1m: this function has too many arguments (15/7)[0m
2026-10-08T19:55:17.7985812Z    [1m[94m--> [0muma-race-core/src/solver.rs:430:1
2026-10-08T19:55:17.7986467Z     [1m[94m|[0m
2026-10-08T19:55:17.7987210Z [1m[94m430[0m [1m[94m|[0m [1m[33m/[0m pub(crate) fn dynamics_ok(
2026-10-08T19:55:17.7987966Z [1m[94m431[0m [1m[94m|[0m [1m[33m|[0m     dynamics: &[DynamicPred],
2026-10-08T19:55:17.7988547Z [1m[94m432[0m [1m[94m|[0m [1m[33m|[0m     t: f64,
2026-10-08T19:55:17.7989073Z [1m[94m433[0m [1m[94m|[0m [1m[33m|[0m     is_last_spurt: bool,
2026-10-08T19:55:17.7989574Z [1m[94m...[0m   [1m[33m|[0m
2026-10-08T19:55:17.7990238Z [1m[94m445[0m [1m[94m|[0m [1m[33m|[0m     used_skills: &std::collections::HashSet<String>,
2026-10-08T19:55:17.7990861Z [1m[94m446[0m [1m[94m|[0m [1m[33m|[0m ) -> bool {
2026-10-08T19:55:17.7991287Z     [1m[94m|[0m [1m[33m|_________^[0m
2026-10-08T19:55:17.7991647Z     [1m[94m|[0m
2026-10-08T19:55:17.7992449Z     [1m[94m= [0m[1mhelp[0m: for further information visit https://rust-lang.github.io/rust-clippy/rust-1.99.0/index.html#too_many_arguments
2026-10-08T19:55:17.7993069Z 
2026-10-08T19:55:17.8000289Z [1m[33mwarning[0m[1m: this function has too many arguments (8/7)[0m
2026-10-08T19:55:17.8000943Z    [1m[94m--> [0muma-race-core/src/special_conditions.rs:161:5
2026-10-08T19:55:17.8001397Z     [1m[94m|[0m
2026-10-08T19:55:17.8001802Z [1m[94m161[0m [1m[94m|[0m [1m[33m/[0m     pub fn tick(
2026-10-08T19:55:17.8002333Z [1m[94m162[0m [1m[94m|[0m [1m[33m|[0m         &mut self,
2026-10-08T19:55:17.8002896Z [1m[94m163[0m [1m[94m|[0m [1m[33m|[0m         rng: &mut PrandoRng,
2026-10-08T19:55:17.8003465Z [1m[94m164[0m [1m[94m|[0m [1m[33m|[0m         phase: Phase,
2026-10-08T19:55:17.8003892Z [1m[94m...[0m   [1m[33m|[0m
2026-10-08T19:55:17.8004295Z [1m[94m169[0m [1m[94m|[0m [1m[33m|[0m         horse_lane: f64,
2026-10-08T19:55:17.8004755Z [1m[94m170[0m [1m[94m|[0m [1m[33m|[0m     ) {
2026-10-08T19:55:17.8005166Z     [1m[94m|[0m [1m[33m|_____^[0m
2026-10-08T19:55:17.8005521Z     [1m[94m|[0m
2026-10-08T19:55:17.8006056Z     [1m[94m= [0m[1mhelp[0m: for further information visit https://rust-lang.github.io/rust-clippy/rust-1.99.0/index.html#too_many_arguments
2026-10-08T19:55:17.8006436Z 
2026-10-08T19:55:17.8007056Z [1m[33mwarning[0m[1m: this function has too many arguments (8/7)[0m
2026-10-08T19:55:17.8007447Z    [1m[94m--> [0muma-race-core/src/special_conditions.rs:201:5
2026-10-08T19:55:17.8007886Z     [1m[94m|[0m
2026-10-08T19:55:17.8008159Z [1m[94m201[0m [1m[94m|[0m [1m[33m/[0m     pub fn on_frame(
2026-10-08T19:55:17.8008924Z [1m[94m202[0m [1m[94m|[0m [1m[33m|[0m         &mut self,
2026-10-08T19:55:17.8009285Z [1m[94m203[0m [1m[94m|[0m [1m[33m|[0m         dt: f64,
2026-10-08T19:55:17.8009620Z [1m[94m204[0m [1m[94m|[0m [1m[33m|[0m         phase: Phase,
2026-10-08T19:55:17.8009913Z [1m[94m...[0m   [1m[33m|[0m
2026-10-08T19:55:17.8010213Z [1m[94m209[0m [1m[94m|[0m [1m[33m|[0m         horse_lane: f64,
2026-10-08T19:55:17.8010534Z [1m[94m210[0m [1m[94m|[0m [1m[33m|[0m     ) {
2026-10-08T19:55:17.8010803Z     [1m[94m|[0m [1m[33m|_____^[0m
2026-10-08T19:55:17.8011026Z     [1m[94m|[0m
2026-10-08T19:55:17.8011512Z     [1m[94m= [0m[1mhelp[0m: for further information visit https://rust-lang.github.io/rust-clippy/rust-1.99.0/index.html#too_many_arguments
2026-10-08T19:55:17.8011899Z 
2026-10-08T19:55:17.8017692Z [1m[33mwarning[0m[1m: this operation has no effect[0m
2026-10-08T19:55:17.8018327Z    [1m[94m--> [0muma-race-core/src/solver.rs:982:40
2026-10-08T19:55:17.8018734Z     [1m[94m|[0m
2026-10-08T19:55:17.8019103Z [1m[94m982[0m [1m[94m|[0m         assert_eq!(gate_block(16, 18), 1 + (24 - 16) % 8);
2026-10-08T19:55:17.8019605Z     [1m[94m|[0m                                        [1m[33m^^^^^^^^^^^^^^^^^[0m [1m[33mhelp: consider reducing it to: `1`[0m
2026-10-08T19:55:17.8019954Z     [1m[94m|[0m
2026-10-08T19:55:17.8020418Z     [1m[94m= [0m[1mhelp[0m: for further information visit https://rust-lang.github.io/rust-clippy/rust-1.99.0/index.html#identity_op
2026-10-08T19:55:17.8021022Z     [1m[94m= [0m[1mnote[0m: `#[warn(clippy::identity_op)]` on by default
2026-10-08T19:55:17.8021235Z 
2026-10-08T19:55:17.8841212Z [1m[33mwarning[0m: `uma-race-core` (lib test) generated 12 warnings (8 duplicates) (run `cargo clippy --fix --lib -p uma-race-core --tests -- ` to apply 3 suggestions)
2026-10-08T19:55:17.9033619Z [1m[33mwarning[0m: `uma-race-core` (lib) generated 11 warnings (3 duplicates) (run `cargo clippy --fix --lib -p uma-race-core -- ` to apply 1 suggestion)
2026-10-08T19:55:17.9371105Z [1m[33mwarning[0m[1m: manual `RangeInclusive::contains` implementation[0m
2026-10-08T19:55:17.9373616Z   [1m[94m--> [0muma-race-core/tests/probe_residual.rs:75:16
2026-10-08T19:55:17.9374083Z    [1m[94m|[0m
2026-10-08T19:55:17.9374480Z [1m[94m75[0m [1m[94m|[0m             || (i >= 105 && i <= 130)
2026-10-08T19:55:17.9375479Z    [1m[94m|[0m                [1m[33m^^^^^^^^^^^^^^^^^^^^^^[0m [1m[33mhelp: use: `(105..=130).contains(&i)`[0m
2026-10-08T19:55:17.9376072Z    [1m[94m|[0m
2026-10-08T19:55:17.9376891Z    [1m[94m= [0m[1mhelp[0m: for further information visit https://rust-lang.github.io/rust-clippy/rust-1.99.0/index.html#manual_range_contains
2026-10-08T19:55:17.9377638Z    [1m[94m= [0m[1mnote[0m: `#[warn(clippy::manual_range_contains)]` on by default
2026-10-08T19:55:17.9378167Z 
2026-10-08T19:55:17.9392429Z [1m[33mwarning[0m[1m: manual `RangeInclusive::contains` implementation[0m
2026-10-08T19:55:17.9393288Z   [1m[94m--> [0muma-race-core/tests/probe_residual.rs:76:18
2026-10-08T19:55:17.9393926Z    [1m[94m|[0m
2026-10-08T19:55:17.9394522Z [1m[94m76[0m [1m[94m|[0m             || ((i >= 60 && i <= 180 && i % 5 == 0) || i < 5);
2026-10-08T19:55:17.9395431Z    [1m[94m|[0m                  [1m[33m^^^^^^^^^^^^^^^^^^^[0m [1m[33mhelp: use: `(60..=180).contains(&i)`[0m
2026-10-08T19:55:17.9396089Z    [1m[94m|[0m
2026-10-08T19:55:17.9397032Z    [1m[94m= [0m[1mhelp[0m: for further information visit https://rust-lang.github.io/rust-clippy/rust-1.99.0/index.html#manual_range_contains
2026-10-08T19:55:17.9398421Z 
2026-10-08T19:55:17.9437666Z [1m[33mwarning[0m: `uma-race-core` (test "probe_residual") generated 2 warnings (run `cargo clippy --fix --test "probe_residual" -p uma-race-core -- ` to apply 2 suggestions)
2026-10-08T19:55:21.3690411Z [1m[33mwarning[0m[1m: consider using `sort_by_key`[0m
2026-10-08T19:55:21.3691432Z    [1m[94m--> [0muma-sim-core/src/batch_analysis.rs:174:5
2026-10-08T19:55:21.3692365Z     [1m[94m|[0m
2026-10-08T19:55:21.3692872Z [1m[94m174[0m [1m[94m|[0m     top.sort_by(|a, b| b.score.cmp(&a.score));
2026-10-08T19:55:21.3693478Z     [1m[94m|[0m     [1m[33m^^^^^^^^^^^^^^^^^^^^^^^^^^^^^^^^^^^^^^^^^[0m
2026-10-08T19:55:21.3693928Z     [1m[94m|[0m
2026-10-08T19:55:21.3694760Z     [1m[94m= [0m[1mhelp[0m: for further information visit https://rust-lang.github.io/rust-clippy/rust-1.99.0/index.html#unnecessary_sort_by
2026-10-08T19:55:21.3695948Z     [1m[94m= [0m[1mnote[0m: `#[warn(clippy::unnecessary_sort_by)]` on by default
2026-10-08T19:55:21.3696464Z [1m[96mhelp[0m: try
2026-10-08T19:55:21.3696740Z     [1m[94m|[0m
2026-10-08T19:55:21.3697173Z [1m[94m174[0m [91m- [0m    top.[91msort_by(|a, b| b.score.cmp(&a.score))[0m;
2026-10-08T19:55:21.3698309Z [1m[94m174[0m [92m+ [0m    top.[92msort_by_key(|a| std::cmp::Reverse(a.score))[0m;
2026-10-08T19:55:21.3698822Z     [1m[94m|[0m
2026-10-08T19:55:21.3698992Z 
2026-10-08T19:55:21.3745504Z [1m[33mwarning[0m[1m: manual implementation of `.is_multiple_of()`[0m
2026-10-08T19:55:21.3746155Z    [1m[94m--> [0muma-sim-core/src/batch_pairs.rs:192:21
2026-10-08T19:55:21.3746578Z     [1m[94m|[0m
2026-10-08T19:55:21.3747014Z [1m[94m192[0m [1m[94m|[0m     let median = if count % 2 == 0 {
2026-10-08T19:55:21.3747930Z     [1m[94m|[0m                     [1m[33m^^^^^^^^^^^^^^[0m [1m[33mhelp: replace with: `count.is_multiple_of(2)`[0m
2026-10-08T19:55:21.3748487Z     [1m[94m|[0m
2026-10-08T19:55:21.3749289Z     [1m[94m= [0m[1mhelp[0m: for further information visit https://rust-lang.github.io/rust-clippy/rust-1.99.0/index.html#manual_is_multiple_of
2026-10-08T19:55:21.3750341Z     [1m[94m= [0m[1mnote[0m: `#[warn(clippy::manual_is_multiple_of)]` on by default
2026-10-08T19:55:21.3750726Z 
2026-10-08T19:55:21.4333342Z [1m[33mwarning[0m[1m: this `if` statement can be collapsed[0m
2026-10-08T19:55:21.4333801Z     [1m[94m--> [0muma-sim-core/src/career_lab.rs:1531:13
2026-10-08T19:55:21.4334096Z      [1m[94m|[0m
2026-10-08T19:55:21.4334409Z [1m[94m1531[0m [1m[94m|[0m [1m[33m/[0m             if name.starts_with(".tmp-") {
2026-10-08T19:55:21.4335025Z [1m[94m1532[0m [1m[94m|[0m [1m[33m|[0m                 if fs::remove_file(de.path()).is_ok() {
2026-10-08T19:55:21.4335449Z [1m[94m1533[0m [1m[94m|[0m [1m[33m|[0m                     removed += 1;
2026-10-08T19:55:21.4335798Z [1m[94m1534[0m [1m[94m|[0m [1m[33m|[0m                 }
2026-10-08T19:55:21.4336128Z [1m[94m1535[0m [1m[94m|[0m [1m[33m|[0m             }
2026-10-08T19:55:21.4336419Z      [1m[94m|[0m [1m[33m|_____________^[0m
2026-10-08T19:55:21.4336670Z      [1m[94m|[0m
2026-10-08T19:55:21.4337170Z      [1m[94m= [0m[1mhelp[0m: for further information visit https://rust-lang.github.io/rust-clippy/rust-1.99.0/index.html#collapsible_if
2026-10-08T19:55:21.4337968Z      [1m[94m= [0m[1mnote[0m: `#[warn(clippy::collapsible_if)]` on by default
2026-10-08T19:55:21.4338340Z [1m[96mhelp[0m: collapse nested if block
2026-10-08T19:55:21.4338587Z      [1m[94m|[0m
2026-10-08T19:55:21.4338871Z [1m[94m1531[0m [92m~ [0m            if name.starts_with(".tmp-")
2026-10-08T19:55:21.4339341Z [1m[94m1532[0m [92m~ [0m                [92m&&[0m fs::remove_file(de.path()).is_ok() {
2026-10-08T19:55:21.4339772Z [1m[94m1533[0m [1m[94m|[0m                     removed += 1;
2026-10-08T19:55:21.4340079Z [1m[94m1534[0m [92m~ [0m                }
2026-10-08T19:55:21.4340324Z      [1m[94m|[0m
2026-10-08T19:55:21.4340433Z 
2026-10-08T19:55:21.4939422Z [1m[33mwarning[0m[1m: this `impl` can be derived[0m
2026-10-08T19:55:21.4940001Z   [1m[94m--> [0muma-sim-core/src/catalog/factor.rs:35:1
2026-10-08T19:55:21.4940399Z    [1m[94m|[0m
2026-10-08T19:55:21.4940906Z [1m[94m35[0m [1m[94m|[0m [1m[33m/[0m impl Default for FactorCatalogState {
2026-10-08T19:55:21.4941509Z [1m[94m36[0m [1m[94m|[0m [1m[33m|[0m     fn default() -> Self {
2026-10-08T19:55:21.4942094Z [1m[94m37[0m [1m[94m|[0m [1m[33m|[0m         Self {
2026-10-08T19:55:21.4942692Z [1m[94m38[0m [1m[94m|[0m [1m[33m|[0m             by_id: HashMap::new(),
2026-10-08T19:55:21.4943164Z [1m[94m...[0m  [1m[33m|[0m
2026-10-08T19:55:21.4943575Z [1m[94m42[0m [1m[94m|[0m [1m[33m|[0m }
2026-10-08T19:55:21.4943957Z    [1m[94m|[0m [1m[33m|_^[0m
2026-10-08T19:55:21.4944314Z    [1m[94m|[0m
2026-10-08T19:55:21.4945101Z    [1m[94m= [0m[1mhelp[0m: for further information visit https://rust-lang.github.io/rust-clippy/rust-1.99.0/index.html#derivable_impls
2026-10-08T19:55:21.4946068Z    [1m[94m= [0m[1mnote[0m: `#[warn(clippy::derivable_impls)]` on by default
2026-10-08T19:55:21.4946734Z [1m[96mhelp[0m: replace the manual implementation with a derive attribute
2026-10-08T19:55:21.4947453Z    [1m[94m|[0m
2026-10-08T19:55:21.4947984Z [1m[94m30[0m [92m+ #[derive(Default)][0m
2026-10-08T19:55:21.4948484Z [1m[94m31[0m [1m[94m|[0m struct FactorCatalogState {
2026-10-08T19:55:21.4948887Z    [1m[94m|[0m
2026-10-08T19:55:21.4949034Z 
2026-10-08T19:55:21.4970363Z [1m[33mwarning[0m[1m: this `impl` can be derived[0m
2026-10-08T19:55:21.4971028Z   [1m[94m--> [0muma-sim-core/src/catalog/support.rs:45:1
2026-10-08T19:55:21.4971628Z    [1m[94m|[0m
2026-10-08T19:55:21.4972203Z [1m[94m45[0m [1m[94m|[0m [1m[33m/[0m impl Default for SupportCatalogState {
2026-10-08T19:55:21.4972898Z [1m[94m46[0m [1m[94m|[0m [1m[33m|[0m     fn default() -> Self {
2026-10-08T19:55:21.4973516Z [1m[94m47[0m [1m[94m|[0m [1m[33m|[0m         Self {
2026-10-08T19:55:21.4974573Z [1m[94m48[0m [1m[94m|[0m [1m[33m|[0m             by_id: HashMap::new(),
2026-10-08T19:55:21.4975380Z [1m[94m...[0m  [1m[33m|[0m
2026-10-08T19:55:21.4976160Z [1m[94m53[0m [1m[94m|[0m [1m[33m|[0m }
2026-10-08T19:55:21.4976872Z    [1m[94m|[0m [1m[33m|_^[0m
2026-10-08T19:55:21.4977279Z    [1m[94m|[0m
2026-10-08T19:55:21.4979845Z    [1m[94m= [0m[1mhelp[0m: for further information visit https://rust-lang.github.io/rust-clippy/rust-1.99.0/index.html#derivable_impls
2026-10-08T19:55:21.4980852Z [1m[96mhelp[0m: replace the manual implementation with a derive attribute
2026-10-08T19:55:21.4981368Z    [1m[94m|[0m
2026-10-08T19:55:21.4981716Z [1m[94m39[0m [92m+ #[derive(Default)][0m
2026-10-08T19:55:21.4982215Z [1m[94m40[0m [1m[94m|[0m struct SupportCatalogState {
2026-10-08T19:55:21.4982624Z    [1m[94m|[0m
2026-10-08T19:55:21.4982777Z 
2026-10-08T19:55:21.4983041Z [1m[33mwarning[0m[1m: consider using `sort_by_key`[0m
2026-10-08T19:55:21.4983595Z    [1m[94m--> [0muma-sim-core/src/catalog/support.rs:118:9
2026-10-08T19:55:21.4984029Z     [1m[94m|[0m
2026-10-08T19:55:21.4984609Z [1m[94m118[0m [1m[94m|[0m         rows.sort_by(|a, b| a.name.to_lowercase().cmp(&b.name.to_lowercase()));
2026-10-08T19:55:21.4985389Z     [1m[94m|[0m         [1m[33m^^^^^^^^^^^^^^^^^^^^^^^^^^^^^^^^^^^^^^^^^^^^^^^^^^^^^^^^^^^^^^^^^^^^^^[0m
2026-10-08T19:55:21.4985875Z     [1m[94m|[0m
2026-10-08T19:55:21.4986647Z     [1m[94m= [0m[1mhelp[0m: for further information visit https://rust-lang.github.io/rust-clippy/rust-1.99.0/index.html#unnecessary_sort_by
2026-10-08T19:55:21.4987435Z [1m[96mhelp[0m: try
2026-10-08T19:55:21.4987893Z     [1m[94m|[0m
2026-10-08T19:55:21.4988514Z [1m[94m118[0m [91m- [0m        rows.[91msort_by(|a, b| a.name.to_lowercase().cmp(&b.name.to_lowercase()))[0m;
2026-10-08T19:55:21.4989322Z [1m[94m118[0m [92m+ [0m        rows.[92msort_by_key(|a| a.name.to_lowercase())[0m;
2026-10-08T19:55:21.4989806Z     [1m[94m|[0m
2026-10-08T19:55:21.4989977Z 
2026-10-08T19:55:21.4990248Z [1m[33mwarning[0m[1m: this `impl` can be derived[0m
2026-10-08T19:55:21.4990780Z   [1m[94m--> [0muma-sim-core/src/catalog/trainee.rs:55:1
2026-10-08T19:55:21.4991208Z    [1m[94m|[0m
2026-10-08T19:55:21.4991623Z [1m[94m55[0m [1m[94m|[0m [1m[33m/[0m impl Default for TraineeCatalogState {
2026-10-08T19:55:21.4992433Z [1m[94m56[0m [1m[94m|[0m [1m[33m|[0m     fn default() -> Self {
2026-10-08T19:55:21.4993004Z [1m[94m57[0m [1m[94m|[0m [1m[33m|[0m         Self {
2026-10-08T19:55:21.4993655Z [1m[94m58[0m [1m[94m|[0m [1m[33m|[0m             by_name: HashMap::new(),
2026-10-08T19:55:21.4994145Z [1m[94m...[0m  [1m[33m|[0m
2026-10-08T19:55:21.4994528Z [1m[94m65[0m [1m[94m|[0m [1m[33m|[0m }
2026-10-08T19:55:21.4994924Z    [1m[94m|[0m [1m[33m|_^[0m
2026-10-08T19:55:21.4995251Z    [1m[94m|[0m
2026-10-08T19:55:21.4996032Z    [1m[94m= [0m[1mhelp[0m: for further information visit https://rust-lang.github.io/rust-clippy/rust-1.99.0/index.html#derivable_impls
2026-10-08T19:55:21.4996931Z [1m[96mhelp[0m: replace the manual implementation with a derive attribute
2026-10-08T19:55:21.4997636Z    [1m[94m|[0m
2026-10-08T19:55:21.4998136Z [1m[94m47[0m [92m+ #[derive(Default)][0m
2026-10-08T19:55:21.4998608Z [1m[94m48[0m [1m[94m|[0m struct TraineeCatalogState {
2026-10-08T19:55:21.4999045Z    [1m[94m|[0m
2026-10-08T19:55:21.4999208Z 
2026-10-08T19:55:21.5012379Z [1m[33mwarning[0m[1m: consider using `sort_by_key`[0m
2026-10-08T19:55:21.5012961Z    [1m[94m--> [0muma-sim-core/src/catalog/trainee.rs:371:9
2026-10-08T19:55:21.5013380Z     [1m[94m|[0m
2026-10-08T19:55:21.5013967Z [1m[94m371[0m [1m[94m|[0m         rows.sort_by(|a, b| a.name.to_lowercase().cmp(&b.name.to_lowercase()));
2026-10-08T19:55:21.5014735Z     [1m[94m|[0m         [1m[33m^^^^^^^^^^^^^^^^^^^^^^^^^^^^^^^^^^^^^^^^^^^^^^^^^^^^^^^^^^^^^^^^^^^^^^[0m
2026-10-08T19:55:21.5015223Z     [1m[94m|[0m
2026-10-08T19:55:21.5015964Z     [1m[94m= [0m[1mhelp[0m: for further information visit https://rust-lang.github.io/rust-clippy/rust-1.99.0/index.html#unnecessary_sort_by
2026-10-08T19:55:21.5016739Z [1m[96mhelp[0m: try
2026-10-08T19:55:21.5017053Z     [1m[94m|[0m
2026-10-08T19:55:21.5017665Z [1m[94m371[0m [91m- [0m        rows.[91msort_by(|a, b| a.name.to_lowercase().cmp(&b.name.to_lowercase()))[0m;
2026-10-08T19:55:21.5018614Z [1m[94m371[0m [92m+ [0m        rows.[92msort_by_key(|a| a.name.to_lowercase())[0m;
2026-10-08T19:55:21.5019099Z     [1m[94m|[0m
2026-10-08T19:55:21.5019249Z 
2026-10-08T19:55:21.5042390Z [1m[33mwarning[0m[1m: this `let...else` may be rewritten with the `?` operator[0m
2026-10-08T19:55:21.5043049Z    [1m[94m--> [0muma-sim-core/src/config.rs:464:9
2026-10-08T19:55:21.5043475Z     [1m[94m|[0m
2026-10-08T19:55:21.5044124Z [1m[94m464[0m [1m[94m|[0m [1m[33m/[0m         let Some(id) = Self::epithet_for_win(race_id) else {
2026-10-08T19:55:21.5044801Z [1m[94m465[0m [1m[94m|[0m [1m[33m|[0m             return None;
2026-10-08T19:55:21.5045327Z [1m[94m466[0m [1m[94m|[0m [1m[33m|[0m         };
2026-10-08T19:55:21.5046149Z     [1m[94m|[0m [1m[33m|__________^[0m [1m[33mhelp: replace it with: `let id = Self::epithet_for_win(race_id)?;`[0m
2026-10-08T19:55:21.5046739Z     [1m[94m|[0m
2026-10-08T19:55:21.5047537Z     [1m[94m= [0m[1mhelp[0m: for further information visit https://rust-lang.github.io/rust-clippy/rust-1.99.0/index.html#question_mark
2026-10-08T19:55:21.5048688Z     [1m[94m= [0m[1mnote[0m: `#[warn(clippy::question_mark)]` on by default
2026-10-08T19:55:21.5049037Z 
2026-10-08T19:55:21.5474359Z [1m[33mwarning[0m[1m: redundant closure[0m
2026-10-08T19:55:21.5474887Z    [1m[94m--> [0muma-sim-core/src/deck.rs:285:18
2026-10-08T19:55:21.5475281Z     [1m[94m|[0m
2026-10-08T19:55:21.5475908Z [1m[94m285[0m [1m[94m|[0m             .map(|s| Self::to_resolved_card(s))
2026-10-08T19:55:21.5476944Z     [1m[94m|[0m                  [1m[33m^^^^^^^^^^^^^^^^^^^^^^^^^^^^^[0m [1m[33mhelp: replace the closure with the associated function itself: `Self::to_resolved_card`[0m
2026-10-08T19:55:21.5477900Z     [1m[94m|[0m
2026-10-08T19:55:21.5479171Z     [1m[94m= [0m[1mhelp[0m: for further information visit https://rust-lang.github.io/rust-clippy/rust-1.99.0/index.html#redundant_closure
2026-10-08T19:55:21.5480240Z     [1m[94m= [0m[1mnote[0m: `#[warn(clippy::redundant_closure)]` on by default
2026-10-08T19:55:21.5480572Z 
2026-10-08T19:55:21.5514527Z [1m[33mwarning[0m[1m: redundant closure[0m
2026-10-08T19:55:21.5515160Z    [1m[94m--> [0muma-sim-core/src/engine.rs:521:58
2026-10-08T19:55:21.5515997Z     [1m[94m|[0m
2026-10-08T19:55:21.5516717Z [1m[94m521[0m [1m[94m|[0m         self.play_to_completion_with_policy(max_actions, |choices| default_auto_policy(choices));
2026-10-08T19:55:21.5518135Z     [1m[94m|[0m                                                          [1m[33m^^^^^^^^^^^^^^^^^^^^^^^^^^^^^^^^^^^^^^[0m [1m[33mhelp: replace the closure with the function itself: `default_auto_policy`[0m
2026-10-08T19:55:21.5518906Z     [1m[94m|[0m
2026-10-08T19:55:21.5519969Z     [1m[94m= [0m[1mhelp[0m: for further information visit https://rust-lang.github.io/rust-clippy/rust-1.99.0/index.html#redundant_closure
2026-10-08T19:55:21.5520592Z 
2026-10-08T19:55:21.5745502Z [1m[33mwarning[0m[1m: this `if` has identical blocks[0m
2026-10-08T19:55:21.5746078Z    [1m[94m--> [0muma-sim-core/src/engine.rs:916:9
2026-10-08T19:55:21.5746480Z     [1m[94m|[0m
2026-10-08T19:55:21.5746853Z [1m[94m916[0m [1m[94m|[0m [1m[33m/[0m         {
2026-10-08T19:55:21.5747329Z [1m[94m917[0m [1m[94m|[0m [1m[33m|[0m             0
2026-10-08T19:55:21.5748188Z [1m[94m918[0m [1m[94m|[0m [1m[33m|[0m         } else if (scenario == "trackblazer" || scenario == "tb")
2026-10-08T19:55:21.5748789Z     [1m[94m|[0m [1m[33m|_________^[0m
2026-10-08T19:55:21.5749155Z     [1m[94m|[0m
2026-10-08T19:55:21.5749470Z [1m[92mnote[0m: same as this
2026-10-08T19:55:21.5749881Z    [1m[94m--> [0muma-sim-core/src/engine.rs:920:9
2026-10-08T19:55:21.5750277Z     [1m[94m|[0m
2026-10-08T19:55:21.5750663Z [1m[94m920[0m [1m[94m|[0m [1m[92m/[0m         {
2026-10-08T19:55:21.5751144Z [1m[94m921[0m [1m[94m|[0m [1m[92m|[0m             0
2026-10-08T19:55:21.5751654Z [1m[94m922[0m [1m[94m|[0m [1m[92m|[0m         } else {
2026-10-08T19:55:21.5752100Z     [1m[94m|[0m [1m[92m|_________^[0m
2026-10-08T19:55:21.5752964Z     [1m[94m= [0m[1mhelp[0m: for further information visit https://rust-lang.github.io/rust-clippy/rust-1.99.0/index.html#if_same_then_else
2026-10-08T19:55:21.5754015Z     [1m[94m= [0m[1mnote[0m: `#[warn(clippy::if_same_then_else)]` on by default
2026-10-08T19:55:21.5754372Z 
2026-10-08T19:55:21.5843611Z [1m[33mwarning[0m[1m: literal with an empty format string[0m
2026-10-08T19:55:21.5844278Z    [1m[94m--> [0muma-sim-core/src/policy_external.rs:161:44
2026-10-08T19:55:21.5844734Z     [1m[94m|[0m
2026-10-08T19:55:21.5845256Z [1m[94m161[0m [1m[94m|[0m         let _ = writeln!(self.stdin, "{}", r#"{"cmd":"quit"}"#);
2026-10-08T19:55:21.5845938Z     [1m[94m|[0m                                            [1m[33m^^^^^^^^^^^^^^^^^^^[0m
2026-10-08T19:55:21.5846362Z     [1m[94m|[0m
2026-10-08T19:55:21.5847148Z     [1m[94m= [0m[1mhelp[0m: for further information visit https://rust-lang.github.io/rust-clippy/rust-1.99.0/index.html#write_literal
2026-10-08T19:55:21.5848316Z     [1m[94m= [0m[1mnote[0m: `#[warn(clippy::write_literal)]` on by default
2026-10-08T19:55:21.5848778Z [1m[96mhelp[0m: try
2026-10-08T19:55:21.5849084Z     [1m[94m|[0m
2026-10-08T19:55:21.5849617Z [1m[94m161[0m [91m- [0m        let _ = writeln!(self.stdin, "{}"[91m, r#"{"cmd":"quit"}"#[0m);
2026-10-08T19:55:21.5850376Z [1m[94m161[0m [92m+ [0m        let _ = writeln!(self.stdin, "{[92m{\"cmd\":\"quit\"}[0m}");
2026-10-08T19:55:21.5850882Z     [1m[94m|[0m
2026-10-08T19:55:21.5851030Z 
2026-10-08T19:55:21.5893327Z [1m[33mwarning[0m[1m: this OR pattern can be rewritten using a range[0m
2026-10-08T19:55:21.5894145Z    [1m[94m--> [0muma-sim-core/src/race.rs:524:9
2026-10-08T19:55:21.5894566Z     [1m[94m|[0m
2026-10-08T19:55:21.5894937Z [1m[94m524[0m [1m[94m|[0m         11 | 12 | 13 => "th",
2026-10-08T19:55:21.5895679Z     [1m[94m|[0m         [1m[33m^^^^^^^^^^^^[0m [1m[33mhelp: try: `11..=13`[0m
2026-10-08T19:55:21.5896152Z     [1m[94m|[0m
2026-10-08T19:55:21.5896969Z     [1m[94m= [0m[1mhelp[0m: for further information visit https://rust-lang.github.io/rust-clippy/rust-1.99.0/index.html#manual_range_patterns
2026-10-08T19:55:21.5898183Z     [1m[94m= [0m[1mnote[0m: `#[warn(clippy::manual_range_patterns)]` on by default
2026-10-08T19:55:21.5898551Z 
2026-10-08T19:55:21.5909512Z [1m[33mwarning[0m[1m: manual implementation of `isolate_lowest_one`[0m
2026-10-08T19:55:21.5910226Z   [1m[94m--> [0muma-sim-core/src/rng.rs:62:16
2026-10-08T19:55:21.5910702Z    [1m[94m|[0m
2026-10-08T19:55:21.5911178Z [1m[94m62[0m [1m[94m|[0m             if n & -n == n {
2026-10-08T19:55:21.5912228Z    [1m[94m|[0m                [1m[33m^^^^^^[0m [1m[33mhelp: consider using `.isolate_lowest_one()`: `n.isolate_lowest_one()`[0m
2026-10-08T19:55:21.5912948Z    [1m[94m|[0m
2026-10-08T19:55:21.5914030Z    [1m[94m= [0m[1mhelp[0m: for further information visit https://rust-lang.github.io/rust-clippy/rust-1.99.0/index.html#manual_isolate_lowest_one
2026-10-08T19:55:21.5915392Z    [1m[94m= [0m[1mnote[0m: `#[warn(clippy::manual_isolate_lowest_one)]` on by default
2026-10-08T19:55:21.5915963Z 
2026-10-08T19:55:21.5942614Z [1m[33mwarning[0m[1m: this function has too many arguments (9/7)[0m
2026-10-08T19:55:21.5943244Z    [1m[94m--> [0muma-sim-core/src/scenario/grand_live.rs:193:5
2026-10-08T19:55:21.5943971Z     [1m[94m|[0m
2026-10-08T19:55:21.5944462Z [1m[94m193[0m [1m[94m|[0m [1m[33m/[0m     pub fn load_community_calibration(
2026-10-08T19:55:21.5945145Z [1m[94m194[0m [1m[94m|[0m [1m[33m|[0m         gate_before_1st: Option<Vec<i32>>,
2026-10-08T19:55:21.5945835Z [1m[94m195[0m [1m[94m|[0m [1m[33m|[0m         gate_before_2nd_4th: Option<Vec<i32>>,
2026-10-08T19:55:21.5946517Z [1m[94m196[0m [1m[94m|[0m [1m[33m|[0m         gate_before_grand: Option<Vec<i32>>,
2026-10-08T19:55:21.5958428Z [1m[94m...[0m   [1m[33m|[0m
2026-10-08T19:55:21.5959067Z [1m[94m202[0m [1m[94m|[0m [1m[33m|[0m         cycle_max: Option<i32>,
2026-10-08T19:55:21.5959600Z [1m[94m203[0m [1m[94m|[0m [1m[33m|[0m     ) {
2026-10-08T19:55:21.5960036Z     [1m[94m|[0m [1m[33m|_____^[0m
2026-10-08T19:55:21.5960403Z     [1m[94m|[0m
2026-10-08T19:55:21.5961219Z     [1m[94m= [0m[1mhelp[0m: for further information visit https://rust-lang.github.io/rust-clippy/rust-1.99.0/index.html#too_many_arguments
2026-10-08T19:55:21.5962297Z     [1m[94m= [0m[1mnote[0m: `#[warn(clippy::too_many_arguments)]` on by default
2026-10-08T19:55:21.5962659Z 
2026-10-08T19:55:21.6047996Z [1m[33mwarning[0m[1m: used consecutive `str::replace` call[0m
2026-10-08T19:55:21.6048865Z   [1m[94m--> [0muma-sim-core/src/scenario/grand_live_deck_support.rs:11:14
2026-10-08T19:55:21.6049478Z    [1m[94m|[0m
2026-10-08T19:55:21.6049983Z [1m[94m11[0m [1m[94m|[0m               .replace('_', " ")
2026-10-08T19:55:21.6050559Z    [1m[94m|[0m [1m[33m ______________^[0m
2026-10-08T19:55:21.6051128Z [1m[94m12[0m [1m[94m|[0m [1m[33m|[0m             .replace('-', " ");
2026-10-08T19:55:21.6051984Z    [1m[94m|[0m [1m[33m|______________________________^[0m [1m[33mhelp: replace with: `replace(['_', '-'], " ")`[0m
2026-10-08T19:55:21.6052611Z    [1m[94m|[0m
2026-10-08T19:55:21.6053436Z    [1m[94m= [0m[1mhelp[0m: for further information visit https://rust-lang.github.io/rust-clippy/rust-1.99.0/index.html#collapsible_str_replace
2026-10-08T19:55:21.6054606Z    [1m[94m= [0m[1mnote[0m: `#[warn(clippy::collapsible_str_replace)]` on by default
2026-10-08T19:55:21.6055069Z 
2026-10-08T19:55:21.6135888Z [1m[33mwarning[0m[1m: unnecessary use of `to_string`[0m
2026-10-08T19:55:21.6136599Z    [1m[94m--> [0muma-sim-core/src/scenario/ura.rs:266:59
2026-10-08T19:55:21.6137110Z     [1m[94m|[0m
2026-10-08T19:55:21.6138155Z [1m[94m266[0m [1m[94m|[0m             .map(|f| format!("Contest of {}!", capitalize(&f.key().to_string())))
2026-10-08T19:55:21.6139178Z     [1m[94m|[0m                                                           [1m[33m^^^^^^^^^^^^^^^^^^^^[0m [1m[33mhelp: use: `f.key()`[0m
2026-10-08T19:55:21.6139840Z     [1m[94m|[0m
2026-10-08T19:55:21.6140702Z     [1m[94m= [0m[1mhelp[0m: for further information visit https://rust-lang.github.io/rust-clippy/rust-1.99.0/index.html#unnecessary_to_owned
2026-10-08T19:55:21.6141819Z     [1m[94m= [0m[1mnote[0m: `#[warn(clippy::unnecessary_to_owned)]` on by default
2026-10-08T19:55:21.6142279Z 
2026-10-08T19:55:21.6142872Z [1m[33mwarning[0m[1m: unnecessary use of `to_string`[0m
2026-10-08T19:55:21.6143432Z    [1m[94m--> [0muma-sim-core/src/scenario/ura.rs:278:50
2026-10-08T19:55:21.6144080Z     [1m[94m|[0m
2026-10-08T19:55:21.6144612Z [1m[94m278[0m [1m[94m|[0m                 format!("{} +{gain}", capitalize(&f.key().to_string()))
2026-10-08T19:55:21.6145424Z     [1m[94m|[0m                                                  [1m[33m^^^^^^^^^^^^^^^^^^^^[0m [1m[33mhelp: use: `f.key()`[0m
2026-10-08T19:55:21.6145965Z     [1m[94m|[0m
2026-10-08T19:55:21.6146794Z     [1m[94m= [0m[1mhelp[0m: for further information visit https://rust-lang.github.io/rust-clippy/rust-1.99.0/index.html#unnecessary_to_owned
2026-10-08T19:55:21.6147442Z 
2026-10-08T19:55:21.6189790Z [1m[33mwarning[0m[1m: unneeded `return` statement[0m
2026-10-08T19:55:21.6190811Z    [1m[94m--> [0muma-sim-core/src/scenario/mod.rs:589:13
2026-10-08T19:55:21.6191569Z     [1m[94m|[0m
2026-10-08T19:55:21.6192220Z [1m[94m589[0m [1m[94m|[0m             return (next, lines);
2026-10-08T19:55:21.6193053Z     [1m[94m|[0m             [1m[33m^^^^^^^^^^^^^^^^^^^^[0m
2026-10-08T19:55:21.6193769Z     [1m[94m|[0m
2026-10-08T19:55:21.6194752Z     [1m[94m= [0m[1mhelp[0m: for further information visit https://rust-lang.github.io/rust-clippy/rust-1.99.0/index.html#needless_return
2026-10-08T19:55:21.6196014Z     [1m[94m= [0m[1mnote[0m: `#[warn(clippy::needless_return)]` on by default
2026-10-08T19:55:21.6196715Z [1m[96mhelp[0m: remove `return`
2026-10-08T19:55:21.6197271Z     [1m[94m|[0m
2026-10-08T19:55:21.6198031Z [1m[94m589[0m [91m- [0m            [91mreturn (next, lines);[0m
2026-10-08T19:55:21.6198772Z [1m[94m589[0m [92m+ [0m            [92m(next, lines)[0m
2026-10-08T19:55:21.6199372Z     [1m[94m|[0m
2026-10-08T19:55:21.6199720Z 
2026-10-08T19:55:21.6944021Z [1m[33mwarning[0m[1m: this function has too many arguments (8/7)[0m
2026-10-08T19:55:21.6944913Z    [1m[94m--> [0muma-sim-core/src/scoring/rank_estimate.rs:280:1
2026-10-08T19:55:21.6945629Z     [1m[94m|[0m
2026-10-08T19:55:21.6946420Z [1m[94m280[0m [1m[94m|[0m [1m[33m/[0m pub fn estimate_rank(
2026-10-08T19:55:21.6947079Z [1m[94m281[0m [1m[94m|[0m [1m[33m|[0m     speed: i32,
2026-10-08T19:55:21.6947628Z [1m[94m282[0m [1m[94m|[0m [1m[33m|[0m     stamina: i32,
2026-10-08T19:55:21.6948338Z [1m[94m283[0m [1m[94m|[0m [1m[33m|[0m     power: i32,
2026-10-08T19:55:21.6948787Z [1m[94m...[0m   [1m[33m|[0m
2026-10-08T19:55:21.6949239Z [1m[94m288[0m [1m[94m|[0m [1m[33m|[0m     unique_level: i32,
2026-10-08T19:55:21.6949791Z [1m[94m289[0m [1m[94m|[0m [1m[33m|[0m ) -> RankResult {
2026-10-08T19:55:21.6950272Z     [1m[94m|[0m [1m[33m|_______________^[0m
2026-10-08T19:55:21.6950668Z     [1m[94m|[0m
2026-10-08T19:55:21.6951507Z     [1m[94m= [0m[1mhelp[0m: for further information visit https://rust-lang.github.io/rust-clippy/rust-1.99.0/index.html#too_many_arguments
2026-10-08T19:55:21.6952134Z 
2026-10-08T19:55:21.6952479Z [1m[33mwarning[0m[1m: module has the same name as its containing module[0m
2026-10-08T19:55:21.6953084Z   [1m[94m--> [0muma-sim-core/src/scoring/mod.rs:10:1
2026-10-08T19:55:21.6953502Z    [1m[94m|[0m
2026-10-08T19:55:21.6953843Z [1m[94m10[0m [1m[94m|[0m pub mod scoring;
2026-10-08T19:55:21.6954577Z    [1m[94m|[0m [1m[33m^^^^^^^^^^^^^^^^[0m
2026-10-08T19:55:21.6954825Z    [1m[94m|[0m
2026-10-08T19:55:21.6955337Z    [1m[94m= [0m[1mhelp[0m: for further information visit https://rust-lang.github.io/rust-clippy/rust-1.99.0/index.html#module_inception
2026-10-08T19:55:21.6956048Z    [1m[94m= [0m[1mnote[0m: `#[warn(clippy::module_inception)]` on by default
2026-10-08T19:55:21.6956270Z 
2026-10-08T19:55:21.6963733Z [1m[33mwarning[0m[1m: using `contains()` instead of `iter().any()` is more efficient[0m
2026-10-08T19:55:21.6964448Z    [1m[94m--> [0muma-sim-core/src/scoring/scoring.rs:249:8
2026-10-08T19:55:21.6964885Z     [1m[94m|[0m
2026-10-08T19:55:21.6965461Z [1m[94m249[0m [1m[94m|[0m     if config.blacklist.iter().any(|b| *b == Some(training.name)) {
2026-10-08T19:55:21.6966444Z     [1m[94m|[0m        [1m[33m^^^^^^^^^^^^^^^^^^^^^^^^^^^^^^^^^^^^^^^^^^^^^^^^^^^^^^^^^^[0m [1m[33mhelp: try: `config.blacklist.contains(&Some(training.name))`[0m
2026-10-08T19:55:21.6967361Z     [1m[94m|[0m
2026-10-08T19:55:21.6968325Z     [1m[94m= [0m[1mhelp[0m: for further information visit https://rust-lang.github.io/rust-clippy/rust-1.99.0/index.html#manual_contains
2026-10-08T19:55:21.6969388Z     [1m[94m= [0m[1mnote[0m: `#[warn(clippy::manual_contains)]` on by default
2026-10-08T19:55:21.6969732Z 
2026-10-08T19:55:21.6988596Z [1m[33mwarning[0m[1m: this `if` has identical blocks[0m
2026-10-08T19:55:21.6989008Z    [1m[94m--> [0muma-sim-core/src/scoring/skill_scoring.rs:186:34
2026-10-08T19:55:21.6989299Z     [1m[94m|[0m
2026-10-08T19:55:21.6989638Z [1m[94m186[0m [1m[94m|[0m       if apt >= AptitudeOrdinal::S {
2026-10-08T19:55:21.6989990Z     [1m[94m|[0m [1m[33m __________________________________^[0m
2026-10-08T19:55:21.6990308Z [1m[94m187[0m [1m[94m|[0m [1m[33m|[0m         1.1
2026-10-08T19:55:21.6990726Z [1m[94m188[0m [1m[94m|[0m [1m[33m|[0m     } else if apt >= AptitudeOrdinal::A {
2026-10-08T19:55:21.6991060Z     [1m[94m|[0m [1m[33m|_____^[0m
2026-10-08T19:55:21.6991298Z     [1m[94m|[0m
2026-10-08T19:55:21.6991500Z [1m[92mnote[0m: same as this
2026-10-08T19:55:21.6991794Z    [1m[94m--> [0muma-sim-core/src/scoring/skill_scoring.rs:188:41
2026-10-08T19:55:21.6992084Z     [1m[94m|[0m
2026-10-08T19:55:21.6992385Z [1m[94m188[0m [1m[94m|[0m       } else if apt >= AptitudeOrdinal::A {
2026-10-08T19:55:21.6992736Z     [1m[94m|[0m [1m[92m _________________________________________^[0m
2026-10-08T19:55:21.6993050Z [1m[94m189[0m [1m[94m|[0m [1m[92m|[0m         1.1
2026-10-08T19:55:21.6993432Z [1m[94m190[0m [1m[94m|[0m [1m[92m|[0m     } else if apt >= AptitudeOrdinal::B {
2026-10-08T19:55:21.6993756Z     [1m[94m|[0m [1m[92m|_____^[0m
2026-10-08T19:55:21.6994273Z     [1m[94m= [0m[1mhelp[0m: for further information visit https://rust-lang.github.io/rust-clippy/rust-1.99.0/index.html#if_same_then_else
2026-10-08T19:55:21.6994644Z 
2026-10-08T19:55:21.7025941Z [1m[33mwarning[0m[1m: this function has too many arguments (10/7)[0m
2026-10-08T19:55:21.7026544Z    [1m[94m--> [0muma-sim-core/src/scoring/terminal_utility.rs:116:1
2026-10-08T19:55:21.7026925Z     [1m[94m|[0m
2026-10-08T19:55:21.7027220Z [1m[94m116[0m [1m[94m|[0m [1m[33m/[0m pub fn evaluate_career_terminal(
2026-10-08T19:55:21.7027570Z [1m[94m117[0m [1m[94m|[0m [1m[33m|[0m     seed: i64,
2026-10-08T19:55:21.7028010Z [1m[94m118[0m [1m[94m|[0m [1m[33m|[0m     scenario: &str,
2026-10-08T19:55:21.7028342Z [1m[94m119[0m [1m[94m|[0m [1m[33m|[0m     trainee: &str,
2026-10-08T19:55:21.7028622Z [1m[94m...[0m   [1m[33m|[0m
2026-10-08T19:55:21.7028927Z [1m[94m126[0m [1m[94m|[0m [1m[33m|[0m     appearance_probs: &[f64],
2026-10-08T19:55:21.7029297Z [1m[94m127[0m [1m[94m|[0m [1m[33m|[0m ) -> CareerTerminalRecord {
2026-10-08T19:55:21.7029654Z     [1m[94m|[0m [1m[33m|_________________________^[0m
2026-10-08T19:55:21.7029935Z     [1m[94m|[0m
2026-10-08T19:55:21.7030592Z     [1m[94m= [0m[1mhelp[0m: for further information visit https://rust-lang.github.io/rust-clippy/rust-1.99.0/index.html#too_many_arguments
2026-10-08T19:55:21.7030990Z 
2026-10-08T19:55:21.7227690Z [1m[33mwarning[0m[1m: this function has too many arguments (14/7)[0m
2026-10-08T19:55:21.7228434Z    [1m[94m--> [0muma-sim-core/src/state.rs:524:5
2026-10-08T19:55:21.7228841Z     [1m[94m|[0m
2026-10-08T19:55:21.7229261Z [1m[94m524[0m [1m[94m|[0m [1m[33m/[0m     pub fn copy_with(
2026-10-08T19:55:21.7229791Z [1m[94m525[0m [1m[94m|[0m [1m[33m|[0m         &self,
2026-10-08T19:55:21.7230382Z [1m[94m526[0m [1m[94m|[0m [1m[33m|[0m         scenario_resources: ScenarioResources,
2026-10-08T19:55:21.7231032Z [1m[94m527[0m [1m[94m|[0m [1m[33m|[0m         stats: Option<TraineeStats>,
2026-10-08T19:55:21.7231815Z [1m[94m...[0m   [1m[33m|[0m
2026-10-08T19:55:21.7232294Z [1m[94m538[0m [1m[94m|[0m [1m[33m|[0m         log: Option<Vec<String>>,
2026-10-08T19:55:21.7232875Z [1m[94m539[0m [1m[94m|[0m [1m[33m|[0m     ) -> Self {
2026-10-08T19:55:21.7233346Z     [1m[94m|[0m [1m[33m|_____________^[0m
2026-10-08T19:55:21.7233717Z     [1m[94m|[0m
2026-10-08T19:55:21.7234504Z     [1m[94m= [0m[1mhelp[0m: for further information visit https://rust-lang.github.io/rust-clippy/rust-1.99.0/index.html#too_many_arguments
2026-10-08T19:55:21.7235107Z 
2026-10-08T19:55:21.7351230Z [1m[33mwarning[0m[1m: using `Option.and_then(|x| Some(y))`, which is more succinctly expressed as `map(|x| y)`[0m
2026-10-08T19:55:21.7352244Z    [1m[94m--> [0muma-sim-core/src/telemetry.rs:192:13
2026-10-08T19:55:21.7352737Z     [1m[94m|[0m
2026-10-08T19:55:21.7353334Z [1m[94m192[0m [1m[94m|[0m [1m[33m/[0m             stat_key.as_ref().and_then(|k| {
2026-10-08T19:55:21.7354175Z [1m[94m193[0m [1m[94m|[0m [1m[33m|[0m                 let before = pre.stats.get(facility_from_stat(k));
2026-10-08T19:55:21.7355103Z [1m[94m194[0m [1m[94m|[0m [1m[33m|[0m                 let after = post.stats.get(facility_from_stat(k));
2026-10-08T19:55:21.7355887Z [1m[94m195[0m [1m[94m|[0m [1m[33m|[0m                 Some((after - before).max(0))
2026-10-08T19:55:21.7356548Z [1m[94m196[0m [1m[94m|[0m [1m[33m|[0m             })
2026-10-08T19:55:21.7357077Z     [1m[94m|[0m [1m[33m|______________^[0m
2026-10-08T19:55:21.7357537Z     [1m[94m|[0m
2026-10-08T19:55:21.7358626Z     [1m[94m= [0m[1mhelp[0m: for further information visit https://rust-lang.github.io/rust-clippy/rust-1.99.0/index.html#bind_instead_of_map
2026-10-08T19:55:21.7359733Z     [1m[94m= [0m[1mnote[0m: `#[warn(clippy::bind_instead_of_map)]` on by default
2026-10-08T19:55:21.7360269Z [1m[96mhelp[0m: use `map` instead
2026-10-08T19:55:21.7360629Z     [1m[94m|[0m
2026-10-08T19:55:21.7361087Z [1m[94m192[0m [92m~ [0m            stat_key.as_ref().[92mmap[0m(|k| {
2026-10-08T19:55:21.7361735Z [1m[94m193[0m [1m[94m|[0m                 let before = pre.stats.get(facility_from_stat(k));
2026-10-08T19:55:21.7362426Z [1m[94m194[0m [1m[94m|[0m                 let after = post.stats.get(facility_from_stat(k));
2026-10-08T19:55:21.7363082Z [1m[94m195[0m [92m~ [0m                [92m(after - before).max(0)[0m
2026-10-08T19:55:21.7363537Z     [1m[94m|[0m
2026-10-08T19:55:21.7363702Z 
2026-10-08T19:55:21.7382957Z [1m[33mwarning[0m[1m: redundant closure[0m
2026-10-08T19:55:21.7383471Z    [1m[94m--> [0muma-sim-core/src/telemetry.rs:422:25
2026-10-08T19:55:21.7383879Z     [1m[94m|[0m
2026-10-08T19:55:21.7384446Z [1m[94m422[0m [1m[94m|[0m             .filter_map(|l| Self::parse_line(l))
2026-10-08T19:55:21.7385494Z     [1m[94m|[0m                         [1m[33m^^^^^^^^^^^^^^^^^^^^^^^[0m [1m[33mhelp: replace the closure with the associated function itself: `Self::parse_line`[0m
2026-10-08T19:55:21.7386211Z     [1m[94m|[0m
2026-10-08T19:55:21.7387241Z     [1m[94m= [0m[1mhelp[0m: for further information visit https://rust-lang.github.io/rust-clippy/rust-1.99.0/index.html#redundant_closure
2026-10-08T19:55:21.7388014Z 
2026-10-08T19:55:21.7406971Z [1m[33mwarning[0m[1m: the borrowed expression implements the required traits[0m
2026-10-08T19:55:21.7407667Z    [1m[94m--> [0muma-sim-core/src/training.rs:187:41
2026-10-08T19:55:21.7408239Z     [1m[94m|[0m
2026-10-08T19:55:21.7408725Z [1m[94m187[0m [1m[94m|[0m                     .and_then(|v| v.get(&level.to_string()))
2026-10-08T19:55:21.7409526Z     [1m[94m|[0m                                         [1m[33m^^^^^^^^^^^^^^^^^^[0m [1m[33mhelp: change this to: `level.to_string()`[0m
2026-10-08T19:55:21.7410118Z     [1m[94m|[0m
2026-10-08T19:55:21.7410987Z     [1m[94m= [0m[1mhelp[0m: for further information visit https://rust-lang.github.io/rust-clippy/rust-1.99.0/index.html#needless_borrows_for_generic_args
2026-10-08T19:55:21.7412359Z     [1m[94m= [0m[1mnote[0m: `#[warn(clippy::needless_borrows_for_generic_args)]` on by default
2026-10-08T19:55:21.7412782Z 
2026-10-08T19:55:21.7413649Z [1m[33mwarning[0m[1m: the borrowed expression implements the required traits[0m
2026-10-08T19:55:21.7414262Z    [1m[94m--> [0muma-sim-core/src/training.rs:199:37
2026-10-08T19:55:21.7414672Z     [1m[94m|[0m
2026-10-08T19:55:21.7415136Z [1m[94m199[0m [1m[94m|[0m                 .and_then(|v| v.get(&level.to_string()))
2026-10-08T19:55:21.7415906Z     [1m[94m|[0m                                     [1m[33m^^^^^^^^^^^^^^^^^^[0m [1m[33mhelp: change this to: `level.to_string()`[0m
2026-10-08T19:55:21.7416483Z     [1m[94m|[0m
2026-10-08T19:55:21.7417329Z     [1m[94m= [0m[1mhelp[0m: for further information visit https://rust-lang.github.io/rust-clippy/rust-1.99.0/index.html#needless_borrows_for_generic_args
2026-10-08T19:55:21.7418149Z 
2026-10-08T19:55:21.7418531Z [1m[33mwarning[0m[1m: the borrowed expression implements the required traits[0m
2026-10-08T19:55:21.7419152Z    [1m[94m--> [0muma-sim-core/src/training.rs:229:37
2026-10-08T19:55:21.7419561Z     [1m[94m|[0m
2026-10-08T19:55:21.7420018Z [1m[94m229[0m [1m[94m|[0m                 .and_then(|v| v.get(&level.to_string()))
2026-10-08T19:55:21.7420788Z     [1m[94m|[0m                                     [1m[33m^^^^^^^^^^^^^^^^^^[0m [1m[33mhelp: change this to: `level.to_string()`[0m
2026-10-08T19:55:21.7421358Z     [1m[94m|[0m
2026-10-08T19:55:21.7422195Z     [1m[94m= [0m[1mhelp[0m: for further information visit https://rust-lang.github.io/rust-clippy/rust-1.99.0/index.html#needless_borrows_for_generic_args
2026-10-08T19:55:21.7422868Z 
2026-10-08T19:55:21.7423208Z [1m[33mwarning[0m[1m: the borrowed expression implements the required traits[0m
2026-10-08T19:55:21.7423816Z    [1m[94m--> [0muma-sim-core/src/training.rs:236:37
2026-10-08T19:55:21.7424202Z     [1m[94m|[0m
2026-10-08T19:55:21.7424645Z [1m[94m236[0m [1m[94m|[0m                 .and_then(|v| v.get(&level.to_string()))
2026-10-08T19:55:21.7425419Z     [1m[94m|[0m                                     [1m[33m^^^^^^^^^^^^^^^^^^[0m [1m[33mhelp: change this to: `level.to_string()`[0m
2026-10-08T19:55:21.7425978Z     [1m[94m|[0m
2026-10-08T19:55:21.7426796Z     [1m[94m= [0m[1mhelp[0m: for further information visit https://rust-lang.github.io/rust-clippy/rust-1.99.0/index.html#needless_borrows_for_generic_args
2026-10-08T19:55:21.7427456Z 
2026-10-08T19:55:21.8343084Z [1m[33mwarning[0m: `uma-sim-core` (lib) generated 32 warnings (9 duplicates) (run `cargo clippy --fix --lib -p uma-sim-core -- ` to apply 16 suggestions)
2026-10-08T19:55:21.8389460Z [1m[33mwarning[0m: `uma-sim-core` (lib test) generated 32 warnings (23 duplicates) (run `cargo clippy --fix --lib -p uma-sim-core --tests -- ` to apply 7 suggestions)
2026-10-08T19:55:22.1469564Z [1m[33mwarning[0m[1m: manual implementation of `.is_multiple_of()`[0m
2026-10-08T19:55:22.1498789Z   [1m[94m--> [0muma-sim-core/tests/career_lab_branch_publication.rs:44:33
2026-10-08T19:55:22.1501940Z    [1m[94m|[0m
2026-10-08T19:55:22.1528425Z [1m[94m44[0m [1m[94m|[0m         "config": {"policy": if marker % 2 == 0 {"default"} else {"bot"}, "maxActions": marker + 1, "overrides": []},
2026-10-08T19:55:22.1558946Z    [1m[94m|[0m                                 [1m[33m^^^^^^^^^^^^^^^[0m [1m[33mhelp: replace with: `marker.is_multiple_of(2)`[0m
2026-10-08T19:55:22.1588572Z    [1m[94m|[0m
2026-10-08T19:55:22.1589625Z    [1m[94m= [0m[1mhelp[0m: for further information visit https://rust-lang.github.io/rust-clippy/rust-1.99.0/index.html#manual_is_multiple_of
2026-10-08T19:55:22.1618949Z    [1m[94m= [0m[1mnote[0m: `#[warn(clippy::manual_is_multiple_of)]` on by default
2026-10-08T19:55:22.1648093Z 
2026-10-08T19:55:22.1679471Z [1m[33mwarning[0m: `uma-sim-core` (test "career_lab_branch_publication") generated 1 warning (run `cargo clippy --fix --test "career_lab_branch_publication" -p uma-sim-core -- ` to apply 1 suggestion)
2026-10-08T19:55:22.1886296Z [1m[33mwarning[0m[1m: manual `RangeInclusive::contains` implementation[0m
2026-10-08T19:55:22.1898560Z    [1m[94m--> [0muma-sim-core/tests/race_v4_dist.rs:291:9
2026-10-08T19:55:22.1918424Z     [1m[94m|[0m
2026-10-08T19:55:22.1948616Z [1m[94m291[0m [1m[94m|[0m         mean_place >= 1.0 && mean_place <= 12.0,
2026-10-08T19:55:22.1958312Z     [1m[94m|[0m         [1m[33m^^^^^^^^^^^^^^^^^^^^^^^^^^^^^^^^^^^^^^^[0m [1m[33mhelp: use: `(1.0..=12.0).contains(&mean_place)`[0m
2026-10-08T19:55:22.1959345Z     [1m[94m|[0m
2026-10-08T19:55:22.1960225Z     [1m[94m= [0m[1mhelp[0m: for further information visit https://rust-lang.github.io/rust-clippy/rust-1.99.0/index.html#manual_range_contains
2026-10-08T19:55:22.1961431Z     [1m[94m= [0m[1mnote[0m: `#[warn(clippy::manual_range_contains)]` on by default
2026-10-08T19:55:22.1961962Z 
2026-10-08T19:55:22.1962884Z [1m[33mwarning[0m: `uma-sim-core` (test "race_v4_dist") generated 1 warning (run `cargo clippy --fix --test "race_v4_dist" -p uma-sim-core -- ` to apply 1 suggestion)
2026-10-08T19:55:22.4569199Z [1m[33mwarning[0m[1m: iterating on a map's keys[0m
2026-10-08T19:55:22.4569913Z    [1m[94m--> [0muma-sim-core/tests/parity.rs:308:32
2026-10-08T19:55:22.4570405Z     [1m[94m|[0m
2026-10-08T19:55:22.4571226Z [1m[94m308[0m [1m[94m|[0m             config.stat_caps = stats.iter().map(|(k, _)| (*k, 1400)).collect();
2026-10-08T19:55:22.4580415Z     [1m[94m|[0m                                [1m[33m^^^^^^^^^^^^^^^^^^^^^^^^^^^^^^^^^^^^^[0m [1m[33mhelp: try: `stats.keys().map(|k| (*k, 1400))`[0m
2026-10-08T19:55:22.4581245Z     [1m[94m|[0m
2026-10-08T19:55:22.4582202Z     [1m[94m= [0m[1mhelp[0m: for further information visit https://rust-lang.github.io/rust-clippy/rust-1.99.0/index.html#iter_kv_map
2026-10-08T19:55:22.4583451Z     [1m[94m= [0m[1mnote[0m: `#[warn(clippy::iter_kv_map)]` on by default
2026-10-08T19:55:22.4584061Z 
2026-10-08T19:55:22.4649400Z [1m[33mwarning[0m: `uma-sim-core` (test "parity") generated 1 warning (run `cargo clippy --fix --test "parity" -p uma-sim-core -- ` to apply 1 suggestion)
2026-10-08T19:55:22.8399824Z [1m[33mwarning[0m[1m: unused import: `uma_sim_core::scenario::TrackblazerMechanics`[0m
2026-10-08T19:55:22.8400847Z  [1m[94m--> [0muma-sim-core/examples/tb_shop_dump.rs:1:5
2026-10-08T19:55:22.8401485Z   [1m[94m|[0m
2026-10-08T19:55:22.8402429Z [1m[94m1[0m [1m[94m|[0m use uma_sim_core::scenario::TrackblazerMechanics;
2026-10-08T19:55:22.8403194Z   [1m[94m|[0m     [1m[33m^^^^^^^^^^^^^^^^^^^^^^^^^^^^^^^^^^^^^^^^^^^^[0m
2026-10-08T19:55:22.8403798Z   [1m[94m|[0m
2026-10-08T19:55:22.8404496Z   [1m[94m= [0m[1mnote[0m: `#[warn(unused_imports)]` (part of `#[warn(unused)]`) on by default
2026-10-08T19:55:22.8405111Z 
2026-10-08T19:55:22.8522164Z [1m[33mwarning[0m: `uma-sim-core` (example "tb_shop_dump") generated 1 warning (run `cargo clippy --fix --example "tb_shop_dump" -p uma-sim-core -- ` to apply 1 suggestion)
2026-10-08T19:55:22.8840011Z [1m[92m    Finished[0m `dev` profile [unoptimized + debuginfo] target(s) in 12.08s
2026-10-08T19:55:22.9004626Z ##[group]Run cargo test --workspace --locked
2026-10-08T19:55:22.9004927Z [36;1mcargo test --workspace --locked[0m
2026-10-08T19:55:22.9059809Z shell: /usr/bin/bash -e {0}
2026-10-08T19:55:22.9060032Z env:
2026-10-08T19:55:22.9060223Z   CARGO_HOME: /home/runner/.cargo
2026-10-08T19:55:22.9060463Z   CARGO_INCREMENTAL: 0
2026-10-08T19:55:22.9060663Z   CARGO_TERM_COLOR: always
2026-10-08T19:55:22.9060867Z   CACHE_ON_FAILURE: false
2026-10-08T19:55:22.9061064Z ##[endgroup]
2026-10-08T19:55:22.9707229Z [1m[92m   Compiling[0m uma-race-core v0.1.0 (/home/runner/work/uma-sim/uma-sim/uma-race-core)
2026-10-08T19:55:22.9708501Z [1m[92m   Compiling[0m uma-sim-core v0.1.0 (/home/runner/work/uma-sim/uma-sim/uma-sim-core)
2026-10-08T19:55:36.1289587Z [1m[33mwarning[0m[1m: unused import: `uma_sim_core::scenario::TrackblazerMechanics`[0m
2026-10-08T19:55:36.1309696Z  [1m[94m--> [0muma-sim-core/examples/tb_shop_dump.rs:1:5
2026-10-08T19:55:36.1322911Z   [1m[94m|[0m
2026-10-08T19:55:36.1323831Z [1m[94m1[0m [1m[94m|[0m use uma_sim_core::scenario::TrackblazerMechanics;
2026-10-08T19:55:36.1324629Z   [1m[94m|[0m     [1m[33m^^^^^^^^^^^^^^^^^^^^^^^^^^^^^^^^^^^^^^^^^^^^[0m
2026-10-08T19:55:36.1325183Z   [1m[94m|[0m
2026-10-08T19:55:36.1325804Z   [1m[94m= [0m[1mnote[0m: `#[warn(unused_imports)]` (part of `#[warn(unused)]`) on by default
2026-10-08T19:55:36.1326286Z 
2026-10-08T19:55:36.5145270Z [1m[33mwarning[0m: `uma-sim-core` (example "tb_shop_dump") generated 1 warning (run `cargo fix --example "tb_shop_dump" -p uma-sim-core` to apply 1 suggestion)
2026-10-08T19:55:37.2126391Z [1m[92m    Finished[0m `test` profile [unoptimized + debuginfo] target(s) in 14.29s
2026-10-08T19:55:37.2753361Z [1m[92m     Running[0m unittests src/lib.rs (target/debug/deps/uma_race_core-25d6642d236d496f)
2026-10-08T19:55:37.2764293Z 
2026-10-08T19:55:37.2764455Z running 52 tests
2026-10-08T19:55:37.2767996Z test compete_fight::tests::guts_bonuses_positive ... ok
2026-10-08T19:55:37.2768730Z test compete_fight::tests::top_half_two_horse ... ok
2026-10-08T19:55:37.2769103Z test condition::parser::tests::or_binds_looser_than_and ... ok
2026-10-08T19:55:37.2788651Z test condition::parser::tests::parses_basic_and_or ... ok
2026-10-08T19:55:37.2796534Z test condition::regions::tests::base_power_gate_uses_mood_adjusted_stats ... ok
2026-10-08T19:55:37.2797248Z test condition::regions::tests::all_corner_random_intersects_corners_not_always ... ok
2026-10-08T19:55:37.2798896Z test condition::regions::tests::finalcorner_empty_on_straight_course_10301 ... ok
2026-10-08T19:55:37.2799560Z test condition::regions::tests::phase_random_2_on_1600_is_final_third ... ok
2026-10-08T19:55:37.2800158Z test condition::skill::tests::activation_chance_kuromiak_examples ... ok
2026-10-08T19:55:37.2803840Z test condition::sample::tests::erlang_reconcile_keeps_right_k ... ok
2026-10-08T19:55:37.2804735Z test condition::regions::tests::season_spring_default_rejects_autumn_winter_greens ... ok
2026-10-08T19:55:37.3333441Z test condition::skill::tests::compiles_200701_phase_random_accel ... ok
2026-10-08T19:55:37.3333873Z test condition::skill::tests::gene_version_910391_is_catalogued ... ok
2026-10-08T19:55:37.3334259Z test condition::skill::tests::evolution_does_not_skip_wisdom_unique_does ... ok
2026-10-08T19:55:37.3334641Z test course::tests::course_10601_round_trips_slope_geometry ... ok
2026-10-08T19:55:37.3341226Z test data::tests::exe_dir_is_a_candidate ... ok
2026-10-08T19:55:37.3358216Z test data::tests::finds_course_data_in_source_checkout ... ok
2026-10-08T19:55:37.3383226Z test field::tests::entrant_seed_index_zero_is_root ... ok
2026-10-08T19:55:37.3384268Z test data::tests::missing_file_is_none ... ok
2026-10-08T19:55:37.3384998Z test field::tests::independent_field_orders_faster_horse_first ... ok
2026-10-08T19:55:37.3385746Z test course::tests::covers_all_89_career_course_ids ... ok
2026-10-08T19:55:37.3397193Z test field::tests::synced_none_matches_independent_finish_order ... ok
2026-10-08T19:55:37.3398507Z test hp::tests::guts_modifier_example ... ok
2026-10-08T19:55:37.3399179Z test hp::tests::hp_per_second_at_base_speed_is_20 ... ok
2026-10-08T19:55:37.3399819Z test hp::tests::max_hp_formula ... ok
2026-10-08T19:55:37.3400421Z test hp::tests::spurt_accept_threshold_matches_doc ... ok
2026-10-08T19:55:37.3401327Z test hp::tests::status_modifiers_from_constants ... ok
2026-10-08T19:55:37.3403338Z test hp::tests::strategy_coefs_match_constants_file ... ok
2026-10-08T19:55:37.3404086Z test lead_comp::tests::guts_782_bonus_and_duration_positive ... ok
2026-10-08T19:55:37.3404808Z test physics::tests::base_speed_at_2000_is_20 ... ok
2026-10-08T19:55:37.3406711Z test physics::tests::phase_fractions_match_constants_file ... ok
2026-10-08T19:55:37.3407430Z test pos_keep::tests::course_factor_at_1000_is_one ... ok
2026-10-08T19:55:37.3408691Z test pos_keep::tests::senkou_min_threshold_ignores_course_factor ... ok
2026-10-08T19:55:37.3409457Z test pos_keep::tests::speed_coefs_match_research_json ... ok
2026-10-08T19:55:37.3410150Z test rng::tests::prando_readme_seed_12345678 ... ok
2026-10-08T19:55:37.3411469Z test rng::tests::seeded_streams_match_oracle_dump ... ok
2026-10-08T19:55:37.3418779Z test runner::tests::virtual_default_pacer_case1_within_one_frame ... ok
2026-10-08T19:55:37.3431744Z test solver::tests::activate_count_heal_gates_until_heal ... ok
2026-10-08T19:55:37.3443420Z test solver::tests::case1_finish_within_one_frame_of_oracle ... ok
2026-10-08T19:55:37.3444245Z test solver::tests::case3_accel_skill_beats_no_skill ... ok
2026-10-08T19:55:37.3444979Z test solver::tests::case3_skill_finish_within_one_frame_of_oracle ... ok
2026-10-08T19:55:37.3445741Z test solver::tests::order_ge_noop_in_solo_enforced_in_pack ... ok
2026-10-08T19:55:37.3446502Z test solver::tests::order_rate_enforced_only_for_multi_horse_fields ... ok
2026-10-08T19:55:37.3447238Z test solver::tests::post_number_uses_gate_block ... ok
2026-10-08T19:55:37.3448093Z test solver::tests::section_random_band_matches_kuromiak_examples ... ok
2026-10-08T19:55:37.3448910Z test solver::tests::uphill_penalty_uses_power_not_sqrt500 ... ok
2026-10-08T19:55:37.3449629Z test special_conditions::tests::blocked_side_starts_active ... ok
2026-10-08T19:55:37.3450412Z test special_conditions::tests::condition_timer_ticks_once_per_second ... ok
2026-10-08T19:55:37.3451200Z test special_conditions::tests::outer_lane_forces_off_on_tick ... ok
2026-10-08T19:55:37.3455088Z test field::tests::synced_virtual_can_change_order_vs_none ... ok
2026-10-08T19:55:37.3456330Z test field::tests::synced_virtual_order_deterministic ... ok
2026-10-08T19:55:37.3746636Z test condition::parser::tests::all_skill_condition_strings_parse ... ok
2026-10-08T19:55:37.3747033Z 
2026-10-08T19:55:37.3747340Z test result: ok. 52 passed; 0 failed; 0 ignored; 0 measured; 0 filtered out; finished in 0.10s
2026-10-08T19:55:37.3747893Z 
2026-10-08T19:55:37.3751543Z [1m[92m     Running[0m tests/checkpoint_r85.rs (target/debug/deps/checkpoint_r85-09b191734e50b08e)
2026-10-08T19:55:37.3762423Z 
2026-10-08T19:55:37.3762566Z running 1 test
2026-10-08T19:55:37.4773418Z test r85_checkpoint_sample_triage ... ok
2026-10-08T19:55:37.4773694Z 
2026-10-08T19:55:37.4773992Z test result: ok. 1 passed; 0 failed; 0 ignored; 0 measured; 0 filtered out; finished in 0.10s
2026-10-08T19:55:37.4774416Z 
2026-10-08T19:55:37.4780413Z [1m[92m     Running[0m tests/checkpoint_v3.rs (target/debug/deps/checkpoint_v3-38c824b672455bba)
2026-10-08T19:55:37.4789187Z 
2026-10-08T19:55:37.4789403Z running 1 test
2026-10-08T19:55:37.6125375Z test r85_v3_expanded_sample_soft_gate ... ok
2026-10-08T19:55:37.6125856Z 
2026-10-08T19:55:37.6126480Z test result: ok. 1 passed; 0 failed; 0 ignored; 0 measured; 0 filtered out; finished in 0.13s
2026-10-08T19:55:37.6127096Z 
2026-10-08T19:55:37.6132743Z [1m[92m     Running[0m tests/checkpoint_v3_1000.rs (target/debug/deps/checkpoint_v3_1000-489d0fa927e2d900)
2026-10-08T19:55:37.6143896Z 
2026-10-08T19:55:37.6144104Z running 1 test
2026-10-08T19:55:38.4699467Z test r85_v3_expanded_1000_soft_gate ... ok
2026-10-08T19:55:38.4700022Z 
2026-10-08T19:55:38.4700545Z test result: ok. 1 passed; 0 failed; 0 ignored; 0 measured; 0 filtered out; finished in 0.86s
2026-10-08T19:55:38.4701120Z 
2026-10-08T19:55:38.4703295Z [1m[92m     Running[0m tests/checkpoint_v3_wide.rs (target/debug/deps/checkpoint_v3_wide-bdefae85e3f1f0c2)
2026-10-08T19:55:38.4714801Z 
2026-10-08T19:55:38.4715051Z running 1 test
2026-10-08T19:55:38.7032691Z test r85_v3_wide_240_soft_gate ... ok
2026-10-08T19:55:38.7033139Z 
2026-10-08T19:55:38.7033516Z test result: ok. 1 passed; 0 failed; 0 ignored; 0 measured; 0 filtered out; finished in 0.23s
2026-10-08T19:55:38.7033965Z 
2026-10-08T19:55:38.7038270Z [1m[92m     Running[0m tests/condition_keywords.rs (target/debug/deps/condition_keywords-a42569097673071a)
2026-10-08T19:55:38.7048224Z 
2026-10-08T19:55:38.7048432Z running 3 tests
2026-10-08T19:55:38.7080976Z test distance_rate_after_random_50_has_regions ... ok
2026-10-08T19:55:38.7081444Z test is_basis_distance_filters_non_core_course ... ok
2026-10-08T19:55:38.7081748Z test corner_3_uses_oval_corner_indices ... ok
2026-10-08T19:55:38.7081907Z 
2026-10-08T19:55:38.7082152Z test result: ok. 3 passed; 0 failed; 0 ignored; 0 measured; 0 filtered out; finished in 0.00s
2026-10-08T19:55:38.7082571Z 
2026-10-08T19:55:38.7083188Z [1m[92m     Running[0m tests/probe_394_202662.rs (target/debug/deps/probe_394_202662-7376c3889745da8b)
2026-10-08T19:55:38.7092102Z 
2026-10-08T19:55:38.7092308Z running 1 test
2026-10-08T19:55:38.7870239Z test probe_394_202662 ... ok
2026-10-08T19:55:38.7870503Z 
2026-10-08T19:55:38.7870814Z test result: ok. 1 passed; 0 failed; 0 ignored; 0 measured; 0 filtered out; finished in 0.08s
2026-10-08T19:55:38.7871254Z 
2026-10-08T19:55:38.7876752Z [1m[92m     Running[0m tests/probe_394_pending.rs (target/debug/deps/probe_394_pending-a30b940c96048b09)
2026-10-08T19:55:38.7887605Z 
2026-10-08T19:55:38.7887843Z running 1 test
2026-10-08T19:55:38.8625604Z test probe_394_pending ... ok
2026-10-08T19:55:38.8625851Z 
2026-10-08T19:55:38.8626068Z test result: ok. 1 passed; 0 failed; 0 ignored; 0 measured; 0 filtered out; finished in 0.07s
2026-10-08T19:55:38.8626347Z 
2026-10-08T19:55:38.8631589Z [1m[92m     Running[0m tests/probe_534_procs.rs (target/debug/deps/probe_534_procs-0385cdae1396207b)
2026-10-08T19:55:38.8642049Z 
2026-10-08T19:55:38.8642157Z running 1 test
2026-10-08T19:55:38.9434991Z test probe_534_procs ... ok
2026-10-08T19:55:38.9435233Z 
2026-10-08T19:55:38.9435451Z test result: ok. 1 passed; 0 failed; 0 ignored; 0 measured; 0 filtered out; finished in 0.08s
2026-10-08T19:55:38.9435728Z 
2026-10-08T19:55:38.9442249Z [1m[92m     Running[0m tests/probe_534_stats.rs (target/debug/deps/probe_534_stats-e6a288a567dbaa73)
2026-10-08T19:55:38.9452681Z 
2026-10-08T19:55:38.9452814Z running 1 test
2026-10-08T19:55:39.0205133Z test probe_534_stats ... ok
2026-10-08T19:55:39.0205347Z 
2026-10-08T19:55:39.0205572Z test result: ok. 1 passed; 0 failed; 0 ignored; 0 measured; 0 filtered out; finished in 0.08s
2026-10-08T19:55:39.0205888Z 
2026-10-08T19:55:39.0210952Z [1m[92m     Running[0m tests/probe_last_two.rs (target/debug/deps/probe_last_two-617fd1afbf56b3a1)
2026-10-08T19:55:39.0221540Z 
2026-10-08T19:55:39.0221669Z running 1 test
2026-10-08T19:55:39.1062758Z test probe_last_two_procs ... ok
2026-10-08T19:55:39.1063043Z 
2026-10-08T19:55:39.1063361Z test result: ok. 1 passed; 0 failed; 0 ignored; 0 measured; 0 filtered out; finished in 0.08s
2026-10-08T19:55:39.1063777Z 
2026-10-08T19:55:39.1068869Z [1m[92m     Running[0m tests/probe_residual.rs (target/debug/deps/probe_residual-d12cb37c6f329fd3)
2026-10-08T19:55:39.1079558Z 
2026-10-08T19:55:39.1079669Z running 2 tests
2026-10-08T19:55:39.1817090Z test probe_590_pk ... ok
2026-10-08T19:55:39.1817369Z test probe_590_pos ... ok
2026-10-08T19:55:39.1817501Z 
2026-10-08T19:55:39.1817957Z test result: ok. 2 passed; 0 failed; 0 ignored; 0 measured; 0 filtered out; finished in 0.07s
2026-10-08T19:55:39.1818253Z 
2026-10-08T19:55:39.1825525Z [1m[92m     Running[0m tests/probe_residuals_bare.rs (target/debug/deps/probe_residuals_bare-16e53fcf21c41e75)
2026-10-08T19:55:39.1835525Z 
2026-10-08T19:55:39.1835652Z running 1 test
2026-10-08T19:55:39.3658135Z test probe_residuals_bare ... ok
2026-10-08T19:55:39.3658421Z 
2026-10-08T19:55:39.3664536Z [1m[92m     Running[0m unittests src/lib.rs (target/debug/deps/uma_sim_core-69171c73a3dc97ca)
2026-10-08T19:55:39.3665210Z test result: ok. 1 passed; 0 failed; 0 ignored; 0 measured; 0 filtered out; finished in 0.18s
2026-10-08T19:55:39.3665480Z 
2026-10-08T19:55:39.3677571Z 
2026-10-08T19:55:39.3677676Z running 46 tests
2026-10-08T19:55:39.7607636Z test api::tests::fast_503_leaves_speed_unchanged_success_sets_it ... ok
2026-10-08T19:55:39.8375844Z test api::tests::health_and_catalogs_and_action_include_state ... ok
2026-10-08T19:55:40.5065508Z test api::tests::lab_library_fork_branch_compare_flow ... ok
2026-10-08T19:55:40.5591315Z test api::tests::lab_library_import_failure_is_nondestructive ... ok
2026-10-08T19:55:40.6108457Z test api::tests::policy_error_shape_contract ... ok
2026-10-08T19:55:40.7695009Z test api::tests::policy_case_variants ... ok
2026-10-08T19:55:40.8215654Z test api::tests::policy_external_without_policy_cmd_fails_loudly_not_silently ... ok
2026-10-08T19:55:40.9650536Z test api::tests::policy_unknown_on_auto_and_fast ... ok
2026-10-08T19:55:41.0170340Z test api::tests::run_endpoints_unaffected_by_policy_errors ... ok
2026-10-08T19:55:41.0172815Z test batch_analysis::tests::aggregates_known_values ... ok
2026-10-08T19:55:41.0174897Z test batch_analysis::tests::compare_deltas ... ok
2026-10-08T19:55:41.0176001Z test batch_analysis::tests::empty_input_is_error ... ok
2026-10-08T19:55:41.0177454Z test batch_analysis::tests::malformed_lines_skipped_not_fatal ... ok
2026-10-08T19:55:41.0178894Z test batch_analysis::tests::text_render_contains_key_sections ... ok
2026-10-08T19:55:41.0180782Z test batch_analysis::tests::top_n_truncates ... ok
2026-10-08T19:55:41.0181622Z test career_lab::unit_tests::action_choice_id_round_trips ... ok
2026-10-08T19:55:41.0182262Z test career_lab::unit_tests::fingerprint_check_flags_schema_but_not_version ... ok
2026-10-08T19:55:41.0182891Z test career_lab::unit_tests::name_validation ... ok
2026-10-08T19:55:41.0187399Z test career_lab::unit_tests::refused_snapshot_restoration_retains_recoverable_bytes ... ok
2026-10-08T19:55:41.0188237Z test career_lab::unit_tests::rfc3339_formats_epoch ... ok
2026-10-08T19:55:41.0189305Z test legacy::unit::aptitude_rise_caps_at_a ... ok
2026-10-08T19:55:41.0189669Z test legacy::unit::blue_star_tables ... ok
2026-10-08T19:55:41.0190244Z test legacy::unit::pink_rank_table_matches_planner ... ok
2026-10-08T19:55:41.0190815Z test mid_run_inheritance::tests::april_dates_match_classic_and_senior ... ok
2026-10-08T19:55:41.0191418Z test mid_run_inheritance::tests::blue_ranges_match_crazyfellow_table ... ok
2026-10-08T19:55:41.0191996Z test mid_run_inheritance::tests::compatibility_grade_bands ... ok
2026-10-08T19:55:41.0192614Z test mid_run_inheritance::tests::odds_scale_with_compatibility ... ok
2026-10-08T19:55:41.0695300Z test api::tests::session_usable_after_policy_503 ... ok
2026-10-08T19:55:41.1216720Z test api::tests::start_rejects_unknown_policy ... ok
2026-10-08T19:55:41.1321586Z test race::tests::course_id_lookup_from_canonical_race_json ... ok
2026-10-08T19:55:41.1322091Z test race::tests::default_race_model_is_physics_since_r88 ... ok
2026-10-08T19:55:41.1322982Z test race::tests::derive_race_seed_is_stable_and_nonzero ... ok
2026-10-08T19:55:41.1323926Z test race::tests::npc_count_uses_race_json_entries_when_present ... ok
2026-10-08T19:55:41.1766502Z test api::tests::start_rejects_unknown_scenario_and_race_model ... ok
2026-10-08T19:55:41.1768669Z test race::tests::placeholder_npcs_vary_aptitudes_moods_strategies_skills ... ok
2026-10-08T19:55:41.1769381Z test race::tests::placement_bands ... ok
2026-10-08T19:55:41.1769995Z test race::tests::preferred_running_style_overrides_best_aptitude ... ok
2026-10-08T19:55:41.1770951Z test race::tests::race_effective_stat_halves_above_soft_cap ... ok
2026-10-08T19:55:41.1771645Z test rng::tests::matches_kotlin_seed_42_fixture ... ok
2026-10-08T19:55:41.1773450Z test rng::tests::raw_ints_match_kotlin ... ok
2026-10-08T19:55:41.1774492Z test scoring::terminal_utility::tests::evaluate_produces_nonzero_u ... ok
2026-10-08T19:55:41.1775432Z test scoring::terminal_utility::tests::phi_matches_condor_allocations ... ok
2026-10-08T19:55:41.1776079Z test scoring::terminal_utility::tests::skill_shop_converts_sp ... ok
2026-10-08T19:55:41.1826095Z test policy_external::tests::dead_policy_child_is_reaped_and_respawned ... ok
2026-10-08T19:55:41.1919898Z test race::tests::physics_debut_with_weak_stats_does_not_always_place_first ... ok
2026-10-08T19:55:41.9879857Z test policy_external::tests::wedged_policy_server_times_out_loudly_and_respawns ... ok
2026-10-08T19:55:41.9880643Z 
2026-10-08T19:55:41.9883304Z test result: ok. 46 passed; 0 failed; 0 ignored; 0 measured; 0 filtered out; finished in 2.62s
2026-10-08T19:55:41.9883605Z 
2026-10-08T19:55:41.9916053Z [1m[92m     Running[0m unittests src/bin/uma-sim.rs (target/debug/deps/uma_sim-c6ee01c3064dc43f)
2026-10-08T19:55:41.9924179Z 
2026-10-08T19:55:41.9924292Z running 0 tests
2026-10-08T19:55:41.9924480Z 
2026-10-08T19:55:41.9924709Z test result: ok. 0 passed; 0 failed; 0 ignored; 0 measured; 0 filtered out; finished in 0.00s
2026-10-08T19:55:41.9924973Z 
2026-10-08T19:55:41.9926409Z [1m[92m     Running[0m unittests src/bin/uma-sim-api.rs (target/debug/deps/uma_sim_api-af58dc6de920f48f)
2026-10-08T19:55:41.9933992Z 
2026-10-08T19:55:41.9934137Z running 0 tests
2026-10-08T19:55:41.9934306Z 
2026-10-08T19:55:41.9934607Z test result: ok. 0 passed; 0 failed; 0 ignored; 0 measured; 0 filtered out; finished in 0.00s
2026-10-08T19:55:41.9935029Z 
2026-10-08T19:55:41.9936070Z [1m[92m     Running[0m tests/api_body_admission.rs (target/debug/deps/api_body_admission-8e32d5dda1eafa35)
2026-10-08T19:55:41.9943551Z 
2026-10-08T19:55:41.9943683Z running 5 tests
2026-10-08T19:55:42.5005107Z test nonobject_json_is_not_an_empty_command ... ok
2026-10-08T19:55:42.5104639Z test invalid_utf8_is_rejected_before_start_and_auto ... ok
2026-10-08T19:55:42.5349194Z test malformed_json_is_rejected_before_every_post_handler ... ok
2026-10-08T19:55:42.5716914Z test empty_bodies_and_valid_objects_keep_existing_defaults ... ok
2026-10-08T19:55:42.7980837Z test unsupported_routes_and_preflight_keep_their_status ... ok
2026-10-08T19:55:42.7981245Z 
2026-10-08T19:55:42.7981532Z test result: ok. 5 passed; 0 failed; 0 ignored; 0 measured; 0 filtered out; finished in 0.80s
2026-10-08T19:55:42.7981907Z 
2026-10-08T19:55:42.7983225Z [1m[92m     Running[0m tests/batch_output_failures.rs (target/debug/deps/batch_output_failures-0383987cbbdb2899)
2026-10-08T19:55:42.7992994Z 
2026-10-08T19:55:42.7993110Z running 3 tests
2026-10-08T19:55:42.8014282Z test batch_output_open_failure_is_nonzero_and_preserves_existing_directory ... ok
2026-10-08T19:55:43.6254654Z test batch_success_writes_every_requested_career_and_returns_zero ... ok
2026-10-08T19:55:44.2990634Z test batch_midstream_write_failure_is_nonzero_and_retains_the_written_prefix ... ok
2026-10-08T19:55:44.2991109Z 
2026-10-08T19:55:44.2991428Z test result: ok. 3 passed; 0 failed; 0 ignored; 0 measured; 0 filtered out; finished in 1.50s
2026-10-08T19:55:44.2991795Z 
2026-10-08T19:55:44.2993249Z [1m[92m     Running[0m tests/bond_gain_config.rs (target/debug/deps/bond_gain_config-be83ec7bdac84427)
2026-10-08T19:55:44.3002960Z 
2026-10-08T19:55:44.3005261Z running 2 tests
2026-10-08T19:55:44.3005633Z test training_increases_bond_on_facility_cards ... ok
2026-10-08T19:55:44.3006142Z test rainbow_count_requires_bond_on_specialty ... ok
2026-10-08T19:55:44.3006424Z 
2026-10-08T19:55:44.3006706Z test result: ok. 2 passed; 0 failed; 0 ignored; 0 measured; 0 filtered out; finished in 0.00s
2026-10-08T19:55:44.3007103Z 
2026-10-08T19:55:44.3007416Z [1m[92m     Running[0m tests/bot_parity.rs (target/debug/deps/bot_parity-15fb69031a49da40)
2026-10-08T19:55:44.3018310Z 
2026-10-08T19:55:44.3018439Z running 6 tests
2026-10-08T19:55:44.3020840Z test external_policy_all_scenarios ... ok
2026-10-08T19:55:44.3021334Z test event_low_energy_prefers_energy_option ... ok
2026-10-08T19:55:44.3021814Z test external_policy_drives_career_self_consistent ... ok
2026-10-08T19:55:44.3028683Z test inheritance_event_at_turn_13 ... ok
2026-10-08T19:55:44.3029372Z test training_picks_speed_when_prioritized ... ok
2026-10-08T19:55:44.3158284Z test lesson_scoring_prefers_song_near_concert_when_hype_not_ready ... ok
2026-10-08T19:55:44.3158673Z 
2026-10-08T19:55:44.3158982Z test result: ok. 6 passed; 0 failed; 0 ignored; 0 measured; 0 filtered out; finished in 0.01s
2026-10-08T19:55:44.3159423Z 
2026-10-08T19:55:44.3161045Z [1m[92m     Running[0m tests/career_lab.rs (target/debug/deps/career_lab-8b99d504b4521411)
2026-10-08T19:55:44.3172475Z 
2026-10-08T19:55:44.3172595Z running 14 tests
2026-10-08T19:55:44.8426593Z test branch_run_is_deterministic ... ok
2026-10-08T19:55:44.9530923Z test branch_store_round_trip ... ok
2026-10-08T19:55:44.9798982Z test checkpoint_restore_reproduces_state_and_rng ... ok
2026-10-08T19:55:45.5949711Z test comparison_report_renders ... ok
2026-10-08T19:55:45.8234021Z test divergence_detected_on_first_decision_difference ... ok
2026-10-08T19:55:45.8828833Z test event_and_mandatory_race_checkpoints_all_scenarios ... ok
2026-10-08T19:55:46.0028567Z test identical_branches_have_no_divergence ... ok
2026-10-08T19:55:46.0029189Z test rng_state_words_restore_is_exact ... ok
2026-10-08T19:55:46.0116975Z test import_failure_preserves_last_good ... ok
2026-10-08T19:55:46.0195750Z test library_name_rules_and_overwrite_protection ... ok
2026-10-08T19:55:46.0198193Z test stale_tmp_files_are_swept ... ok
2026-10-08T19:55:46.0320967Z test library_round_trip ... ok
2026-10-08T19:55:46.2633743Z test sibling_branch_cannot_mutate_checkpoint_or_sibling ... ok
2026-10-08T19:55:46.2695617Z test snapshot_carries_rng_state_words ... ok
2026-10-08T19:55:46.2695852Z 
2026-10-08T19:55:46.2696127Z test result: ok. 14 passed; 0 failed; 0 ignored; 0 measured; 0 filtered out; finished in 1.95s
2026-10-08T19:55:46.2696403Z 
2026-10-08T19:55:46.2717426Z [1m[92m     Running[0m tests/career_lab_branch_publication.rs (target/debug/deps/career_lab_branch_publication-3720c9fed994df86)
2026-10-08T19:55:46.2727128Z 
2026-10-08T19:55:46.2727251Z running 6 tests
2026-10-08T19:55:46.2828561Z test dangling_destination_is_an_existing_identity_and_is_preserved ... ok
2026-10-08T19:55:46.2840852Z test changed_payload_cannot_replace_an_acknowledged_identity ... ok
2026-10-08T19:55:46.2841780Z test subprocess_branch_store_worker ... ignored, invoked only by the bounded independent-process receiver
2026-10-08T19:55:46.2851931Z test identical_payload_repeated_save_is_still_a_creation_conflict ... ok
2026-10-08T19:55:46.2858770Z test distinct_results_reopen_without_changing_checkpoint_session_or_sibling ... ok
2026-10-08T19:55:46.2879729Z test competing_processes_acknowledge_exactly_one_complete_result ... ok
2026-10-08T19:55:46.2880132Z 
2026-10-08T19:55:46.2880480Z test result: ok. 5 passed; 0 failed; 1 ignored; 0 measured; 0 filtered out; finished in 0.02s
2026-10-08T19:55:46.2881972Z 
2026-10-08T19:55:46.2882899Z [1m[92m     Running[0m tests/career_lab_divergence.rs (target/debug/deps/career_lab_divergence-ceda4417a2f326da)
2026-10-08T19:55:46.2890146Z 
2026-10-08T19:55:46.2890261Z running 6 tests
2026-10-08T19:55:46.2905013Z test an_empty_branch_ended_after_zero_recorded_steps_in_either_position ... ok
2026-10-08T19:55:46.2921482Z test earlier_decision_or_outcome_remains_first_when_a_branch_later_ends ... ok
2026-10-08T19:55:46.2925982Z test ending_uses_the_recorded_timeline_even_if_summary_counts_are_stale ... ok
2026-10-08T19:55:46.2926797Z test b_ended_note_counts_b_recorded_steps_when_a_continues ... ok
2026-10-08T19:55:46.2927570Z test a_ended_note_counts_a_recorded_steps_when_b_continues ... ok
2026-10-08T19:55:46.2928268Z test equal_length_timelines_keep_existing_divergence_behavior ... ok
2026-10-08T19:55:46.2928889Z 
2026-10-08T19:55:46.2929090Z test result: ok. 6 passed; 0 failed; 0 ignored; 0 measured; 0 filtered out; finished in 0.00s
2026-10-08T19:55:46.2929526Z 
2026-10-08T19:55:46.2930258Z [1m[92m     Running[0m tests/career_lab_reports.rs (target/debug/deps/career_lab_reports-0774675e3ea13d9b)
2026-10-08T19:55:46.2938988Z 
2026-10-08T19:55:46.2939174Z running 9 tests
2026-10-08T19:55:46.2988675Z test changed_numeric_input_and_absent_divergence_are_rendered_from_the_comparison ... ok
2026-10-08T19:55:46.3048401Z test branch_names_remain_literal_and_cannot_split_outcome_columns ... ok
2026-10-08T19:55:46.3198428Z test every_displayed_field_preserves_punctuation_and_entity_text ... ok
2026-10-08T19:55:46.3219099Z test ordinary_reports_keep_numeric_columns_and_timeline_meaning ... ok
2026-10-08T19:55:46.3220332Z test rendering_does_not_rewrite_source_data_or_json_report ... ok
2026-10-08T19:55:46.3221119Z test the_report_uses_display_labels_without_substituting_hidden_identifiers ... ok
2026-10-08T19:55:46.3240371Z test every_displayed_field_keeps_line_breaks_out_of_report_structure ... ok
2026-10-08T19:55:46.3252381Z test every_displayed_field_prevents_raw_html_elements ... ok
2026-10-08T19:55:46.3344034Z test inline_code_fields_keep_backtick_runs_entities_and_significant_padding ... ok
2026-10-08T19:55:46.3344460Z 
2026-10-08T19:55:46.3344786Z test result: ok. 9 passed; 0 failed; 0 ignored; 0 measured; 0 filtered out; finished in 0.04s
2026-10-08T19:55:46.3352306Z 
2026-10-08T19:55:46.3353075Z [1m[92m     Running[0m tests/career_library_replacement.rs (target/debug/deps/career_library_replacement-de3a34823e95a6d1)
2026-10-08T19:55:46.3358840Z 
2026-10-08T19:55:46.3358965Z running 6 tests
2026-10-08T19:55:46.6187177Z test failed_import_overwrite_preserves_an_existing_checkpoint ... ok
2026-10-08T19:55:46.6194063Z test a_failed_new_save_does_not_create_a_visible_partial_checkpoint ... ok
2026-10-08T19:55:46.6232733Z test failed_overwrite_restores_the_complete_previous_checkpoint ... ok
2026-10-08T19:55:46.6241045Z test no_overwrite_preserves_orphan_snapshot_bytes ... ok
2026-10-08T19:55:46.6270494Z test snapshot_staging_failure_preserves_the_old_pair_and_cleans_its_backup ... ok
2026-10-08T19:55:46.6305464Z test successful_overwrite_replaces_state_and_metadata_without_recovery_files ... ok
2026-10-08T19:55:46.6305891Z 
2026-10-08T19:55:46.6306183Z test result: ok. 6 passed; 0 failed; 0 ignored; 0 measured; 0 filtered out; finished in 0.29s
2026-10-08T19:55:46.6306572Z 
2026-10-08T19:55:46.6325299Z [1m[92m     Running[0m tests/cli_policy.rs (target/debug/deps/cli_policy-79d863b08e07da3a)
2026-10-08T19:55:46.6334538Z 
2026-10-08T19:55:46.6334666Z running 2 tests
2026-10-08T19:55:46.9076760Z test cli_policy_external_missing_cmd_names_env ... ok
2026-10-08T19:55:47.1246046Z test cli_policy_unknown_runs_default ... ok
2026-10-08T19:55:47.1246449Z 
2026-10-08T19:55:47.1246715Z test result: ok. 2 passed; 0 failed; 0 ignored; 0 measured; 0 filtered out; finished in 0.49s
2026-10-08T19:55:47.1246986Z 
2026-10-08T19:55:47.1248219Z [1m[92m     Running[0m tests/cli_seed_admission.rs (target/debug/deps/cli_seed_admission-3f425ddb33201893)
2026-10-08T19:55:47.1258374Z 
2026-10-08T19:55:47.1258487Z running 15 tests
2026-10-08T19:55:47.5558750Z test last_valid_duplicate_seed_still_wins ... ok
2026-10-08T19:55:47.5617509Z test fractional_seed_preserves_existing_career ... ok
2026-10-08T19:55:47.5626178Z test empty_seed_preserves_existing_career ... ok
2026-10-08T19:55:47.9788726Z test malformed_batch_preserves_output_before_zero_career_run ... ok
2026-10-08T19:55:47.9818243Z test malformed_seed_does_not_create_a_first_career ... ok
2026-10-08T19:55:47.9930402Z test malformed_seed_after_valid_duplicate_is_refused ... ok
2026-10-08T19:55:47.9962962Z test malformed_seed_before_valid_duplicate_is_refused ... ok
2026-10-08T19:55:48.0104168Z test explicit_seed_list_still_overrides_valid_seed_and_count ... ok
2026-10-08T19:55:48.4128838Z test malformed_seed_is_refused_even_when_explicit_list_would_override_it ... ok
2026-10-08T19:55:48.4238260Z test omitted_seed_still_starts_seed_42 ... ok
2026-10-08T19:55:48.4288463Z test malformed_start_preserves_existing_career ... ok
2026-10-08T19:55:48.4338800Z test signed_i64_boundaries_are_admitted_without_running_a_career ... ok
2026-10-08T19:55:48.4394073Z test seed_above_i64_max_preserves_existing_career ... ok
2026-10-08T19:55:48.7046131Z test seed_below_i64_min_preserves_existing_career ... ok
2026-10-08T19:55:49.2596696Z test valid_signed_seeds_are_saved_exactly ... ok
2026-10-08T19:55:49.2596938Z 
2026-10-08T19:55:49.2597193Z test result: ok. 15 passed; 0 failed; 0 ignored; 0 measured; 0 filtered out; finished in 2.13s
2026-10-08T19:55:49.2597476Z 
2026-10-08T19:55:49.2599684Z [1m[92m     Running[0m tests/content_pack_loader.rs (target/debug/deps/content_pack_loader-cf08ec1d928e49d3)
2026-10-08T19:55:49.2609444Z 
2026-10-08T19:55:49.2609569Z running 1 test
2026-10-08T19:55:49.2612436Z test example_pack_has_events ... ok
2026-10-08T19:55:49.2612700Z 
2026-10-08T19:55:49.2612917Z test result: ok. 1 passed; 0 failed; 0 ignored; 0 measured; 0 filtered out; finished in 0.00s
2026-10-08T19:55:49.2613185Z 
2026-10-08T19:55:49.2614437Z [1m[92m     Running[0m tests/deck_placement.rs (target/debug/deps/deck_placement-412e471d0122826c)
2026-10-08T19:55:49.2624447Z 
2026-10-08T19:55:49.2624560Z running 7 tests
2026-10-08T19:55:49.2630013Z test assigns_cards_to_specialty_facilities ... ok
2026-10-08T19:55:49.2630469Z test deck_increases_training_gain_vs_empty_deck ... ok
2026-10-08T19:55:49.2630901Z test deck_spec_parses_manual_placement ... ok
2026-10-08T19:55:49.2633002Z test grand_live_scenario_links_only_on_trained_facility ... ok
2026-10-08T19:55:49.2633446Z test runtime_reassign_moves_card ... ok
2026-10-08T19:55:49.2633854Z test manual_placement_stacks_cards_on_facility ... ok
2026-10-08T19:55:49.2636909Z test training_gain_uses_only_cards_on_facility ... ok
2026-10-08T19:55:49.2637183Z 
2026-10-08T19:55:49.2637489Z test result: ok. 7 passed; 0 failed; 0 ignored; 0 measured; 0 filtered out; finished in 0.00s
2026-10-08T19:55:49.2638018Z 
2026-10-08T19:55:49.2638395Z [1m[92m     Running[0m tests/deck_support_bridge.rs (target/debug/deps/deck_support_bridge-eedd0eb3ae8938f4)
2026-10-08T19:55:49.2644987Z 
2026-10-08T19:55:49.2645107Z running 1 test
2026-10-08T19:55:49.2649203Z test deck_increases_training_gain_vs_empty_deck ... ok
2026-10-08T19:55:49.2649447Z 
2026-10-08T19:55:49.2649673Z test result: ok. 1 passed; 0 failed; 0 ignored; 0 measured; 0 filtered out; finished in 0.00s
2026-10-08T19:55:49.2649938Z 
2026-10-08T19:55:49.2651456Z [1m[92m     Running[0m tests/event_effect_applier.rs (target/debug/deps/event_effect_applier-516f1334a2eb08cb)
2026-10-08T19:55:49.2660143Z 
2026-10-08T19:55:49.2660268Z running 2 tests
2026-10-08T19:55:49.2798848Z test applies_stat_and_energy ... ok
2026-10-08T19:55:49.2813002Z test applies_skill_points_and_hints ... ok
2026-10-08T19:55:49.2813285Z 
2026-10-08T19:55:49.2813603Z test result: ok. 2 passed; 0 failed; 0 ignored; 0 measured; 0 filtered out; finished in 0.02s
2026-10-08T19:55:49.2814032Z 
2026-10-08T19:55:49.2816792Z [1m[92m     Running[0m tests/event_pool_gating.rs (target/debug/deps/event_pool_gating-78b517e910c38910)
2026-10-08T19:55:49.2824661Z 
2026-10-08T19:55:49.2824791Z running 4 tests
2026-10-08T19:55:49.2828266Z test scenario_events_match_active_scenario_only ... ok
2026-10-08T19:55:49.2829393Z test scenario_owner_maps_engine_ids ... ok
2026-10-08T19:55:49.2829997Z test support_events_require_deck_membership ... ok
2026-10-08T19:55:49.3863197Z test file_catalog_ura_pool_excludes_other_scenarios_and_undecked_supports ... ok
2026-10-08T19:55:49.3863640Z 
2026-10-08T19:55:49.3863939Z test result: ok. 4 passed; 0 failed; 0 ignored; 0 measured; 0 filtered out; finished in 0.10s
2026-10-08T19:55:49.3864209Z 
2026-10-08T19:55:49.3865390Z [1m[92m     Running[0m tests/event_probability_config.rs (target/debug/deps/event_probability_config-7b11d3a367a0b4e3)
2026-10-08T19:55:49.3875657Z 
2026-10-08T19:55:49.3875786Z running 3 tests
2026-10-08T19:55:49.3878652Z test deck_raises_event_chance ... ok
2026-10-08T19:55:49.3878948Z test energy_variance_picks_from_outcomes ... ok
2026-10-08T19:55:49.3879246Z test matches_energy_variance_pattern ... ok
2026-10-08T19:55:49.3879430Z 
2026-10-08T19:55:49.3879737Z test result: ok. 3 passed; 0 failed; 0 ignored; 0 measured; 0 filtered out; finished in 0.00s
2026-10-08T19:55:49.3880172Z 
2026-10-08T19:55:49.3880730Z [1m[92m     Running[0m tests/facility_level_config.rs (target/debug/deps/facility_level_config-2f9958e3e56de64e)
2026-10-08T19:55:49.3888366Z 
2026-10-08T19:55:49.3888539Z running 3 tests
2026-10-08T19:55:49.3890971Z test level_rises_every_four_trains ... ok
2026-10-08T19:55:49.3891345Z test ura_uses_train_count_leveling_unity_does_not ... ok
2026-10-08T19:55:49.3891732Z test successful_train_increments_level_after_fourth_use ... ok
2026-10-08T19:55:49.3892202Z 
2026-10-08T19:55:49.3892655Z test result: ok. 3 passed; 0 failed; 0 ignored; 0 measured; 0 filtered out; finished in 0.00s
2026-10-08T19:55:49.3893569Z [1m[92m     Running[0m tests/golden_seed.rs (target/debug/deps/golden_seed-26d67a9a015bebb8)
2026-10-08T19:55:49.3893901Z 
2026-10-08T19:55:49.3903893Z 
2026-10-08T19:55:49.3904035Z running 3 tests
2026-10-08T19:55:49.6138600Z test golden_seed_42_ura ... ok
2026-10-08T19:56:01.6187872Z test fixture_file_matches_engine ... ok
2026-10-08T19:56:12.5252078Z test all_fifty_seeds_reproducible ... ok
2026-10-08T19:56:12.5252369Z 
2026-10-08T19:56:12.5252765Z test result: ok. 3 passed; 0 failed; 0 ignored; 0 measured; 0 filtered out; finished in 23.13s
2026-10-08T19:56:12.5253222Z 
2026-10-08T19:56:12.5260953Z [1m[92m     Running[0m tests/golden_seeds.rs (target/debug/deps/golden_seeds-44659c3cedf7ebd3)
2026-10-08T19:56:12.5273729Z 
2026-10-08T19:56:12.5273853Z running 3 tests
2026-10-08T19:56:12.7225799Z test kotlin_golden_fixture_seed_42_ura ... ok
2026-10-08T19:56:12.7522615Z test seed_42_ura_reproducible ... ok
2026-10-08T19:56:24.1229181Z test all_kotlin_golden_summaries ... ok
2026-10-08T19:56:24.1229513Z 
2026-10-08T19:56:24.1229796Z test result: ok. 3 passed; 0 failed; 0 ignored; 0 measured; 0 filtered out; finished in 11.60s
2026-10-08T19:56:24.1230180Z 
2026-10-08T19:56:24.1236622Z [1m[92m     Running[0m tests/grand_live_bot_replay.rs (target/debug/deps/grand_live_bot_replay-962da15d3a66b9f5)
2026-10-08T19:56:24.1248997Z 
2026-10-08T19:56:24.1249230Z running 2 tests
2026-10-08T19:56:24.1252682Z test gl_token_totals_wired_into_decision_context ... ok
2026-10-08T19:56:24.1400258Z test gl_replay_fixtures_match_at_least_95_percent ... ok
2026-10-08T19:56:24.1400492Z 
2026-10-08T19:56:24.1400702Z test result: ok. 2 passed; 0 failed; 0 ignored; 0 measured; 0 filtered out; finished in 0.02s
2026-10-08T19:56:24.1400968Z 
2026-10-08T19:56:24.1403389Z [1m[92m     Running[0m tests/grand_live_calibration_loader.rs (target/debug/deps/grand_live_calibration_loader-be59d50ae4794352)
2026-10-08T19:56:24.1411977Z 
2026-10-08T19:56:24.1412199Z running 4 tests
2026-10-08T19:56:24.1416788Z test calibration_row_totals_documented ... ok
2026-10-08T19:56:24.1419230Z test deck_size_specific_row_preferred ... ok
2026-10-08T19:56:24.1421868Z test load_from_path ... ok
2026-10-08T19:56:24.1424295Z test loads_calibration_from_repo ... ok
2026-10-08T19:56:24.1424543Z 
2026-10-08T19:56:24.1424862Z test result: ok. 4 passed; 0 failed; 0 ignored; 0 measured; 0 filtered out; finished in 0.00s
2026-10-08T19:56:24.1425251Z 
2026-10-08T19:56:24.1426440Z [1m[92m     Running[0m tests/grand_live_catalog_loader.rs (target/debug/deps/grand_live_catalog_loader-ebba63bcb4ab2857)
2026-10-08T19:56:24.1433905Z 
2026-10-08T19:56:24.1434022Z running 1 test
2026-10-08T19:56:24.1494261Z test loads_songs_from_knowledge_base ... ok
2026-10-08T19:56:24.1494547Z 
2026-10-08T19:56:24.1494752Z test result: ok. 1 passed; 0 failed; 0 ignored; 0 measured; 0 filtered out; finished in 0.01s
2026-10-08T19:56:24.1495031Z 
2026-10-08T19:56:24.1497656Z [1m[92m     Running[0m tests/grand_live_formula_calibration.rs (target/debug/deps/grand_live_formula_calibration-34df03460eb2cb23)
2026-10-08T19:56:24.1504715Z 
2026-10-08T19:56:24.1504819Z running 4 tests
2026-10-08T19:56:24.1508220Z test calibration_rows_match_uma_guide_formula_total ... ok
2026-10-08T19:56:24.1508682Z test inheritance_choice_applies_skills ... ok
2026-10-08T19:56:24.1509112Z test skill_factors_become_inherited_skills ... ok
2026-10-08T19:56:24.1509498Z test split_sums_to_formula_total ... ok
2026-10-08T19:56:24.1509716Z 
2026-10-08T19:56:24.1510008Z test result: ok. 4 passed; 0 failed; 0 ignored; 0 measured; 0 filtered out; finished in 0.00s
2026-10-08T19:56:24.1510413Z 
2026-10-08T19:56:24.1512847Z [1m[92m     Running[0m tests/grand_live_l1_training.rs (target/debug/deps/grand_live_l1_training-df60fd29519aee79)
2026-10-08T19:56:24.1518379Z 
2026-10-08T19:56:24.1518556Z running 3 tests
2026-10-08T19:56:24.1522344Z test ura_l1_unchanged_by_gl_override ... ok
2026-10-08T19:56:24.1522673Z test grand_concert_l1_wit_recovers_energy ... ok
2026-10-08T19:56:24.1522984Z test grand_concert_l1_speed_matches_gametora_base ... ok
2026-10-08T19:56:24.1523200Z 
2026-10-08T19:56:24.1523401Z test result: ok. 3 passed; 0 failed; 0 ignored; 0 measured; 0 filtered out; finished in 0.00s
2026-10-08T19:56:24.1523700Z 
2026-10-08T19:56:24.1524831Z [1m[92m     Running[0m tests/grand_live_r7.rs (target/debug/deps/grand_live_r7-90b86100e9166009)
2026-10-08T19:56:24.1533951Z 
2026-10-08T19:56:24.1534074Z running 18 tests
2026-10-08T19:56:24.1539211Z test concert_outcome_great_success_normal_and_failure ... ok
2026-10-08T19:56:24.1541606Z test blocked_performance_types_zero_token_gains ... ok
2026-10-08T19:56:24.1542149Z test concert_failure_on_race_loss ... ok
2026-10-08T19:56:24.1544120Z test concert_outcome_respects_race_result_flag ... ok
2026-10-08T19:56:24.1544917Z test closer_together_fires_at_senior_nov_with_16_songs ... ok
2026-10-08T19:56:24.1545656Z test consolation_unique_path_sets_power ... ok
2026-10-08T19:56:24.1546356Z test lesson_board_includes_unaffordable_and_song_when_unlocked ... ok
2026-10-08T19:56:24.1547080Z test fan_scaled_unique_skill_power_multiply_fan_count ... ok
2026-10-08T19:56:24.1547886Z test live_type_and_result_state_packet_mapping ... ok
2026-10-08T19:56:24.1548604Z test lesson_board_three_slots_documents_next_square_approximation ... ok
2026-10-08T19:56:24.1549272Z test member_ready_count_tracks_deck_size ... ok
2026-10-08T19:56:24.1549686Z test normal_concert_path_without_great_success ... ok
2026-10-08T19:56:24.1554405Z test reserve_square_id_prefers_board_slot ... ok
2026-10-08T19:56:24.1555080Z test dating_light_hello_event_can_fire_and_unlocks_pal_date ... ok
2026-10-08T19:56:24.1578510Z test specialty_bonus_biases_roll_toward_specialty_facility ... ok
2026-10-08T19:56:24.1625067Z test song_mastery_train_bonuses_apply_on_purchase ... ok
2026-10-08T19:56:24.1642743Z test technique_pivot_skips_forced_song_slot_at_21_songs ... ok
2026-10-08T19:56:24.1643362Z test technique_tiers_gate_advanced_lessons_until_later_concerts ... ok
2026-10-08T19:56:24.1643717Z 
2026-10-08T19:56:24.1644037Z test result: ok. 18 passed; 0 failed; 0 ignored; 0 measured; 0 filtered out; finished in 0.01s
2026-10-08T19:56:24.1644502Z 
2026-10-08T19:56:24.1646505Z [1m[92m     Running[0m tests/grand_live_simulation.rs (target/debug/deps/grand_live_simulation-9b0da865c810dcd1)
2026-10-08T19:56:24.1657832Z 
2026-10-08T19:56:24.1657953Z running 24 tests
2026-10-08T19:56:24.1661968Z test all_six_concert_turns_mapped ... ok
2026-10-08T19:56:24.1662599Z test days_to_concert_matches_scoring_shared ... ok
2026-10-08T19:56:24.1663234Z test cycle_max_blocks_song_when_full ... ok
2026-10-08T19:56:24.1663709Z test debut_grants_no_tokens_make_debut_song_already_granted ... ok
2026-10-08T19:56:24.1664210Z test debut_race_preserves_make_debut_cycle_hype ... ok
2026-10-08T19:56:24.1664693Z test career_starts_without_make_debut_until_grant_turn ... ok
2026-10-08T19:56:24.1665215Z test friendship_bonus_increases_training_multiplier ... ok
2026-10-08T19:56:24.1668875Z test is_hype_maxed_when_cycle_meets_required ... ok
2026-10-08T19:56:24.1669669Z test friendship_training_biases_secondary_to_least_owned ... ok
2026-10-08T19:56:24.1670166Z test great_success_grand_concert_with_18_songs ... ok
2026-10-08T19:56:24.1671826Z test lesson_board_has_at_most_three_slots ... ok
2026-10-08T19:56:24.1672260Z test light_hello_grants_least_owned_on_proc ... ok
2026-10-08T19:56:24.1676284Z test make_debut_song_grants_all_performance_tokens ... ok
2026-10-08T19:56:24.1677051Z test part_four_songs_unlock_in_senior_dec_late ... ok
2026-10-08T19:56:24.1677899Z test promo_concert_grants_stats_sp_and_raises_perf_cap ... ok
2026-10-08T19:56:24.1678494Z test performance_tokens_cap_at_200 ... ok
2026-10-08T19:56:24.1678884Z test scenario_links_increase_formula_total ... ok
2026-10-08T19:56:24.1679280Z test soft_cap_halves_gains_above_1200 ... ok
2026-10-08T19:56:24.1679829Z test promo_concert_mandatory_at_turn_24 ... ok
2026-10-08T19:56:24.1680239Z test song_purchase_increments_cycle_hype ... ok
2026-10-08T19:56:24.1680656Z test training_applies_603010_token_split ... ok
2026-10-08T19:56:24.1681045Z test uma_guide_performance_formula ... ok
2026-10-08T19:56:24.1681426Z test technique_gate_blocks_song_purchase ... ok
2026-10-08T19:56:24.6228589Z test full_career_completes_with_engine ... ok
2026-10-08T19:56:24.6228920Z 
2026-10-08T19:56:24.6229224Z test result: ok. 24 passed; 0 failed; 0 ignored; 0 measured; 0 filtered out; finished in 0.46s
2026-10-08T19:56:24.6229617Z 
2026-10-08T19:56:24.6234775Z [1m[92m     Running[0m tests/grand_live_token_labels.rs (target/debug/deps/grand_live_token_labels-733e1af4fa910d75)
2026-10-08T19:56:24.6244361Z 
2026-10-08T19:56:24.6244480Z running 1 test
2026-10-08T19:56:24.6246816Z test facility_split_labels_match_gametora_condor ... ok
2026-10-08T19:56:24.6247145Z 
2026-10-08T19:56:24.6247463Z test result: ok. 1 passed; 0 failed; 0 ignored; 0 measured; 0 filtered out; finished in 0.00s
2026-10-08T19:56:24.6247999Z 
2026-10-08T19:56:24.6248711Z [1m[92m     Running[0m tests/hint_progression_config.rs (target/debug/deps/hint_progression_config-9f4ce874ea34ade3)
2026-10-08T19:56:24.6256060Z 
2026-10-08T19:56:24.6256195Z running 4 tests
2026-10-08T19:56:24.6259109Z test caps_at_max_level ... ok
2026-10-08T19:56:24.6259420Z test roll_bonus_within_range ... ok
2026-10-08T19:56:24.6260932Z test increments_below_max ... ok
2026-10-08T19:56:24.6261302Z test event_options_include_bonus ... ok
2026-10-08T19:56:24.6261545Z 
2026-10-08T19:56:24.6262082Z [1m[92m     Running[0m tests/knowledge_validate.rs (target/debug/deps/knowledge_validate-77befdfb09cb30c1)
2026-10-08T19:56:24.6262666Z test result: ok. 4 passed; 0 failed; 0 ignored; 0 measured; 0 filtered out; finished in 0.00s
2026-10-08T19:56:24.6262953Z 
2026-10-08T19:56:24.6269137Z 
2026-10-08T19:56:24.6269244Z running 1 test
2026-10-08T19:56:24.7409997Z test canonical_knowledge_base_passes_validate_script ... ok
2026-10-08T19:56:24.7410282Z 
2026-10-08T19:56:24.7410496Z test result: ok. 1 passed; 0 failed; 0 ignored; 0 measured; 0 filtered out; finished in 0.11s
2026-10-08T19:56:24.7410778Z 
2026-10-08T19:56:24.7412105Z [1m[92m     Running[0m tests/legacy_applicator.rs (target/debug/deps/legacy_applicator-8e05a08efdecbfac)
2026-10-08T19:56:24.7425262Z 
2026-10-08T19:56:24.7425368Z running 10 tests
2026-10-08T19:56:24.7428065Z test blue_starting_bonuses_match_gametora_table ... ok
2026-10-08T19:56:24.7431222Z test effective_cap_raises_above_base ... ok
2026-10-08T19:56:24.7438417Z test inheritance_choice_1_boosts_spark_stats ... ok
2026-10-08T19:56:24.7438873Z test inheritance_choice_applies_skills ... ok
2026-10-08T19:56:24.7439267Z test pink_and_race_factors_tracked ... ok
2026-10-08T19:56:24.7439630Z test pink_preview_caps_at_a ... ok
2026-10-08T19:56:24.7440012Z test legacy_tree_preferred_over_flat_factors ... ok
2026-10-08T19:56:24.9669335Z test spark_run_differs_from_ace_run ... ok
2026-10-08T19:56:24.9669841Z test spark_caps_stack_per_star ... ok
2026-10-08T19:56:24.9670232Z test skill_factors_become_inherited_skills ... ok
2026-10-08T19:56:24.9670504Z 
2026-10-08T19:56:24.9671324Z test result: ok. 10 passed; 0 failed; 0 ignored; 0 measured; 0 filtered out; finished in 0.22s
2026-10-08T19:56:24.9671781Z 
2026-10-08T19:56:24.9674851Z [1m[92m     Running[0m tests/live_bot_telemetry.rs (target/debug/deps/live_bot_telemetry-496f02d78ff21496)
2026-10-08T19:56:24.9687207Z 
2026-10-08T19:56:24.9687325Z running 1 test
2026-10-08T19:56:24.9833819Z test live_bot_sample_match_rate ... ok
2026-10-08T19:56:24.9834089Z 
2026-10-08T19:56:24.9834391Z test result: ok. 1 passed; 0 failed; 0 ignored; 0 measured; 0 filtered out; finished in 0.01s
2026-10-08T19:56:24.9834759Z 
2026-10-08T19:56:24.9836570Z [1m[92m     Running[0m tests/live_telemetry_replay.rs (target/debug/deps/live_telemetry_replay-b24ad8477a0e6199)
2026-10-08T19:56:24.9847313Z 
2026-10-08T19:56:24.9847582Z running 1 test
2026-10-08T19:56:24.9998005Z test jsonl_replay_match_rate_at_least_90_percent ... ok
2026-10-08T19:56:24.9998236Z 
2026-10-08T19:56:24.9998460Z test result: ok. 1 passed; 0 failed; 0 ignored; 0 measured; 0 filtered out; finished in 0.02s
2026-10-08T19:56:24.9998737Z 
2026-10-08T19:56:25.0000740Z [1m[92m     Running[0m tests/mid_run_inspiration.rs (target/debug/deps/mid_run_inspiration-edb7e7f8c6217b83)
2026-10-08T19:56:25.0010986Z 
2026-10-08T19:56:25.0011112Z running 2 tests
2026-10-08T19:56:25.0013190Z test career_start_calendar_is_not_april_inspiration ... ok
2026-10-08T19:56:25.0015622Z test mid_run_inspiration_applies_blue_when_compat_guarantees_proc ... ok
2026-10-08T19:56:25.0016014Z 
2026-10-08T19:56:25.0016326Z test result: ok. 2 passed; 0 failed; 0 ignored; 0 measured; 0 filtered out; finished in 0.00s
2026-10-08T19:56:25.0016800Z 
2026-10-08T19:56:25.0018110Z [1m[92m     Running[0m tests/paired_batches.rs (target/debug/deps/paired_batches-0b2647a46b0df1b2)
2026-10-08T19:56:25.0026350Z 
2026-10-08T19:56:25.0026500Z running 7 tests
2026-10-08T19:56:25.0035063Z test incomplete_or_duplicate_cohorts_refuse_in_both_directions ... ok
2026-10-08T19:56:25.0036089Z test every_required_field_is_strict_and_late_bad_records_are_not_skipped ... ok
2026-10-08T19:56:25.0036753Z test odd_median_and_full_signed_integer_endpoints_are_exact ... ok
2026-10-08T19:56:25.0037344Z test string_limits_count_utf8_bytes_and_retain_literal_whitespace ... ok
2026-10-08T19:56:25.0038026Z test matches_complete_identities_instead_of_positions_or_seed_alone ... ok
2026-10-08T19:56:25.0038433Z test text_ranks_ten_largest_absolute_deltas_and_json_keeps_all_pairs ... ok
2026-10-08T19:56:25.8246010Z test reader_bounds_utf8_and_io_errors_are_reported ... ok
2026-10-08T19:56:25.8246404Z 
2026-10-08T19:56:25.8246672Z test result: ok. 7 passed; 0 failed; 0 ignored; 0 measured; 0 filtered out; finished in 0.82s
2026-10-08T19:56:25.8247035Z 
2026-10-08T19:56:25.8248879Z [1m[92m     Running[0m tests/paired_batches_cli.rs (target/debug/deps/paired_batches_cli-4d25892d9d2d4538)
2026-10-08T19:56:25.8259138Z 
2026-10-08T19:56:25.8259254Z running 5 tests
2026-10-08T19:56:25.8283466Z test help_is_available_without_files ... ok
2026-10-08T19:56:25.8303991Z test real_cli_reports_saved_records_without_session_or_simulator_configuration ... ok
2026-10-08T19:56:25.8317580Z test actual_unwritable_output_and_diagnostic_sinks_return_failure_without_panicking ... ok
2026-10-08T19:56:25.8330565Z test missing_late_invalid_and_unmatched_input_produce_no_primary_output ... ok
2026-10-08T19:56:25.8449063Z test unknown_duplicate_empty_and_missing_flags_refuse_before_input_access ... ok
2026-10-08T19:56:25.8449489Z 
2026-10-08T19:56:25.8449829Z test result: ok. 5 passed; 0 failed; 0 ignored; 0 measured; 0 filtered out; finished in 0.02s
2026-10-08T19:56:25.8451236Z [1m[92m     Running[0m tests/parity.rs (target/debug/deps/parity-a47619aa11e4bdba)
2026-10-08T19:56:25.8451622Z 
2026-10-08T19:56:25.8462038Z 
2026-10-08T19:56:25.8462181Z running 6 tests
2026-10-08T19:56:25.8465677Z test rng_seed_42_fixture_present ... ok
2026-10-08T19:56:25.8466081Z test parity_fixture_manifest_complete ... ok
2026-10-08T19:56:25.8714201Z test scoring_vectors_fixture_loads ... ok
2026-10-08T19:56:25.9165452Z test event_parse_vectors_fixture_loads ... ok
2026-10-08T19:56:25.9333314Z test all_rng_trace_fixtures_match_kotlin ... ok
2026-10-08T19:56:25.9684639Z test turn_traces_report_first_divergence ... ok
2026-10-08T19:56:25.9684854Z 
2026-10-08T19:56:25.9685061Z test result: ok. 6 passed; 0 failed; 0 ignored; 0 measured; 0 filtered out; finished in 0.12s
2026-10-08T19:56:25.9685337Z 
2026-10-08T19:56:25.9693095Z [1m[92m     Running[0m tests/perf.rs (target/debug/deps/perf-288f99fb6beb7aea)
2026-10-08T19:56:25.9705923Z 
2026-10-08T19:56:25.9706047Z running 2 tests
2026-10-08T19:56:26.1209677Z test full_career_under_3s_at_x100 ... ok
2026-10-08T19:56:26.1210081Z test full_career_under_10s_at_x20 ... ok
2026-10-08T19:56:26.1210303Z 
2026-10-08T19:56:26.1210583Z test result: ok. 2 passed; 0 failed; 0 ignored; 0 measured; 0 filtered out; finished in 0.15s
2026-10-08T19:56:26.1211382Z 
2026-10-08T19:56:26.1218436Z [1m[92m     Running[0m tests/product_readiness.rs (target/debug/deps/product_readiness-9ebaea476e1c2f9f)
2026-10-08T19:56:26.1231572Z 
2026-10-08T19:56:26.1231688Z running 7 tests
2026-10-08T19:56:26.6518734Z test four_scenarios_complete_72_turns ... ok
2026-10-08T19:56:26.6519316Z test golden_fixture_file_present ... ok
2026-10-08T19:56:26.6519789Z test speed_multiplier_clamps_1_to_100 ... ok
2026-10-08T19:56:26.6520260Z test telemetry_replay_resources_present ... ok
2026-10-08T19:56:26.9065119Z test deck_and_legacy_start_completes_career ... ok
2026-10-08T19:56:27.1756083Z test full_career_under_ten_seconds_at_x20 ... ok
2026-10-08T19:56:28.1519154Z test bot_policy_completes_all_four_scenarios ... ok
2026-10-08T19:56:28.1519413Z 
2026-10-08T19:56:28.1519628Z test result: ok. 7 passed; 0 failed; 0 ignored; 0 measured; 0 filtered out; finished in 2.03s
2026-10-08T19:56:28.1519890Z 
2026-10-08T19:56:28.1542727Z [1m[92m     Running[0m tests/race_npc_r86.rs (target/debug/deps/race_npc_r86-903587ad110c00fa)
2026-10-08T19:56:28.1553508Z 
2026-10-08T19:56:28.1553656Z running 1 test
2026-10-08T19:56:29.6259994Z test r86_npc_win_rates_ordered_vs_telemetry_prior ... ok
2026-10-08T19:56:29.6260245Z 
2026-10-08T19:56:29.6260449Z test result: ok. 1 passed; 0 failed; 0 ignored; 0 measured; 0 filtered out; finished in 1.47s
2026-10-08T19:56:29.6260718Z 
2026-10-08T19:56:29.6265823Z [1m[92m     Running[0m tests/race_outcomes.rs (target/debug/deps/race_outcomes-019a1e18c4b6e6a4)
2026-10-08T19:56:29.6275851Z 
2026-10-08T19:56:29.6275966Z running 3 tests
2026-10-08T19:56:29.6278453Z test g1_and_climax_wins_grant_stub_epithets ... ok
2026-10-08T19:56:29.6278925Z test mid_run_race_physics_documented_in_research ... ok
2026-10-08T19:56:29.6279372Z test place_and_show_fans_are_lower_than_win ... ok
2026-10-08T19:56:29.6279654Z 
2026-10-08T19:56:29.6280012Z test result: ok. 3 passed; 0 failed; 0 ignored; 0 measured; 0 filtered out; finished in 0.00s
2026-10-08T19:56:29.6280492Z 
2026-10-08T19:56:29.6281438Z [1m[92m     Running[0m tests/race_perf_r89.rs (target/debug/deps/race_perf_r89-b66ddbff0f943165)
2026-10-08T19:56:29.6292057Z 
2026-10-08T19:56:29.6292173Z running 2 tests
2026-10-08T19:56:29.7692444Z test physics_career_race_budget_under_250ms ... ok
2026-10-08T19:56:30.7824476Z test eighteen_horse_2000m_under_10ms_p50 ... ok
2026-10-08T19:56:30.7824784Z 
2026-10-08T19:56:30.7825067Z test result: ok. 2 passed; 0 failed; 0 ignored; 0 measured; 0 filtered out; finished in 1.15s
2026-10-08T19:56:30.7825465Z 
2026-10-08T19:56:30.7831477Z [1m[92m     Running[0m tests/race_physics_r87.rs (target/debug/deps/race_physics_r87-792eb495763192b6)
2026-10-08T19:56:30.7844921Z 
2026-10-08T19:56:30.7845039Z running 3 tests
2026-10-08T19:56:30.7851045Z test stub_default_debut_still_places_first ... ok
2026-10-08T19:56:30.8585997Z test physics_debut_race_returns_real_order_not_always_first ... ok
2026-10-08T19:56:30.9370612Z test physics_full_career_completes_with_varied_or_non_first_places ... ok
2026-10-08T19:56:30.9371011Z 
2026-10-08T19:56:30.9371719Z test result: ok. 3 passed; 0 failed; 0 ignored; 0 measured; 0 filtered out; finished in 0.15s
2026-10-08T19:56:30.9372097Z 
2026-10-08T19:56:30.9378466Z [1m[92m     Running[0m tests/race_scheduler.rs (target/debug/deps/race_scheduler-72c90596173a56c3)
2026-10-08T19:56:30.9388665Z 
2026-10-08T19:56:30.9388789Z running 4 tests
2026-10-08T19:56:30.9391723Z test skips_early_turns ... ok
2026-10-08T19:56:30.9392090Z test skips_non_free_phase ... ok
2026-10-08T19:56:30.9392431Z test skips_when_fans_high ... ok
2026-10-08T19:56:30.9392810Z test suggests_race_when_fans_low ... ok
2026-10-08T19:56:30.9393043Z 
2026-10-08T19:56:30.9393277Z test result: ok. 4 passed; 0 failed; 0 ignored; 0 measured; 0 filtered out; finished in 0.00s
2026-10-08T19:56:30.9393658Z 
2026-10-08T19:56:30.9394286Z [1m[92m     Running[0m tests/race_v4_dist.rs (target/debug/deps/race_v4_dist-948f119ece761ed6)
2026-10-08T19:56:30.9404735Z 
2026-10-08T19:56:30.9404856Z running 2 tests
2026-10-08T19:56:31.4041079Z test r86_v4_career_physics_logs_emit_place_and_margins ... ok
2026-10-08T19:56:31.9373763Z test r86_v4_place_margin_distribution_soft_gate ... ok
2026-10-08T19:56:31.9374004Z 
2026-10-08T19:56:31.9374219Z test result: ok. 2 passed; 0 failed; 0 ignored; 0 measured; 0 filtered out; finished in 1.00s
2026-10-08T19:56:31.9374490Z 
2026-10-08T19:56:31.9382149Z [1m[92m     Running[0m tests/rest_policy_external_stub.rs (target/debug/deps/rest_policy_external_stub-480ac7d9f4f5276f)
2026-10-08T19:56:31.9396042Z 
2026-10-08T19:56:31.9396178Z running 1 test
2026-10-08T19:56:32.2541219Z test policy_external_positive_path_with_stub ... ok
2026-10-08T19:56:32.2541571Z 
2026-10-08T19:56:32.2541944Z test result: ok. 1 passed; 0 failed; 0 ignored; 0 measured; 0 filtered out; finished in 0.31s
2026-10-08T19:56:32.2542304Z 
2026-10-08T19:56:32.2558318Z [1m[92m     Running[0m tests/scenario_depth.rs (target/debug/deps/scenario_depth-1119343b4c225ea1)
2026-10-08T19:56:32.2566705Z 
2026-10-08T19:56:32.2566850Z running 4 tests
2026-10-08T19:56:32.2571041Z test grand_concert_perfect_when_18_songs_and_great_success ... ok
2026-10-08T19:56:32.2571575Z test grand_concert_promo_mandatory_at_turn_36 ... ok
2026-10-08T19:56:32.2572028Z test unity_extreme_burst_consumes_ready_flag ... ok
2026-10-08T19:56:32.2572313Z test happy_meek_badge_rolls_on_turn_start ... ok
2026-10-08T19:56:32.2572493Z 
2026-10-08T19:56:32.2572748Z test result: ok. 4 passed; 0 failed; 0 ignored; 0 measured; 0 filtered out; finished in 0.00s
2026-10-08T19:56:32.2573172Z 
2026-10-08T19:56:32.2573614Z [1m[92m     Running[0m tests/sim_engine.rs (target/debug/deps/sim_engine-7df509cf75fe5345)
2026-10-08T19:56:32.2583616Z 
2026-10-08T19:56:32.2583726Z running 10 tests
2026-10-08T19:56:32.2588889Z test mandatory_debut_race_on_turn_1 ... ok
2026-10-08T19:56:32.3368547Z test grand_concert_earns_performance_tokens ... ok
2026-10-08T19:56:32.3521304Z test snapshot_round_trip_preserves_turn ... ok
2026-10-08T19:56:32.3522020Z test speed_clamped_to_100 ... ok
2026-10-08T19:56:32.3548569Z test event_choice_updates_stats ... ok
2026-10-08T19:56:32.3550155Z test training_uses_formula_gain ... ok
2026-10-08T19:56:32.3551012Z test turbo_suppresses_dialogue ... ok
2026-10-08T19:56:32.3671818Z test same_seed_same_outcome ... ok
2026-10-08T19:56:32.3730167Z test trackblazer_earns_coins_on_race ... ok
2026-10-08T19:56:32.4306116Z test completes_72_turn_career ... ok
2026-10-08T19:56:32.4306416Z 
2026-10-08T19:56:32.4306741Z test result: ok. 10 passed; 0 failed; 0 ignored; 0 measured; 0 filtered out; finished in 0.17s
2026-10-08T19:56:32.4307162Z 
2026-10-08T19:56:32.4313728Z [1m[92m     Running[0m tests/sim_telemetry_export.rs (target/debug/deps/sim_telemetry_export-85f711ca6de494fe)
2026-10-08T19:56:32.4326471Z 
2026-10-08T19:56:32.4326595Z running 2 tests
2026-10-08T19:56:32.5139448Z test export_jsonl_matches_android_turn_shape ... ok
2026-10-08T19:56:32.8540848Z test bot_run_produces_calibration_ready_training_records ... ok
2026-10-08T19:56:32.8541234Z 
2026-10-08T19:56:32.8541925Z test result: ok. 2 passed; 0 failed; 0 ignored; 0 measured; 0 filtered out; finished in 0.42s
2026-10-08T19:56:32.8542304Z 
2026-10-08T19:56:32.8548368Z [1m[92m     Running[0m tests/skill_catalog_display.rs (target/debug/deps/skill_catalog_display-890ce50352fb1817)
2026-10-08T19:56:32.8558366Z 
2026-10-08T19:56:32.8558548Z running 1 test
2026-10-08T19:56:32.8562721Z test display_projection_preserves_name_lookup_and_failed_load_semantics ... ok
2026-10-08T19:56:32.8563148Z 
2026-10-08T19:56:32.8563446Z test result: ok. 1 passed; 0 failed; 0 ignored; 0 measured; 0 filtered out; finished in 0.00s
2026-10-08T19:56:32.8563863Z 
2026-10-08T19:56:32.8564393Z [1m[92m     Running[0m tests/skill_hint_routing.rs (target/debug/deps/skill_hint_routing-18287bcf48fe9db6)
2026-10-08T19:56:32.8572138Z 
2026-10-08T19:56:32.8572272Z running 2 tests
2026-10-08T19:56:32.8817284Z test trainee_skills_event_loaded_for_special_week ... ok
2026-10-08T19:56:33.1122847Z test skill_catalog_resolves_hydrate_or_loads ... ok
2026-10-08T19:56:33.1123093Z 
2026-10-08T19:56:33.1123346Z test result: ok. 2 passed; 0 failed; 0 ignored; 0 measured; 0 filtered out; finished in 0.25s
2026-10-08T19:56:33.1123610Z 
2026-10-08T19:56:33.1140623Z [1m[92m     Running[0m tests/soft_cap.rs (target/debug/deps/soft_cap-917785d16b4a2e3a)
2026-10-08T19:56:33.1150305Z 
2026-10-08T19:56:33.1150424Z running 2 tests
2026-10-08T19:56:33.1152578Z test shared_multiplier_matches_scoring_shared ... ok
2026-10-08T19:56:33.1152992Z test spark_cap_raises_hard_cap_before_soft_cap_blend ... ok
2026-10-08T19:56:33.1153202Z 
2026-10-08T19:56:33.1153401Z test result: ok. 2 passed; 0 failed; 0 ignored; 0 measured; 0 filtered out; finished in 0.00s
2026-10-08T19:56:33.1153676Z 
2026-10-08T19:56:33.1154874Z [1m[92m     Running[0m tests/spark_generation.rs (target/debug/deps/spark_generation-68c36383b5336bda)
2026-10-08T19:56:33.1165593Z 
2026-10-08T19:56:33.1165722Z running 5 tests
2026-10-08T19:56:33.1168881Z test blue_bands_never_roll_3star_below_600 ... ok
2026-10-08T19:56:33.1169536Z test grade_quality_ue_can_roll_3star ... ok
2026-10-08T19:56:33.1170046Z test red_star_distribution_covers_1_2_3 ... ok
2026-10-08T19:56:33.4204174Z test completed_career_emits_blue_and_green_sparks ... ok
2026-10-08T19:56:33.4220083Z test spark_generation_does_not_change_career_rng_call_count ... ok
2026-10-08T19:56:33.4220341Z 
2026-10-08T19:56:33.4220546Z test result: ok. 5 passed; 0 failed; 0 ignored; 0 measured; 0 filtered out; finished in 0.31s
2026-10-08T19:56:33.4220815Z 
2026-10-08T19:56:33.4240915Z [1m[92m     Running[0m tests/support_catalog.rs (target/debug/deps/support_catalog-12bfdec8355b36ac)
2026-10-08T19:56:33.4251173Z 
2026-10-08T19:56:33.4251291Z running 1 test
2026-10-08T19:56:33.5210986Z test loads_special_week_from_kb_when_available ... ok
2026-10-08T19:56:33.5211319Z 
2026-10-08T19:56:33.5211610Z test result: ok. 1 passed; 0 failed; 0 ignored; 0 measured; 0 filtered out; finished in 0.10s
2026-10-08T19:56:33.5211965Z 
2026-10-08T19:56:33.5223723Z [1m[92m     Running[0m tests/telemetry_replay.rs (target/debug/deps/telemetry_replay-2a57734a7d2299fc)
2026-10-08T19:56:33.5235932Z 
2026-10-08T19:56:33.5236135Z running 2 tests
2026-10-08T19:56:33.5383122Z test event_fixtures_exact_match ... ok
2026-10-08T19:56:33.5386329Z test replay_fixtures_match_at_least_90_percent ... ok
2026-10-08T19:56:33.5386647Z 
2026-10-08T19:56:33.5386957Z test result: ok. 2 passed; 0 failed; 0 ignored; 0 measured; 0 filtered out; finished in 0.02s
2026-10-08T19:56:33.5387376Z 
2026-10-08T19:56:33.5389643Z [1m[92m     Running[0m tests/trainee_catalog.rs (target/debug/deps/trainee_catalog-1ed3c0a9294336c2)
2026-10-08T19:56:33.5397532Z 
2026-10-08T19:56:33.5397660Z running 3 tests
2026-10-08T19:56:33.5645099Z test loads_special_week_growth_from_kb ... ok
2026-10-08T19:56:33.5645559Z test list_all_excludes_staff_and_non_card_chars ... ok
2026-10-08T19:56:33.5648500Z test growth_pct_boosts_training_gain ... ok
2026-10-08T19:56:33.5648798Z 
2026-10-08T19:56:33.5649006Z test result: ok. 3 passed; 0 failed; 0 ignored; 0 measured; 0 filtered out; finished in 0.03s
2026-10-08T19:56:33.5649556Z 
2026-10-08T19:56:33.5653823Z [1m[92m     Running[0m tests/training_failure_config.rs (target/debug/deps/training_failure_config-e5dd3180913d3c89)
2026-10-08T19:56:33.5661854Z 
2026-10-08T19:56:33.5661976Z running 3 tests
2026-10-08T19:56:33.5664610Z test awful_mood_increases_failure ... ok
2026-10-08T19:56:33.5665004Z test low_energy_increases_failure ... ok
2026-10-08T19:56:33.5666587Z test rainbow_activates_friendship_for_all_cards_on_facility ... ok
2026-10-08T19:56:33.5666949Z 
2026-10-08T19:56:33.5667258Z test result: ok. 3 passed; 0 failed; 0 ignored; 0 measured; 0 filtered out; finished in 0.00s
2026-10-08T19:56:33.5667837Z 
2026-10-08T19:56:33.5668906Z [1m[92m     Running[0m tests/training_failure_penalty.rs (target/debug/deps/training_failure_penalty-40ce375d01f8b3f4)
2026-10-08T19:56:33.5679469Z 
2026-10-08T19:56:33.5679660Z running 4 tests
2026-10-08T19:56:33.5684625Z test certain_injury_chance_applies_injury_flag ... ok
2026-10-08T19:56:33.5685106Z test injured_trainee_blocked_from_training ... ok
2026-10-08T19:56:33.5686343Z test rest_clears_injury ... ok
2026-10-08T19:56:33.5689624Z test wit_training_restores_energy ... ok
2026-10-08T19:56:33.5689861Z 
2026-10-08T19:56:33.5690160Z test result: ok. 4 passed; 0 failed; 0 ignored; 0 measured; 0 filtered out; finished in 0.00s
2026-10-08T19:56:33.5690588Z 
2026-10-08T19:56:33.5692670Z [1m[92m     Running[0m tests/training_inspection.rs (target/debug/deps/training_inspection-8fa9ecb80fb7751b)
2026-10-08T19:56:33.5702754Z 
2026-10-08T19:56:33.5702877Z running 7 tests
2026-10-08T19:56:33.5721067Z test current_energy_risk_uses_the_native_post_cost_boundary ... ok
2026-10-08T19:56:33.5753195Z test repeated_inspection_preserves_snapshot_rng_and_next_action ... ok
2026-10-08T19:56:33.5770161Z test samples_stay_raw_while_energy_recovery_respects_the_cap ... ok
2026-10-08T19:56:33.5832264Z test scenario_zero_failure_and_effective_unity_level_are_inspected ... ok
2026-10-08T19:56:33.5853662Z test unavailable_phases_and_blocked_rows_have_no_attempt_results ... ok
2026-10-08T19:56:33.5854953Z test actual_cli_refuses_arguments_and_unreadable_sessions_without_writes ... ok
2026-10-08T19:56:35.5085158Z test actual_cli_inspects_saved_native_career_without_rewriting_it ... ok
2026-10-08T19:56:35.5085570Z 
2026-10-08T19:56:35.5085785Z test result: ok. 7 passed; 0 failed; 0 ignored; 0 measured; 0 filtered out; finished in 1.94s
2026-10-08T19:56:35.5086096Z 
2026-10-08T19:56:35.5088565Z [1m[92m     Running[0m tests/training_resolver.rs (target/debug/deps/training_resolver-efededd8d228c80f)
2026-10-08T19:56:35.5098366Z 
2026-10-08T19:56:35.5098515Z running 2 tests
2026-10-08T19:56:35.5100586Z test power_training_secondary_is_stamina ... ok
2026-10-08T19:56:35.5104747Z test tertiary_gain_is_twenty_percent_of_main ... ok
2026-10-08T19:56:35.5105040Z 
2026-10-08T19:56:35.5105412Z test result: ok. 2 passed; 0 failed; 0 ignored; 0 measured; 0 filtered out; finished in 0.00s
2026-10-08T19:56:35.5105832Z 
2026-10-08T19:56:35.5107017Z [1m[92m     Running[0m tests/unity_trackblazer_mechanics.rs (target/debug/deps/unity_trackblazer_mechanics-2083eea53868887a)
2026-10-08T19:56:35.5116386Z 
2026-10-08T19:56:35.5116499Z running 20 tests
2026-10-08T19:56:35.5120441Z test trackblazer_climax2_gap_documented ... ok
2026-10-08T19:56:35.5120997Z test trackblazer_climax_awards_victory_points ... ok
2026-10-08T19:56:35.5121735Z test trackblazer_climax_pays_more_coins ... ok
2026-10-08T19:56:35.5123885Z test trackblazer_epithet_gap_documented ... ok
2026-10-08T19:56:35.5124271Z test trackblazer_inventory_gap_documented ... ok
2026-10-08T19:56:35.5124792Z test trackblazer_megaphone_training_multiplier ... ok
2026-10-08T19:56:35.5125416Z test trackblazer_rival_gap_documented ... ok
2026-10-08T19:56:35.5126400Z test trackblazer_shop_purchase_deducts_coins_and_applies_stats ... ok
2026-10-08T19:56:35.5126977Z test trackblazer_shop_sale_reduces_purchase_cost ... ok
2026-10-08T19:56:35.5260802Z test trackblazer_speed_charm_effects_raise_speed ... ok
2026-10-08T19:56:35.5261865Z test trackblazer_shop_roll_is_deterministic ... ok
2026-10-08T19:56:35.5263130Z test unity_extreme_burst_grants_ignited_spirit_hint ... ok
2026-10-08T19:56:35.5265085Z test unity_plugin_syncs_facility_levels_from_rank ... ok
2026-10-08T19:56:35.5266804Z test trackblazer_shop_opens_on_interval ... ok
2026-10-08T19:56:35.5267242Z test unity_per_leg_gap_documented ... ok
2026-10-08T19:56:35.5267675Z test unity_spirit_burst_at_research_threshold ... ok
2026-10-08T19:56:35.5268249Z test unity_spirit_burst_bumps_team_rank ... ok
2026-10-08T19:56:35.5268659Z test unity_team_rank_maps_to_facility_level ... ok
2026-10-08T19:56:35.5269074Z test unity_teammate_share_gap_documented ... ok
2026-10-08T19:56:35.5269527Z test unity_team_race_win_counts_five_legs_and_zenith ... ok
2026-10-08T19:56:35.5269858Z 
2026-10-08T19:56:35.5270393Z test result: ok. 20 passed; 0 failed; 0 ignored; 0 measured; 0 filtered out; finished in 0.02s
2026-10-08T19:56:35.5270801Z 
2026-10-08T19:56:35.5271762Z [1m[92m     Running[0m tests/ura_mechanics.rs (target/debug/deps/ura_mechanics-d01cb73d8f52df87)
2026-10-08T19:56:35.5280484Z 
2026-10-08T19:56:35.5280598Z running 9 tests
2026-10-08T19:56:35.5283108Z test choose_duel_falls_back_to_best_odds_when_no_good_target ... ok
2026-10-08T19:56:35.5284238Z test duel_training_bias_boosts_badged_facility ... ok
2026-10-08T19:56:35.5286075Z test duel_win_grants_racing_spirit_hint ... ok
2026-10-08T19:56:35.5286527Z test duel_win_raises_cap_and_meek_level ... ok
2026-10-08T19:56:35.5287930Z test duel_accepts_bad_odds_when_failure_within_pct ... ok
2026-10-08T19:56:35.5288498Z test max_level_meek_win_unlocks_past_my_limits ... ok
2026-10-08T19:56:35.5289037Z test choose_duel_prefers_good_odds_target_stat ... ok
2026-10-08T19:56:35.5289632Z test training_on_badged_facility_triggers_duel_event ... ok
2026-10-08T19:56:35.5290110Z test ura_finale_distance_gap_documented ... ok
2026-10-08T19:56:35.5290395Z 
2026-10-08T19:56:35.5290695Z test result: ok. 9 passed; 0 failed; 0 ignored; 0 measured; 0 filtered out; finished in 0.00s
2026-10-08T19:56:35.5291052Z 
2026-10-08T19:56:35.5291276Z [1m[92m   Doc-tests[0m uma_race_core
2026-10-08T19:56:36.6108092Z 
2026-10-08T19:56:36.6110241Z running 0 tests
2026-10-08T19:56:36.6110408Z 
2026-10-08T19:56:36.6110642Z test result: ok. 0 passed; 0 failed; 0 ignored; 0 measured; 0 filtered out; finished in 0.00s
2026-10-08T19:56:36.6110919Z 
2026-10-08T19:56:36.6634207Z [1m[92m   Doc-tests[0m uma_sim_core
2026-10-08T19:56:36.9277082Z 
2026-10-08T19:56:36.9277650Z running 0 tests
2026-10-08T19:56:36.9277991Z 
2026-10-08T19:56:36.9278333Z test result: ok. 0 passed; 0 failed; 0 ignored; 0 measured; 0 filtered out; finished in 0.00s
2026-10-08T19:56:36.9278763Z 
2026-10-08T19:56:36.9356701Z ##[group]Run cargo build --locked --release --features embed-ui -p uma-sim-core
2026-10-08T19:56:36.9357190Z [36;1mcargo build --locked --release --features embed-ui -p uma-sim-core[0m
2026-10-08T19:56:36.9412337Z shell: /usr/bin/bash -e {0}
2026-10-08T19:56:36.9412553Z env:
2026-10-08T19:56:36.9412731Z   CARGO_HOME: /home/runner/.cargo
2026-10-08T19:56:36.9412947Z   CARGO_INCREMENTAL: 0
2026-10-08T19:56:36.9413147Z   CARGO_TERM_COLOR: always
2026-10-08T19:56:36.9413341Z   CACHE_ON_FAILURE: false
2026-10-08T19:56:36.9413538Z ##[endgroup]
2026-10-08T19:56:37.0189356Z [1m[92m   Compiling[0m uma-sim-core v0.1.0 (/home/runner/work/uma-sim/uma-sim/uma-sim-core)
2026-10-08T19:56:37.0190230Z [1m[92m   Compiling[0m uma-race-core v0.1.0 (/home/runner/work/uma-sim/uma-sim/uma-race-core)
2026-10-08T19:56:49.7011511Z [1m[92m    Finished[0m `release` profile [optimized] target(s) in 12.74s
2026-10-08T19:56:49.7126587Z ##[group]Run actions/setup-node@820762786026740c76f36085b0efc47a31fe5020
2026-10-08T19:56:49.7126904Z with:
2026-10-08T19:56:49.7127105Z   node-version: 20
2026-10-08T19:56:49.7127305Z   check-latest: false
2026-10-08T19:56:49.7129438Z   token: ***
2026-10-08T19:56:49.7129647Z   package-manager-cache: true
2026-10-08T19:56:49.7129873Z env:
2026-10-08T19:56:49.7130057Z   CARGO_HOME: /home/runner/.cargo
2026-10-08T19:56:49.7130282Z   CARGO_INCREMENTAL: 0
2026-10-08T19:56:49.7130486Z   CARGO_TERM_COLOR: always
2026-10-08T19:56:49.7130689Z   CACHE_ON_FAILURE: false
2026-10-08T19:56:49.7130891Z ##[endgroup]
2026-10-08T19:56:49.8144059Z Attempting to download 20...
2026-10-08T19:56:50.5115648Z Acquiring 20.20.2 - x64 from https://github.com/actions/node-versions/releases/download/20.20.2-23521894959/node-20.20.2-linux-x64.tar.gz
2026-10-08T19:56:50.8086341Z Extracting ...
2026-10-08T19:56:50.8181125Z [command]/usr/bin/tar xz --strip 1 --warning=no-unknown-keyword --overwrite -C /home/runner/work/_temp/00bfbc4c-cc94-4c54-8b38-c88632ec1491 -f /home/runner/work/_temp/cf2975c8-62f0-4f71-bcc9-f21b89ad164b
2026-10-08T19:56:51.6675896Z Adding to the cache ...
2026-10-08T19:56:53.3352372Z ##[group]Environment details
2026-10-08T19:56:53.5051762Z node: v20.20.2
2026-10-08T19:56:53.5052099Z npm: 10.8.2
2026-10-08T19:56:53.5052343Z yarn: 1.22.22
2026-10-08T19:56:53.5052918Z ##[endgroup]
2026-10-08T19:56:53.5188427Z ##[group]Run npm --prefix packages/uma-sim-cli run test:tui:native
2026-10-08T19:56:53.5188842Z [36;1mnpm --prefix packages/uma-sim-cli run test:tui:native[0m
2026-10-08T19:56:53.5246159Z shell: /usr/bin/bash -e {0}
2026-10-08T19:56:53.5246400Z env:
2026-10-08T19:56:53.5246581Z   CARGO_HOME: /home/runner/.cargo
2026-10-08T19:56:53.5246808Z   CARGO_INCREMENTAL: 0
2026-10-08T19:56:53.5247011Z   CARGO_TERM_COLOR: always
2026-10-08T19:56:53.5247204Z   CACHE_ON_FAILURE: false
2026-10-08T19:56:53.5247508Z   UMA_SIM_NATIVE_API: /home/runner/work/uma-sim/uma-sim/target/release/uma-sim-api
2026-10-08T19:56:53.5248088Z   UMA_TUI_RECEIPTS: /home/runner/work/_temp/uma-terminal-checkpoints
2026-10-08T19:56:53.5248371Z ##[endgroup]
2026-10-08T19:56:53.6133045Z 
2026-10-08T19:56:53.6138828Z > uma-sim-cli@0.1.0 test:tui:native
2026-10-08T19:56:53.6139282Z > node --test tests/tui-checkpoints.native.mjs
2026-10-08T19:56:53.6139478Z 
2026-10-08T19:56:53.6441568Z TAP version 13
2026-10-08T19:56:55.4610192Z # Subtest: native checkpoint survives an actual process restart and resumes the exact next RNG step
2026-10-08T19:56:55.4616744Z ok 1 - native checkpoint survives an actual process restart and resumes the exact next RNG step
2026-10-08T19:56:55.4618499Z   ---
2026-10-08T19:56:55.4618809Z   duration_ms: 1784.253671
2026-10-08T19:56:55.4619179Z   ...
2026-10-08T19:56:56.0986131Z # Subtest: native create-only save preserves an earlier checkpoint and reports actual storage refusal
2026-10-08T19:56:56.0987590Z ok 2 - native create-only save preserves an earlier checkpoint and reports actual storage refusal
2026-10-08T19:56:56.0988421Z   ---
2026-10-08T19:56:56.0988684Z   duration_ms: 637.604325
2026-10-08T19:56:56.0989011Z   ...
2026-10-08T19:56:56.9465674Z # Subtest: native missing and incompatible checkpoints refuse without replacement; compatibility advisories remain visible
2026-10-08T19:56:56.9466989Z ok 3 - native missing and incompatible checkpoints refuse without replacement; compatibility advisories remain visible
2026-10-08T19:56:56.9467637Z   ---
2026-10-08T19:56:56.9468068Z   duration_ms: 847.861539
2026-10-08T19:56:56.9468275Z   ...
2026-10-08T19:56:57.6326635Z # Subtest: native committed save with disconnect reports uncertainty and is not replayed
2026-10-08T19:56:57.6327928Z ok 4 - native committed save with disconnect reports uncertainty and is not replayed
2026-10-08T19:56:57.6328476Z   ---
2026-10-08T19:56:57.6328741Z   duration_ms: 686.426289
2026-10-08T19:56:57.6329026Z   ...
2026-10-08T19:56:58.3078724Z # Subtest: native committed save with invalid JSON reports uncertainty and is not replayed
2026-10-08T19:56:58.3079512Z ok 5 - native committed save with invalid JSON reports uncertainty and is not replayed
2026-10-08T19:56:58.3079861Z   ---
2026-10-08T19:56:58.3080244Z   duration_ms: 675.110307
2026-10-08T19:56:58.3080533Z   ...
2026-10-08T19:56:58.8905662Z # Subtest: native committed fork with disconnect reports uncertainty and is not replayed
2026-10-08T19:56:58.8908576Z ok 6 - native committed fork with disconnect reports uncertainty and is not replayed
2026-10-08T19:56:58.8909094Z   ---
2026-10-08T19:56:58.8909354Z   duration_ms: 582.524911
2026-10-08T19:56:58.8909839Z   ...
2026-10-08T19:56:59.4746255Z # Subtest: native committed fork with invalid JSON reports uncertainty and is not replayed
2026-10-08T19:56:59.4746971Z ok 7 - native committed fork with invalid JSON reports uncertainty and is not replayed
2026-10-08T19:56:59.4747380Z   ---
2026-10-08T19:56:59.4747585Z   duration_ms: 583.953493
2026-10-08T19:56:59.4748083Z   ...
2026-10-08T19:57:00.0929571Z # Subtest: native EOF after committed save preserves resumable state without replay
2026-10-08T19:57:00.0930495Z ok 8 - native EOF after committed save preserves resumable state without replay
2026-10-08T19:57:00.0930980Z   ---
2026-10-08T19:57:00.0931248Z   duration_ms: 618.354326
2026-10-08T19:57:00.0931801Z   ...
2026-10-08T19:57:00.7163437Z # Subtest: native SIGINT after committed save preserves resumable state without replay
2026-10-08T19:57:00.7164744Z ok 9 - native SIGINT after committed save preserves resumable state without replay
2026-10-08T19:57:00.7165162Z   ---
2026-10-08T19:57:00.7165372Z   duration_ms: 623.397393
2026-10-08T19:57:00.7165577Z   ...
2026-10-08T19:57:01.3009167Z # Subtest: native EOF after committed fork preserves resumable state without replay
2026-10-08T19:57:01.3010048Z ok 10 - native EOF after committed fork preserves resumable state without replay
2026-10-08T19:57:01.3011009Z   ---
2026-10-08T19:57:01.3011264Z   duration_ms: 584.572987
2026-10-08T19:57:01.3011532Z   ...
2026-10-08T19:57:01.8838755Z # Subtest: native SIGINT after committed fork preserves resumable state without replay
2026-10-08T19:57:01.8839847Z ok 11 - native SIGINT after committed fork preserves resumable state without replay
2026-10-08T19:57:01.8840490Z   ---
2026-10-08T19:57:01.8840823Z   duration_ms: 582.681547
2026-10-08T19:57:01.8841135Z   ...
2026-10-08T19:57:01.9024597Z 1..11
2026-10-08T19:57:01.9024901Z # tests 11
2026-10-08T19:57:01.9025158Z # suites 0
2026-10-08T19:57:01.9027172Z # pass 11
2026-10-08T19:57:01.9027621Z # fail 0
2026-10-08T19:57:01.9028141Z # cancelled 0
2026-10-08T19:57:01.9028425Z # skipped 0
2026-10-08T19:57:01.9028819Z # todo 0
2026-10-08T19:57:01.9032482Z # duration_ms 8264.981344
2026-10-08T19:57:01.9141977Z ##[group]Run actions/upload-artifact@043fb46d1a93c77aae656e7c1c64a875d1fc6a0a
2026-10-08T19:57:01.9142310Z with:
2026-10-08T19:57:01.9142508Z   name: uma-terminal-checkpoint-receiving
2026-10-08T19:57:01.9142801Z   path: /home/runner/work/_temp/uma-terminal-checkpoints
2026-10-08T19:57:01.9143082Z   if-no-files-found: warn
2026-10-08T19:57:01.9143284Z   compression-level: 6
2026-10-08T19:57:01.9143472Z   overwrite: false
2026-10-08T19:57:01.9143665Z   include-hidden-files: false
2026-10-08T19:57:01.9143867Z   archive: true
2026-10-08T19:57:01.9144057Z env:
2026-10-08T19:57:01.9144226Z   CARGO_HOME: /home/runner/.cargo
2026-10-08T19:57:01.9144437Z   CARGO_INCREMENTAL: 0
2026-10-08T19:57:01.9144628Z   CARGO_TERM_COLOR: always
2026-10-08T19:57:01.9144847Z   CACHE_ON_FAILURE: false
2026-10-08T19:57:01.9145033Z ##[endgroup]
2026-10-08T19:57:02.0249602Z With the provided path, there will be 12 files uploaded
2026-10-08T19:57:02.0253024Z Artifact name is valid!
2026-10-08T19:57:02.0253761Z Root directory input is valid!
2026-10-08T19:57:02.3040397Z Uploading artifact: uma-terminal-checkpoint-receiving.zip
2026-10-08T19:57:02.3073845Z Beginning upload of artifact content to blob storage
2026-10-08T19:57:02.4740532Z Uploaded bytes 21767
2026-10-08T19:57:02.5048215Z Finished uploading artifact content to blob storage!
2026-10-08T19:57:02.5049104Z SHA256 digest of uploaded artifact is 3a046c7629ffbd9a04ea7723c45c0410985d436642206f370037177b81d34d82
2026-10-08T19:57:02.5049848Z Finalizing artifact upload
2026-10-08T19:57:02.7828477Z Artifact uma-terminal-checkpoint-receiving successfully finalized. Artifact ID 11575127845
2026-10-08T19:57:02.7829681Z Artifact uma-terminal-checkpoint-receiving has been successfully uploaded! Final size is 21767 bytes. Artifact ID is 11575127845
2026-10-08T19:57:02.7832661Z Artifact download URL: https://github.com/Jacob-Met/uma-sim/actions/runs/37835376683/artifacts/11575127845
2026-10-08T19:57:02.7943666Z ##[group]Run node --test packages/uma-sim-mcp/tests/*native.test.mjs
2026-10-08T19:57:02.7944352Z [36;1mnode --test packages/uma-sim-mcp/tests/*native.test.mjs[0m
2026-10-08T19:57:02.8014581Z shell: /usr/bin/bash -e {0}
2026-10-08T19:57:02.8014837Z env:
2026-10-08T19:57:02.8015034Z   CARGO_HOME: /home/runner/.cargo
2026-10-08T19:57:02.8015293Z   CARGO_INCREMENTAL: 0
2026-10-08T19:57:02.8015509Z   CARGO_TERM_COLOR: always
2026-10-08T19:57:02.8015734Z   CACHE_ON_FAILURE: false
2026-10-08T19:57:02.8016065Z   UMA_SIM_TEST_API_BIN: /home/runner/work/uma-sim/uma-sim/target/release/uma-sim-api
2026-10-08T19:57:02.8016646Z   UMA_SIM_TEST_OUTPUT_DIR: /home/runner/work/_temp/uma-sim-mcp-native
2026-10-08T19:57:02.8017029Z   UMA_SIM_TEST_RECEIVING_COMMIT: 93293755e5739f2d59fc0f7d266a5209ea63bcc0
2026-10-08T19:57:02.8017340Z ##[endgroup]
2026-10-08T19:57:02.8452945Z TAP version 13
2026-10-08T19:57:03.5336885Z # Subtest: native receiving contract: independent forks, immutable checkpoints, typed errors, isolated branches and reports
2026-10-08T19:57:03.5344816Z     # Subtest: save/export/import preserve the native snapshot, and conflicting writes preserve previous bytes
2026-10-08T19:57:03.5354603Z     ok 1 - save/export/import preserve the native snapshot, and conflicting writes preserve previous bytes
2026-10-08T19:57:03.5378399Z       ---
2026-10-08T19:57:03.5408592Z       duration_ms: 149.155556
2026-10-08T19:57:03.5428647Z       ...
2026-10-08T19:57:03.7197345Z     # Subtest: forking and named actions do not mutate the source, sibling or saved checkpoint
2026-10-08T19:57:03.7198756Z     ok 2 - forking and named actions do not mutate the source, sibling or saved checkpoint
2026-10-08T19:57:03.7200200Z       ---
2026-10-08T19:57:03.7200588Z       duration_ms: 189.832523
2026-10-08T19:57:03.7201139Z       ...
2026-10-08T19:57:03.8508296Z     # Subtest: incompatible checkpoint metadata returns real 422 and preserves the target session
2026-10-08T19:57:03.8515346Z     ok 3 - incompatible checkpoint metadata returns real 422 and preserves the target session
2026-10-08T19:57:03.8517160Z       ---
2026-10-08T19:57:03.8517628Z       duration_ms: 130.399575
2026-10-08T19:57:03.8518122Z       ...
2026-10-08T19:57:04.1641948Z     # Subtest: known empty-session ambiguity is stopped while explicit activation/fork retain correct default semantics
2026-10-08T19:57:04.1650536Z     ok 4 - known empty-session ambiguity is stopped while explicit activation/fork retain correct default semantics
2026-10-08T19:57:04.1651421Z       ---
2026-10-08T19:57:04.1651929Z       duration_ms: 313.764442
2026-10-08T19:57:04.1652279Z       ...
2026-10-08T19:57:04.2538780Z     # Subtest: external-policy 503 survives MCP and leaves turn, RNG, speed and active session unchanged
2026-10-08T19:57:04.2539892Z     ok 5 - external-policy 503 survives MCP and leaves turn, RNG, speed and active session unchanged
2026-10-08T19:57:04.2540298Z       ---
2026-10-08T19:57:04.2540503Z       duration_ms: 89.065324
2026-10-08T19:57:04.2540782Z       ...
2026-10-08T19:57:04.5804692Z     # Subtest: branches compare actual decisions while preserving live sessions and checkpoint bytes
2026-10-08T19:57:04.5805946Z     ok 6 - branches compare actual decisions while preserving live sessions and checkpoint bytes
2026-10-08T19:57:04.5806908Z       ---
2026-10-08T19:57:04.5807386Z       duration_ms: 326.658242
2026-10-08T19:57:04.5808067Z       ...
2026-10-08T19:57:04.7140366Z     # Subtest: invalid branch/import operations and deletions preserve unrelated native state
2026-10-08T19:57:04.7148399Z     ok 7 - invalid branch/import operations and deletions preserve unrelated native state
2026-10-08T19:57:04.7148818Z       ---
2026-10-08T19:57:04.7149011Z       duration_ms: 133.992701
2026-10-08T19:57:04.7149220Z       ...
2026-10-08T19:57:04.7285113Z     1..7
2026-10-08T19:57:04.7286128Z ok 1 - native receiving contract: independent forks, immutable checkpoints, typed errors, isolated branches and reports
2026-10-08T19:57:04.7286947Z   ---
2026-10-08T19:57:04.7287536Z   duration_ms: 1846.175331
2026-10-08T19:57:04.7288004Z   ...
2026-10-08T19:57:04.7356291Z # Subtest: native receiving: fork contention has one winner and closing it without main preserves surviving careers
2026-10-08T19:57:04.7357581Z ok 2 - native receiving: fork contention has one winner and closing it without main preserves surviving careers
2026-10-08T19:57:04.7358313Z   ---
2026-10-08T19:57:04.7358580Z   duration_ms: 567.040585
2026-10-08T19:57:04.7358875Z   ...
2026-10-08T19:57:04.7360374Z # {"case":"concurrent-fork-and-no-main","winner":"receiving-fork-a","surviving":["receiving-a","receiving-b"],"a":"2e0e61922b75f3c3acafda3ef79145d0594eb089c25c557f128e68a9d9bf17d9","b":"661f22a22e5b1b9f4e450e6675ba3733f72d3d4de2c2f879754022c38f305bf7"}
2026-10-08T19:57:04.7362068Z # Subtest: native receiving: external-policy refusal fully restores a non-active target and permits later continuation
2026-10-08T19:57:04.7363053Z ok 3 - native receiving: external-policy refusal fully restores a non-active target and permits later continuation
2026-10-08T19:57:04.7363683Z   ---
2026-10-08T19:57:04.7363963Z   duration_ms: 427.99513
2026-10-08T19:57:04.7364244Z   ...
2026-10-08T19:57:04.7365277Z # {"case":"non-active-503-rollback-and-continuation","unchangedTarget":"e29e98ddce59aa237b7f98049d1ee250eed8fa5f387052126102e3ebc46cca29","unchangedActive":"6204e5b5111cc0b1612574414c33a95b4d91457bcad8426522387a6416740697","targetSpeed":3,"activeSpeed":7}
2026-10-08T19:57:04.7366659Z # Subtest: native receiving: global content reaches both existing careers and differs from an unloaded API control
2026-10-08T19:57:04.7367464Z ok 4 - native receiving: global content reaches both existing careers and differs from an unloaded API control
2026-10-08T19:57:04.7368013Z   ---
2026-10-08T19:57:04.7368197Z   duration_ms: 529.958822
2026-10-08T19:57:04.7368395Z   ...
2026-10-08T19:57:04.7369531Z # {"case":"global-content-native-control","loaded":500,"step":2,"turn":3,"a":"dcaf616b9725b2c31bfa25f826685e2aacc239aba4afd63ef149c5c59699d7b5","b":"dcaf616b9725b2c31bfa25f826685e2aacc239aba4afd63ef149c5c59699d7b5","unloaded":"c54f3ddf850f2277384763490b80df79f0b4edee51a93a6902d7fd21e85b876d","active":"pack-b"}
2026-10-08T19:57:05.1949117Z # Subtest: native REST/MCP training inspection uses retained career state without spending a turn
2026-10-08T19:57:05.1950087Z     # Subtest: missing career and unsupported methods refuse through existing REST semantics
2026-10-08T19:57:05.1950940Z     ok 1 - missing career and unsupported methods refuse through existing REST semantics
2026-10-08T19:57:05.1957253Z       ---
2026-10-08T19:57:05.1957556Z       duration_ms: 49.750255
2026-10-08T19:57:05.1958047Z       ...
2026-10-08T19:57:05.1958553Z     # Subtest: default and named selection preserve active fallback and sibling careers
2026-10-08T19:57:05.1959323Z     ok 2 - default and named selection preserve active fallback and sibling careers
2026-10-08T19:57:05.1959807Z       ---
2026-10-08T19:57:05.1960116Z       duration_ms: 1104.257275
2026-10-08T19:57:05.1960435Z       ...
2026-10-08T19:57:05.1960843Z     # Subtest: native samples and next action remain exact in ura
2026-10-08T19:57:05.1961383Z     ok 3 - native samples and next action remain exact in ura
2026-10-08T19:57:05.1961784Z       ---
2026-10-08T19:57:05.1962049Z       duration_ms: 994.710513
2026-10-08T19:57:05.1962351Z       ...
2026-10-08T19:57:06.5538635Z     # Subtest: native samples and next action remain exact in unity
2026-10-08T19:57:06.5539375Z     ok 4 - native samples and next action remain exact in unity
2026-10-08T19:57:06.5539852Z       ---
2026-10-08T19:57:06.5540173Z       duration_ms: 1358.768363
2026-10-08T19:57:06.5540677Z       ...
2026-10-08T19:57:08.1668269Z     # Subtest: native samples and next action remain exact in trackblazer
2026-10-08T19:57:08.1668978Z     ok 5 - native samples and next action remain exact in trackblazer
2026-10-08T19:57:08.1669291Z       ---
2026-10-08T19:57:08.1669493Z       duration_ms: 1612.970165
2026-10-08T19:57:08.1669713Z       ...
2026-10-08T19:57:10.0401166Z     # Subtest: native samples and next action remain exact in grand_concert
2026-10-08T19:57:10.0401949Z     ok 6 - native samples and next action remain exact in grand_concert
2026-10-08T19:57:10.0404847Z       ---
2026-10-08T19:57:10.0405201Z       duration_ms: 1872.812408
2026-10-08T19:57:10.0405570Z       ...
2026-10-08T19:57:18.2356511Z     # Subtest: admitted synthetic checkpoint states retain exact unavailable and blocked meanings
2026-10-08T19:57:18.2358203Z     ok 7 - admitted synthetic checkpoint states retain exact unavailable and blocked meanings
2026-10-08T19:57:18.2358763Z       ---
2026-10-08T19:57:18.2358992Z       duration_ms: 8195.920796
2026-10-08T19:57:18.2359586Z       ...
2026-10-08T19:57:18.2668389Z # TRAINING_RECEIVING {   "version": 1,   "receivingCommit": "93293755e5739f2d59fc0f7d266a5209ea63bcc0",   "cli": "/home/runner/work/uma-sim/uma-sim/target/release/uma-sim",   "cliSha256": "9cf89dbd5ab1d3b4e3562c68a1299647c57738e93e9b5cb3dae77af1a00d5366",   "observations": [     {       "label": "named-mandatory",       "session": "training-sibling",       "snapshotSha256": "39a190dba62b9181c0f7c202d910a7e62c9356eee219d9c5101a1aa10cddd170",       "inspection": {         "schemaVersion": 1,         "turn": 1,         "date": "Year 1, Month 6, Late",         "phase": "MANDATORY_RACE",         "scenarioId": "unity",         "traineeName": "Special Week",         "energy": 100,         "maxEnergy": 100,         "mood": "NORMAL",         "sampleKind": "deterministic_seed_0",         "notes": [           "Stat gains are deterministic samples (local seed 0), before stat caps and later scenario/event effects; they are not guaranteed results or expected values.",           "Energy is the base successful-training change after the ordinary energy cap, before later scenario/event effects. Failure is the current engine chance for an available attempt.",           "Blocked rows have no energy result or failure roll. Rainbow and hint counts are the existing preview signals.",           "Inspection does not take an action, advance the career RNG, or save the session."         ],         "unavailableReason": "mandatory_race",         "rows": []       }     },     {       "label": "ura-free",       "session": "training-ura",       "snapshotSha256": "3dbf99c8e8649c47d5a62dff9117bf3e547dee96fa84fe18b52a9dba22b129b6",       "inspection": {         "schemaVersion": 1,         "turn": 2,         "date": "Year 1, Month 7, Early",         "phase": "FREE",         "scenarioId": "ura",         "traineeName": "Special Week",         "energy": 100,         "maxEnergy": 100,         "mood": "NORMAL",         "sampleKind": "deterministic_seed_0",         "notes": [           "Stat gains are deterministic samples (local seed 0), before stat caps and later scenario/event effects; they are not guaranteed results or expected values.",           "Energy is the base successful-training change after the ordinary energy cap, before later scenario/event effects. Failure is the current engine chance for an available attempt.",           "Blocked rows have no energy result or failure roll. Rainbow and hint counts are the existing preview signals.",           "Inspection does not take an action, advance the career RNG, or save the session."         ],         "unavailableReason": null,         "rows": [           {             "actionId": "train_speed",             "facility": "speed",             "label": "Speed",             "level": 1,             "statGains": {               "speed": 10,               "stamina": 0,               "power": 5,               "guts": 2,               "wit": 0             },             "energyCost": 20,             "energyDelta": -20,             "failureChancePct": 5,             "numRainbow": 0,             "numSkillHints": 0,             "available": true,             "blockedReason": null           },           {             "actionId": "train_stamina",             "facility": "stamina",             "label": "Stamina",             "level": 1,             "statGains": {               "speed": 0,               "stamina": 12,               "power": 2,               "guts": 6,               "wit": 0             },             "energyCost": 20,             "energyDelta": -20,             "failureChancePct": 5,             "numRainbow": 0,             "numSkillHints": 0,             "available": true,             "blockedReason": null           },           {             "actionId": "train_power",             "facility": "power",             "label": "Power",             "level": 1,             "statGains": {               "speed": 2,               "stamina": 5,               "power": 10,               "guts": 0,               "wit": 0             },             "energyCost": 20,             "energyDelta": -20,             "failureChancePct": 5,             "numRainbow": 0,             "numSkillHints": 0,             "available": true,             "blockedReason": null           },           {             "actionId": "train_guts",             "facility": "guts",             "label": "Guts",             "level": 1,             "statGains": {               "speed": 5,               "stamina": 0,               "power": 2,               "guts": 10,               "wit": 0             },             "energyCost": 20,             "energyDelta": -20,             "failureChancePct": 5,             "numRainbow": 0,             "numSkillHints": 0,             "available": true,             "blockedReason": null           },           {             "actionId": "train_wit",             "facility": "wit",             "label": "Wit",             "level": 1,             "statGains": {               "speed": 5,               "stamina": 2,               "power": 0,               "guts": 0,               "wit": 11             },             "energyCost": -5,             "energyDelta": 0,             "failureChancePct": 0,             "numRainbow": 0,             "numSkillHints": 0,             "available": true,             "blockedReason": null           }         ]       }     },     {       "label": "unity-free",       "session": "training-unity",       "snapshotSha256": "63ecbac534cc09fdb0d2748f6b9be9283c099b38cd59ce0eecf998d9d21da709",       "inspection": {         "schemaVersion": 1,         "turn": 2,         "date": "Year 1, Month 7, Early",         "phase": "FREE",         "scenarioId": "unity",         "traineeName": "Special Week",         "energy": 100,         "maxEnergy": 100,         "mood": "NORMAL",         "sampleKind": "deterministic_seed_0",         "notes": [           "Stat gains are deterministic samples (local seed 0), before stat caps and later scenario/event effects; they are not guaranteed results or expected values.",           "Energy is the base successful-training change after the ordinary energy cap, before later scenario/event effects. Failure is the current engine chance for an available attempt.",           "Blocked rows have no energy result or failure roll. Rainbow and hint counts are the existing preview signals.",           "Inspection does not take an action, advance the career RNG, or save the session."         ],         "unavailableReason": null,         "rows": [           {             "actionId": "train_speed",             "facility": "speed",             "label": "Speed",             "level": 1,             "statGains": {               "speed": 10,               "stamina": 0,               "power": 5,               "guts": 2,               "wit": 0             },             "energyCost": 20,             "energyDelta": -20,             "failureChancePct": 5,             "numRainbow": 0,             "numSkillHints": 0,             "available": true,             "blockedReason": null           },           {             "actionId": "train_stamina",             "facility": "stamina",             "label": "Stamina",             "level": 1,             "statGains": {               "speed": 0,               "stamina": 12,               "power": 2,               "guts": 6,               "wit": 0             },             "energyCost": 20,             "energyDelta": -20,             "failureChancePct": 5,             "numRainbow": 0,             "numSkillHints": 0,             "available": true,             "blockedReason": null           },           {             "actionId": "train_power",             "facility": "power",             "label": "Power",             "level": 1,             "statGains": {               "speed": 2,               "stamina": 5,               "power": 10,               "guts": 0,               "wit": 0             },             "energyCost": 20,             "energyDelta": -20,             "failureChancePct": 5,             "numRainbow": 0,             "numSkillHints": 0,             "available": true,             "blockedReason": null           },           {             "actionId": "train_guts",             "facility": "guts",             "label": "Guts",             "level": 1,             "statGains": {               "speed": 5,               "stamina": 0,               "power": 2,               "guts": 10,               "wit": 0             },             "energyCost": 20,             "energyDelta": -20,             "failureChancePct": 5,             "numRainbow": 0,             "numSkillHints": 0,             "available": true,             "blockedReason": null           },           {             "actionId": "train_wit",             "facility": "wit",             "label": "Wit",             "level": 1,             "statGains": {               "speed": 5,               "stamina": 2,               "power": 0,               "guts": 0,               "wit": 11             },             "energyCost": -5,             "energyDelta": 0,             "failureChancePct": 0,             "numRainbow": 0,             "numSkillHints": 0,             "available": true,             "blockedReason": null           }         ]       }     },     {       "label": "trackblazer-free",       "session": "training-trackblazer",       "snapshotSha256": "830752e03000925f0625a4a789864131dfa460809ed68646ed67cc1ef66fcefe",       "inspection": {         "schemaVersion": 1,         "turn": 2,         "date": "Year 1, Month 7, Early",         "phase": "FREE",         "scenarioId": "trackblazer",         "traineeName": "Special Week",         "energy": 100,         "maxEnergy": 100,         "mood": "NORMAL",         "sampleKind": "deterministic_seed_0",         "notes": [           "Stat gains are deterministic samples (local seed 0), before stat caps and later scenario/event effects; they are not guaranteed results or expected values.",           "Energy is the base successful-training change after the ordinary energy cap, before later scenario/event effects. Failure is the current engine chance for an available attempt.",           "Blocked rows have no energy result or failure roll. Rainbow and hint counts are the existing preview signals.",           "Inspection does not take an action, advance the career RNG, or save the session."         ],         "unavailableReason": null,         "rows": [           {             "actionId": "train_speed",             "facility": "speed",             "label": "Speed",             "level": 1,             "statGains": {               "speed": 10,               "stamina": 0,               "power": 5,               "guts": 2,               "wit": 0             },             "energyCost": 20,             "energyDelta": -20,             "failureChancePct": 5,             "numRainbow": 0,             "numSkillHints": 0,             "available": true,             "blockedReason": null           },           {             "actionId": "train_stamina",             "facility": "stamina",             "label": "Stamina",             "level": 1,             "statGains": {               "speed": 0,               "stamina": 12,               "power": 2,               "guts": 6,               "wit": 0             },             "energyCost": 20,             "energyDelta": -20,             "failureChancePct": 5,             "numRainbow": 0,             "numSkillHints": 0,             "available": true,             "blockedReason": null           },           {             "actionId": "train_power",             "facility": "power",             "label": "Power",             "level": 1,             "statGains": {               "speed": 2,               "stamina": 5,               "power": 10,               "guts": 0,               "wit": 0             },             "energyCost": 20,             "energyDelta": -20,             "failureChancePct": 5,             "numRainbow": 0,             "numSkillHints": 0,             "available": true,             "blockedReason": null           },           {             "actionId": "train_guts",             "facility": "guts",             "label": "Guts",             "level": 1,             "statGains": {               "speed": 5,               "stamina": 0,               "power": 2,               "guts": 10,               "wit": 0             },             "energyCost": 20,             "energyDelta": -20,             "failureChancePct": 5,             "numRainbow": 0,             "numSkillHints": 0,             "available": true,             "blockedReason": null           },           {             "actionId": "train_wit",             "facility": "wit",             "label": "Wit",             "level": 1,             "statGains": {               "speed": 5,               "stamina": 2,               "power": 0,               "guts": 0,               "wit": 11             },             "energyCost": -5,             "energyDelta": 0,             "failureChancePct": 0,             "numRainbow": 0,             "numSkillHints": 0,             "available": true,             "blockedReason": null           }         ]       }     },     {       "label": "grand_concert-free",       "session": "training-grand_concert",       "snapshotSha256": "62e8c5a7f794e43a5d207bce86ef0e6eb3a9a60e68d77ac14dd29e68622fb072",       "inspection": {         "schemaVersion": 1,         "turn": 2,         "date": "Year 1, Month 7, Early",         "phase": "FREE",         "scenarioId": "grand_concert",         "traineeName": "Special Week",         "energy": 100,         "maxEnergy": 100,         "mood": "NORMAL",         "sampleKind": "deterministic_seed_0",         "notes": [           "Stat gains are deterministic samples (local seed 0), before stat caps and later scenario/event effects; they are not guaranteed results or expected values.",           "Energy is the base successful-training change after the ordinary energy cap, before later scenario/event effects. Failure is the current engine chance for an available attempt.",           "Blocked rows have no energy result or failure roll. Rainbow and hint counts are the existing preview signals.",           "Inspection does not take an action, advance the career RNG, or save the session."         ],         "unavailableReason": null,         "rows": [           {             "actionId": "train_speed",             "facility": "speed",             "label": "Speed",             "level": 1,             "statGains": {               "speed": 8,               "stamina": 0,               "power": 4,               "guts": 0,               "wit": 0             },             "energyCost": 19,             "energyDelta": -19,             "failureChancePct": 5,             "numRainbow": 0,             "numSkillHints": 0,             "available": true,             "blockedReason": null           },           {             "actionId": "train_stamina",             "facility": "stamina",             "label": "Stamina",             "level": 1,             "statGains": {               "speed": 0,               "stamina": 10,               "power": 0,               "guts": 8,               "wit": 0             },             "energyCost": 20,             "energyDelta": -20,             "failureChancePct": 5,             "numRainbow": 0,             "numSkillHints": 0,             "available": true,             "blockedReason": null           },           {             "actionId": "train_power",             "facility": "power",             "label": "Power",             "level": 1,             "statGains": {               "speed": 0,               "stamina": 4,               "power": 9,               "guts": 0,               "wit": 0             },             "energyCost": 20,             "energyDelta": -20,             "failureChancePct": 5,             "numRainbow": 0,             "numSkillHints": 0,             "available": true,             "blockedReason": null           },           {             "actionId": "train_guts",             "facility": "guts",             "label": "Guts",             "level": 1,             "statGains": {               "speed": 2,               "stamina": 0,               "power": 2,               "guts": 7,               "wit": 0             },             "energyCost": 20,             "energyDelta": -20,             "failureChancePct": 5,             "numRainbow": 0,             "numSkillHints": 0,             "available": true,             "blockedReason": null           },           {             "actionId": "train_wit",             "facility": "wit",             "label": "Wit",             "level": 1,             "statGains": {               "speed": 2,               "stamina": 0,               "power": 0,               "guts": 0,               "wit": 6             },             "energyCost": -5,             "energyDelta": 0,             "failureChancePct": 0,             "numRainbow": 0,             "numSkillHints": 0,             "available": true,             "blockedReason": null           }         ]       }     },     {       "label": "synthetic-low-energy",       "session": "training-low-energy",       "snapshotSha256": "84c9220e8158e00058f190f7e92526f4a9ae45b8c27c81af072bd4af68c4671e",       "inspection": {         "schemaVersion": 1,         "turn": 2,         "date": "Year 1, Month 7, Early",         "phase": "FREE",         "scenarioId": "ura",         "traineeName": "Special Week",         "energy": 10,         "maxEnergy": 100,         "mood": "NORMAL",         "sampleKind": "deterministic_seed_0",         "notes": [           "Stat gains are deterministic samples (local seed 0), before stat caps and later scenario/event effects; they are not guaranteed results or expected values.",           "Energy is the base successful-training change after the ordinary energy cap, before later scenario/event effects. Failure is the current engine chance for an available attempt.",           "Blocked rows have no energy result or failure roll. Rainbow and hint counts are the existing preview signals.",           "Inspection does not take an action, advance the career RNG, or save the session."         ],         "unavailableReason": null,         "rows": [           {             "actionId": "train_speed",             "facility": "speed",             "label": "Speed",             "level": 1,             "statGains": {               "speed": 10,               "stamina": 0,               "power": 5,               "guts": 2,               "wit": 0             },             "energyCost": 20,             "energyDelta": null,             "failureChancePct": null,             "numRainbow": 0,             "numSkillHints": 0,             "available": false,             "blockedReason": "insufficient_energy"           },           {             "actionId": "train_stamina",             "facility": "stamina",             "label": "Stamina",             "level": 1,             "statGains": {               "speed": 0,               "stamina": 12,               "power": 2,               "guts": 6,               "wit": 0             },             "energyCost": 20,             "energyDelta": null,             "failureChancePct": null,             "numRainbow": 0,             "numSkillHints": 0,             "available": false,             "blockedReason": "insufficient_energy"           },           {             "actionId": "train_power",             "facility": "power",             "label": "Power",             "level": 1,             "statGains": {               "speed": 2,               "stamina": 5,               "power": 10,               "guts": 0,               "wit": 0             },             "energyCost": 20,             "energyDelta": null,             "failureChancePct": null,             "numRainbow": 0,             "numSkillHints": 0,             "available": false,             "blockedReason": "insufficient_energy"           },           {             "actionId": "train_guts",             "facility": "guts",             "label": "Guts",             "level": 1,             "statGains": {               "speed": 5,               "stamina": 0,               "power": 2,               "guts": 10,               "wit": 0             },             "energyCost": 20,             "energyDelta": null,             "failureChancePct": null,             "numRainbow": 0,             "numSkillHints": 0,             "available": false,             "blockedReason": "insufficient_energy"           },           {             "actionId": "train_wit",             "facility": "wit",             "label": "Wit",             "level": 1,             "statGains": {               "speed": 5,               "stamina": 2,               "power": 0,               "guts": 0,               "wit": 11             },             "energyCost": -5,             "energyDelta": 5,             "failureChancePct": 45,             "numRainbow": 0,             "numSkillHints": 0,             "available": true,             "blockedReason": null           }         ]       }     },     {       "label": "synthetic-injured",       "session": "training-injured",       "snapshotSha256": "5c1ec826d9e3cecc81b8beb9e352e7b39fca7467fe0f5cde90f27647c6fc971d",       "inspection": {         "schemaVersion": 1,         "turn": 2,         "date": "Year 1, Month 7, Early",         "phase": "FREE",         "scenarioId": "ura",         "traineeName": "Special Week",         "energy": 100,         "maxEnergy": 100,         "mood": "NORMAL",         "sampleKind": "deterministic_seed_0",         "notes": [           "Stat gains are deterministic samples (local seed 0), before stat caps and later scenario/event effects; they are not guaranteed results or expected values.",           "Energy is the base successful-training change after the ordinary energy cap, before later scenario/event effects. Failure is the current engine chance for an available attempt.",           "Blocked rows have no energy result or failure roll. Rainbow and hint counts are the existing preview signals.",           "Inspection does not take an action, advance the career RNG, or save the session."         ],         "unavailableReason": null,         "rows": [           {             "actionId": "train_speed",             "facility": "speed",             "label": "Speed",             "level": 1,             "statGains": {               "speed": 10,               "stamina": 0,               "power": 5,               "guts": 2,               "wit": 0             },             "energyCost": 20,             "energyDelta": null,             "failureChancePct": null,             "numRainbow": 0,             "numSkillHints": 0,             "available": false,             "blockedReason": "injured"           },           {             "actionId": "train_stamina",             "facility": "stamina",             "label": "Stamina",             "level": 1,             "statGains": {               "speed": 0,               "stamina": 12,               "power": 2,               "guts": 6,               "wit": 0             },             "energyCost": 20,             "energyDelta": null,             "failureChancePct": null,             "numRainbow": 0,             "numSkillHints": 0,             "available": false,             "blockedReason": "injured"           },           {             "actionId": "train_power",             "facility": "power",             "label": "Power",             "level": 1,             "statGains": {               "speed": 2,               "stamina": 5,               "power": 10,               "guts": 0,               "wit": 0             },             "energyCost": 20,             "energyDelta": null,             "failureChancePct": null,             "numRainbow": 0,             "numSkillHints": 0,             "available": false,             "blockedReason": "injured"           },           {             "actionId": "train_guts",             "facility": "guts",             "label": "Guts",             "level": 1,             "statGains": {               "speed": 5,               "stamina": 0,               "power": 2,               "guts": 10,               "wit": 0             },             "energyCost": 20,             "energyDelta": null,             "failureChancePct": null,             "numRainbow": 0,             "numSkillHints": 0,             "available": false,             "blockedReason": "injured"           },           {             "actionId": "train_wit",             "facility": "wit",             "label": "Wit",             "level": 1,             "statGains": {               "speed": 5,               "stamina": 2,               "power": 0,               "guts": 0,               "wit": 11             },             "energyCost": -5,             "energyDelta": null,             "failureChancePct": null,             "numRainbow": 0,             "numSkillHints": 0,             "available": false,             "blockedReason": "injured"           }         ]       }     },     {       "label": "synthetic-pending-event",       "session": "training-pending-event",       "snapshotSha256": "e00a8814413cdb738854ee3b97d2d9f8bde1930bfbd8564cf8dc4227e8ac115c",       "inspection": {         "schemaVersion": 1,         "turn": 2,         "date": "Year 1, Month 7, Early",         "phase": "EVENT",         "scenarioId": "ura",         "traineeName": "Special Week",         "energy": 100,         "maxEnergy": 100,         "mood": "NORMAL",         "sampleKind": "deterministic_seed_0",         "notes": [           "Stat gains are deterministic samples (local seed 0), before stat caps and later scenario/event effects; they are not guaranteed results or expected values.",           "Energy is the base successful-training change after the ordinary energy cap, before later scenario/event effects. Failure is the current engine chance for an available attempt.",           "Blocked rows have no energy result or failure roll. Rainbow and hint counts are the existing preview signals.",           "Inspection does not take an action, advance the career RNG, or save the session."         ],         "unavailableReason": "pending_event",         "rows": []       }     },     {       "label": "synthetic-complete",       "session": "training-complete",       "snapshotSha256": "7b489d0ff76fabd7c4f24a3d3f208eab3773dbd9b27cdca15e0fd1eaaf66b811",       "inspection": {         "schemaVersion": 1,         "turn": 2,         "date": "Year 1, Month 7, Early",         "phase": "COMPLETE",         "scenarioId": "ura",         "traineeName": "Special Week",         "energy": 100,         "maxEnergy": 100,         "mood": "NORMAL",         "sampleKind": "deterministic_seed_0",         "notes": [           "Stat gains are deterministic samples (local seed 0), before stat caps and later scenario/event effects; they are not guaranteed results or expected values.",           "Energy is the base successful-training change after the ordinary energy cap, before later scenario/event effects. Failure is the current engine chance for an available attempt.",           "Blocked rows have no energy result or failure roll. Rainbow and hint counts are the existing preview signals.",           "Inspection does not take an action, advance the career RNG, or save the session."         ],         "unavailableReason": "career_complete",         "rows": []       }     }   ] }
2026-10-08T19:57:18.2753700Z     1..7
2026-10-08T19:57:18.2754140Z ok 5 - native REST/MCP training inspection uses retained career state without spending a turn
2026-10-08T19:57:18.2754539Z   ---
2026-10-08T19:57:18.2754740Z   duration_ms: 15366.995504
2026-10-08T19:57:18.2754955Z   ...
2026-10-08T19:57:18.2795036Z 1..5
2026-10-08T19:57:18.2795333Z # tests 19
2026-10-08T19:57:18.2795757Z # suites 0
2026-10-08T19:57:18.2796241Z # pass 19
2026-10-08T19:57:18.2796687Z # fail 0
2026-10-08T19:57:18.2797153Z # cancelled 0
2026-10-08T19:57:18.2798040Z # skipped 0
2026-10-08T19:57:18.2798473Z # todo 0
2026-10-08T19:57:18.2802994Z # duration_ms 15446.540371
2026-10-08T19:57:18.2880974Z ##[group]Run actions/upload-artifact@043fb46d1a93c77aae656e7c1c64a875d1fc6a0a
2026-10-08T19:57:18.2881308Z with:
2026-10-08T19:57:18.2881494Z   name: uma-sim-mcp-native
2026-10-08T19:57:18.2881730Z   path: /home/runner/work/_temp/uma-sim-mcp-native
2026-10-08T19:57:18.2881991Z   if-no-files-found: warn
2026-10-08T19:57:18.2882193Z   compression-level: 6
2026-10-08T19:57:18.2882387Z   overwrite: false
2026-10-08T19:57:18.2882574Z   include-hidden-files: false
2026-10-08T19:57:18.2882783Z   archive: true
2026-10-08T19:57:18.2883091Z env:
2026-10-08T19:57:18.2883264Z   CARGO_HOME: /home/runner/.cargo
2026-10-08T19:57:18.2883481Z   CARGO_INCREMENTAL: 0
2026-10-08T19:57:18.2883672Z   CARGO_TERM_COLOR: always
2026-10-08T19:57:18.2883864Z   CACHE_ON_FAILURE: false
2026-10-08T19:57:18.2884058Z ##[endgroup]
2026-10-08T19:57:18.4042608Z With the provided path, there will be 19 files uploaded
2026-10-08T19:57:18.4046596Z Artifact name is valid!
2026-10-08T19:57:18.4047065Z Root directory input is valid!
2026-10-08T19:57:18.6621634Z Uploading artifact: uma-sim-mcp-native.zip
2026-10-08T19:57:18.6653795Z Beginning upload of artifact content to blob storage
2026-10-08T19:57:18.7982848Z Uploaded bytes 11689
2026-10-08T19:57:18.8252208Z Finished uploading artifact content to blob storage!
2026-10-08T19:57:18.8252913Z SHA256 digest of uploaded artifact is 1dd4534fe46a5a5a774c1884a83a040ff2c63b1fc281c76b98de08b9d25d64f9
2026-10-08T19:57:18.8253552Z Finalizing artifact upload
2026-10-08T19:57:19.1171685Z Artifact uma-sim-mcp-native successfully finalized. Artifact ID 11574858271
2026-10-08T19:57:19.1172368Z Artifact uma-sim-mcp-native has been successfully uploaded! Final size is 11689 bytes. Artifact ID is 11574858271
2026-10-08T19:57:19.1174829Z Artifact download URL: https://github.com/Jacob-Met/uma-sim/actions/runs/37835376683/artifacts/11574858271
2026-10-08T19:57:19.1289588Z ##[group]Run STAGE=dist/uma-sim-linux-x64
2026-10-08T19:57:19.1289909Z [36;1mSTAGE=dist/uma-sim-linux-x64[0m
2026-10-08T19:57:19.1290222Z [36;1mmkdir -p "$STAGE/knowledge/canonical/by_kind"[0m
2026-10-08T19:57:19.1290541Z [36;1mcp target/release/uma-sim "$STAGE/"[0m
2026-10-08T19:57:19.1290844Z [36;1mcp -r research content_packs "$STAGE/"[0m
2026-10-08T19:57:19.1291218Z [36;1mcp knowledge/canonical/by_kind/*.json "$STAGE/knowledge/canonical/by_kind/"[0m
2026-10-08T19:57:19.1291620Z [36;1mscripts/smoke_release_layout.sh "$STAGE" uma-sim[0m
2026-10-08T19:57:19.1349368Z shell: /usr/bin/bash -e {0}
2026-10-08T19:57:19.1349618Z env:
2026-10-08T19:57:19.1349832Z   CARGO_HOME: /home/runner/.cargo
2026-10-08T19:57:19.1350081Z   CARGO_INCREMENTAL: 0
2026-10-08T19:57:19.1350299Z   CARGO_TERM_COLOR: always
2026-10-08T19:57:19.1350520Z   CACHE_ON_FAILURE: false
2026-10-08T19:57:19.1350726Z ##[endgroup]
2026-10-08T19:57:19.1599859Z == uma-sim fast --seed=42 --race-model=stub (cwd: /tmp/tmp.aGDnt5mDrF)
2026-10-08T19:57:19.2285152Z Ended: career=true turn=72 fans=4064 elapsed=19ms speed=x20 policy=default
2026-10-08T19:57:19.2285942Z Terminal: U=9.000 grade=F+ score=1100 sp_spent=221 φ=4.50 ψ=4.50
2026-10-08T19:57:19.2299056Z == uma-sim fast --seed=42 --race-model=physics (cwd: /tmp/tmp.aGDnt5mDrF)
2026-10-08T19:57:19.3076728Z Ended: career=true turn=72 fans=1217 elapsed=28ms speed=x20 policy=default
2026-10-08T19:57:19.3077574Z Terminal: U=9.000 grade=F score=770 sp_spent=121 φ=4.50 ψ=4.50
2026-10-08T19:57:19.3090843Z release layout OK
2026-10-08T19:57:19.3176440Z ##[group]Run actions/setup-python@5fda3b95a4ea91299a34e894583c3862153e4b97
2026-10-08T19:57:19.3176782Z with:
2026-10-08T19:57:19.3176973Z   python-version: 3.12
2026-10-08T19:57:19.3177174Z   check-latest: false
2026-10-08T19:57:19.3179266Z   token: ***
2026-10-08T19:57:19.3179470Z   update-environment: true
2026-10-08T19:57:19.3179696Z   allow-prereleases: false
2026-10-08T19:57:19.3179901Z   freethreaded: false
2026-10-08T19:57:19.3180089Z env:
2026-10-08T19:57:19.3180272Z   CARGO_HOME: /home/runner/.cargo
2026-10-08T19:57:19.3180498Z   CARGO_INCREMENTAL: 0
2026-10-08T19:57:19.3180694Z   CARGO_TERM_COLOR: always
2026-10-08T19:57:19.3180900Z   CACHE_ON_FAILURE: false
2026-10-08T19:57:19.3181101Z ##[endgroup]
2026-10-08T19:57:19.4123751Z ##[group]Installed versions
2026-10-08T19:57:19.4239560Z Successfully set up CPython (3.12.15)
2026-10-08T19:57:19.4240197Z ##[endgroup]
2026-10-08T19:57:19.4353500Z ##[group]Run python scripts/calibrate_grand_live.py --strict
2026-10-08T19:57:19.4354009Z [36;1mpython scripts/calibrate_grand_live.py --strict[0m
2026-10-08T19:57:19.4417458Z shell: /usr/bin/bash -e {0}
2026-10-08T19:57:19.4418097Z env:
2026-10-08T19:57:19.4418317Z   CARGO_HOME: /home/runner/.cargo
2026-10-08T19:57:19.4418567Z   CARGO_INCREMENTAL: 0
2026-10-08T19:57:19.4418793Z   CARGO_TERM_COLOR: always
2026-10-08T19:57:19.4419023Z   CACHE_ON_FAILURE: false
2026-10-08T19:57:19.4419299Z   pythonLocation: /opt/hostedtoolcache/Python/3.12.15/x64
2026-10-08T19:57:19.4419708Z   PKG_CONFIG_PATH: /opt/hostedtoolcache/Python/3.12.15/x64/lib/pkgconfig
2026-10-08T19:57:19.4420094Z   Python_ROOT_DIR: /opt/hostedtoolcache/Python/3.12.15/x64
2026-10-08T19:57:19.4420432Z   Python2_ROOT_DIR: /opt/hostedtoolcache/Python/3.12.15/x64
2026-10-08T19:57:19.4420774Z   Python3_ROOT_DIR: /opt/hostedtoolcache/Python/3.12.15/x64
2026-10-08T19:57:19.4421146Z   LD_LIBRARY_PATH: /opt/hostedtoolcache/Python/3.12.15/x64/lib
2026-10-08T19:57:19.4421442Z ##[endgroup]
2026-10-08T19:57:19.5153582Z {
2026-10-08T19:57:19.5154239Z   "rows_checked": 9,
2026-10-08T19:57:19.5154769Z   "exact_matches": 9,
2026-10-08T19:57:19.5155111Z   "mismatches": 0,
2026-10-08T19:57:19.5155459Z   "label_mismatches": [],
2026-10-08T19:57:19.5155820Z   "within_2_pts": 9,
2026-10-08T19:57:19.5156124Z   "pct_within_2": 1.0,
2026-10-08T19:57:19.5156431Z   "median_abs_error": 0.0,
2026-10-08T19:57:19.5156756Z   "gate_pass": true,
2026-10-08T19:57:19.5157074Z   "exact_pass": true,
2026-10-08T19:57:19.5157386Z   "pass": true,
2026-10-08T19:57:19.5157676Z   "details": []
2026-10-08T19:57:19.5158131Z }
2026-10-08T19:57:19.5267104Z Post job cleanup.
2026-10-08T19:57:19.6294714Z Post job cleanup.
2026-10-08T19:57:19.7340695Z Post job cleanup.
2026-10-08T19:57:19.8328952Z Cache up-to-date.
2026-10-08T19:57:19.8515504Z Post job cleanup.
2026-10-08T19:57:19.9216959Z [command]/usr/bin/git version
2026-10-08T19:57:19.9265959Z git version 2.55.0
2026-10-08T19:57:19.9300927Z Temporarily overriding HOME='/home/runner/work/_temp/45b0876e-a8b0-4f31-b73a-9d7b88147059' before making global git config changes
2026-10-08T19:57:19.9301810Z Adding repository directory to the temporary git global config as a safe directory
2026-10-08T19:57:19.9302633Z [command]/usr/bin/git config --global --add safe.directory /home/runner/work/uma-sim/uma-sim
2026-10-08T19:57:19.9331510Z Removing SSH command configuration
2026-10-08T19:57:19.9337527Z [command]/usr/bin/git config --local --name-only --get-regexp core\.sshCommand
2026-10-08T19:57:19.9370807Z [command]/usr/bin/git submodule foreach --recursive sh -c "git config --local --name-only --get-regexp 'core\.sshCommand' && git config --local --unset-all 'core.sshCommand' || :"
2026-10-08T19:57:19.9665946Z Removing HTTP extra header
2026-10-08T19:57:19.9666748Z [command]/usr/bin/git config --local --name-only --get-regexp http\.https\:\/\/github\.com\/\.extraheader
2026-10-08T19:57:19.9737366Z [command]/usr/bin/git submodule foreach --recursive sh -c "git config --local --name-only --get-regexp 'http\.https\:\/\/github\.com\/\.extraheader' && git config --local --unset-all 'http.https://github.com/.extraheader' || :"
2026-10-08T19:57:19.9986430Z Removing includeIf entries pointing to credentials config files
2026-10-08T19:57:19.9992524Z [command]/usr/bin/git config --local --name-only --get-regexp ^includeIf\.gitdir:
2026-10-08T19:57:20.0029319Z includeif.gitdir:/home/runner/work/uma-sim/uma-sim/.git.path
2026-10-08T19:57:20.0030115Z includeif.gitdir:/home/runner/work/uma-sim/uma-sim/.git/worktrees/*.path
2026-10-08T19:57:20.0031131Z includeif.gitdir:/github/workspace/.git.path
2026-10-08T19:57:20.0031786Z includeif.gitdir:/github/workspace/.git/worktrees/*.path
2026-10-08T19:57:20.0035845Z [command]/usr/bin/git config --local --get-all includeif.gitdir:/home/runner/work/uma-sim/uma-sim/.git.path
2026-10-08T19:57:20.0058549Z /home/runner/work/_temp/git-credentials-073ab813-9628-461c-8b65-3e33e8a7f701.config
2026-10-08T19:57:20.0068847Z [command]/usr/bin/git config --local --unset includeif.gitdir:/home/runner/work/uma-sim/uma-sim/.git.path \/home\/runner\/work\/_temp\/git\-credentials\-073ab813\-9628\-461c\-8b65\-3e33e8a7f701\.config
2026-10-08T19:57:20.0102789Z [command]/usr/bin/git config --local --get-all includeif.gitdir:/home/runner/work/uma-sim/uma-sim/.git/worktrees/*.path
2026-10-08T19:57:20.0129647Z /home/runner/work/_temp/git-credentials-073ab813-9628-461c-8b65-3e33e8a7f701.config
2026-10-08T19:57:20.0136725Z [command]/usr/bin/git config --local --unset includeif.gitdir:/home/runner/work/uma-sim/uma-sim/.git/worktrees/*.path \/home\/runner\/work\/_temp\/git\-credentials\-073ab813\-9628\-461c\-8b65\-3e33e8a7f701\.config
2026-10-08T19:57:20.0170577Z [command]/usr/bin/git config --local --get-all includeif.gitdir:/github/workspace/.git.path
2026-10-08T19:57:20.0194469Z /github/runner_temp/git-credentials-073ab813-9628-461c-8b65-3e33e8a7f701.config
2026-10-08T19:57:20.0208604Z [command]/usr/bin/git config --local --unset includeif.gitdir:/github/workspace/.git.path \/github\/runner_temp\/git\-credentials\-073ab813\-9628\-461c\-8b65\-3e33e8a7f701\.config
2026-10-08T19:57:20.0233065Z [command]/usr/bin/git config --local --get-all includeif.gitdir:/github/workspace/.git/worktrees/*.path
2026-10-08T19:57:20.0254257Z /github/runner_temp/git-credentials-073ab813-9628-461c-8b65-3e33e8a7f701.config
2026-10-08T19:57:20.0261085Z [command]/usr/bin/git config --local --unset includeif.gitdir:/github/workspace/.git/worktrees/*.path \/github\/runner_temp\/git\-credentials\-073ab813\-9628\-461c\-8b65\-3e33e8a7f701\.config
2026-10-08T19:57:20.0292607Z [command]/usr/bin/git submodule foreach --recursive git config --local --show-origin --name-only --get-regexp remote.origin.url
2026-10-08T19:57:20.0480840Z Removing credentials config '/home/runner/work/_temp/git-credentials-073ab813-9628-461c-8b65-3e33e8a7f701.config'
2026-10-08T19:57:20.0602711Z Cleaning up orphan processes
