2026-10-08T19:37:45.2590151Z Current runner version: '2.337.0'
2026-10-08T19:37:45.2624413Z ##[group]Runner Image Provisioner
2026-10-08T19:37:45.2625534Z Hosted Compute Agent
2026-10-08T19:37:45.2626493Z Version: 20261002.596
2026-10-08T19:37:45.2627336Z Commit: c3d12f3313a95f25162a1503be624f3b0617f8c0
2026-10-08T19:37:45.2628523Z Build Date: 2026-10-02T22:28:27Z
2026-10-08T19:37:45.2629339Z Worker ID: {5c163102-429b-4d4f-9b8e-01a5e27ee601}
2026-10-08T19:37:45.2630445Z Region: eastus
2026-10-08T19:37:45.2631195Z Cloud: Azure
2026-10-08T19:37:45.2632107Z ##[endgroup]
2026-10-08T19:37:45.2634754Z ##[group]Operating System
2026-10-08T19:37:45.2635645Z Ubuntu
2026-10-08T19:37:45.2636363Z 24.04.5
2026-10-08T19:37:45.2637044Z LTS
2026-10-08T19:37:45.2637857Z ##[endgroup]
2026-10-08T19:37:45.2638697Z ##[group]Runner Image
2026-10-08T19:37:45.2639485Z Image: ubuntu-24.04
2026-10-08T19:37:45.2640467Z Version: 20261004.327.1
2026-10-08T19:37:45.2642585Z Included Software: https://github.com/actions/runner-images/blob/ubuntu24/20261004.327/images/ubuntu/Ubuntu2404-Readme.md
2026-10-08T19:37:45.2645131Z Image Release: https://github.com/actions/runner-images/releases/tag/ubuntu24%2F20261004.327
2026-10-08T19:37:45.2646485Z ##[endgroup]
2026-10-08T19:37:45.2648340Z ##[group]GITHUB_TOKEN Permissions
2026-10-08T19:37:45.2651165Z Contents: read
2026-10-08T19:37:45.2652403Z Metadata: read
2026-10-08T19:37:45.2653171Z ##[endgroup]
2026-10-08T19:37:45.2656533Z Secret source: Actions
2026-10-08T19:37:45.2657724Z Cache mode: write
2026-10-08T19:37:45.2659161Z Prepare workflow directory
2026-10-08T19:37:45.3103965Z Prepare all required actions
2026-10-08T19:37:45.3177762Z Getting action download info
2026-10-08T19:37:45.5604941Z Download action repository 'actions/checkout@3d3c42e5aac5ba805825da76410c181273ba90b1' (SHA:3d3c42e5aac5ba805825da76410c181273ba90b1)
2026-10-08T19:37:45.7974396Z Download action repository 'actions/download-artifact@3e5f45b2cfb9172054b4087a40e8e0b5a5461e7c' (SHA:3e5f45b2cfb9172054b4087a40e8e0b5a5461e7c)
2026-10-08T19:37:46.2121841Z Download action repository 'dtolnay/rust-toolchain@89b12181fb390509a0842a86cc55eeb8eb928c1d' (SHA:89b12181fb390509a0842a86cc55eeb8eb928c1d)
2026-10-08T19:37:46.2973891Z Download action repository 'Swatinem/rust-cache@6323deb102c322ba6fcbdcafc7e3dddab59af2b6' (SHA:6323deb102c322ba6fcbdcafc7e3dddab59af2b6)
2026-10-08T19:37:46.5296032Z Download action repository 'actions/setup-node@820762786026740c76f36085b0efc47a31fe5020' (SHA:820762786026740c76f36085b0efc47a31fe5020)
2026-10-08T19:37:46.6518165Z Download action repository 'actions/upload-artifact@043fb46d1a93c77aae656e7c1c64a875d1fc6a0a' (SHA:043fb46d1a93c77aae656e7c1c64a875d1fc6a0a)
2026-10-08T19:37:46.8480834Z Download action repository 'actions/setup-python@5fda3b95a4ea91299a34e894583c3862153e4b97' (SHA:5fda3b95a4ea91299a34e894583c3862153e4b97)
2026-10-08T19:37:47.2391881Z Complete job name: rust
2026-10-08T19:37:47.3461308Z ##[group]Run actions/checkout@3d3c42e5aac5ba805825da76410c181273ba90b1
2026-10-08T19:37:47.3463041Z with:
2026-10-08T19:37:47.3463810Z   repository: Jacob-Met/uma-sim
2026-10-08T19:37:47.3471845Z   token: ***
2026-10-08T19:37:47.3472955Z   ssh-strict: true
2026-10-08T19:37:47.3473741Z   ssh-user: git
2026-10-08T19:37:47.3474532Z   persist-credentials: true
2026-10-08T19:37:47.3475370Z   clean: true
2026-10-08T19:37:47.3476179Z   sparse-checkout-cone-mode: true
2026-10-08T19:37:47.3477111Z   fetch-depth: 1
2026-10-08T19:37:47.3477858Z   fetch-tags: false
2026-10-08T19:37:47.3478646Z   show-progress: true
2026-10-08T19:37:47.3479438Z   lfs: false
2026-10-08T19:37:47.3480176Z   submodules: false
2026-10-08T19:37:47.3480977Z   set-safe-directory: true
2026-10-08T19:37:47.3481873Z   allow-unsafe-pr-checkout: false
2026-10-08T19:37:47.3483223Z ##[endgroup]
2026-10-08T19:37:47.4519037Z Syncing repository: Jacob-Met/uma-sim
2026-10-08T19:37:47.4522464Z ##[group]Getting Git version info
2026-10-08T19:37:47.4523837Z Working directory is '/home/runner/work/uma-sim/uma-sim'
2026-10-08T19:37:47.4525613Z [command]/usr/bin/git version
2026-10-08T19:37:47.4905325Z git version 2.55.0
2026-10-08T19:37:47.4918456Z ##[endgroup]
2026-10-08T19:37:47.4929266Z Temporarily overriding HOME='/home/runner/work/_temp/45deb694-990e-4110-b06e-900f590ac01b' before making global git config changes
2026-10-08T19:37:47.4933151Z Adding repository directory to the temporary git global config as a safe directory
2026-10-08T19:37:47.4936103Z [command]/usr/bin/git config --global --add safe.directory /home/runner/work/uma-sim/uma-sim
2026-10-08T19:37:47.5246826Z Deleting the contents of '/home/runner/work/uma-sim/uma-sim'
2026-10-08T19:37:47.5249910Z ##[group]Determining repository object format
2026-10-08T19:37:47.5252406Z ##[endgroup]
2026-10-08T19:37:47.5254332Z ##[group]Initializing the repository
2026-10-08T19:37:47.5256360Z [command]/usr/bin/git init /home/runner/work/uma-sim/uma-sim
2026-10-08T19:37:47.7138646Z hint: Using 'master' as the name for the initial branch. This default branch name
2026-10-08T19:37:47.7142338Z hint: will change to "main" in Git 3.0. To configure the initial branch name
2026-10-08T19:37:47.7144620Z hint: to use in all of your new repositories, which will suppress this warning,
2026-10-08T19:37:47.7146322Z hint: call:
2026-10-08T19:37:47.7147483Z hint:
2026-10-08T19:37:47.7149665Z hint: 	git config --global init.defaultBranch <name>
2026-10-08T19:37:47.7151520Z hint:
2026-10-08T19:37:47.7153312Z hint: Names commonly chosen instead of 'master' are 'main', 'trunk' and
2026-10-08T19:37:47.7155458Z hint: 'development'. The just-created branch can be renamed via this command:
2026-10-08T19:37:47.7157062Z hint:
2026-10-08T19:37:47.7158299Z hint: 	git branch -m <name>
2026-10-08T19:37:47.7159591Z hint:
2026-10-08T19:37:47.7161320Z hint: Disable this message with "git config set advice.defaultBranchName false"
2026-10-08T19:37:47.7163761Z Initialized empty Git repository in /home/runner/work/uma-sim/uma-sim/.git/
2026-10-08T19:37:47.7166906Z [command]/usr/bin/git remote add origin https://github.com/Jacob-Met/uma-sim
2026-10-08T19:37:47.8431556Z ##[endgroup]
2026-10-08T19:37:47.8432609Z ##[group]Disabling automatic garbage collection
2026-10-08T19:37:47.8446214Z [command]/usr/bin/git config --local gc.auto 0
2026-10-08T19:37:47.8631113Z ##[endgroup]
2026-10-08T19:37:47.8631820Z ##[group]Setting up auth
2026-10-08T19:37:47.8632514Z Removing SSH command configuration
2026-10-08T19:37:47.8638469Z [command]/usr/bin/git config --local --name-only --get-regexp core\.sshCommand
2026-10-08T19:37:47.8744196Z [command]/usr/bin/git submodule foreach --recursive sh -c "git config --local --name-only --get-regexp 'core\.sshCommand' && git config --local --unset-all 'core.sshCommand' || :"
2026-10-08T19:37:48.1343124Z Removing HTTP extra header
2026-10-08T19:37:48.1349821Z [command]/usr/bin/git config --local --name-only --get-regexp http\.https\:\/\/github\.com\/\.extraheader
2026-10-08T19:37:48.1392686Z [command]/usr/bin/git submodule foreach --recursive sh -c "git config --local --name-only --get-regexp 'http\.https\:\/\/github\.com\/\.extraheader' && git config --local --unset-all 'http.https://github.com/.extraheader' || :"
2026-10-08T19:37:48.1658154Z Removing includeIf entries pointing to credentials config files
2026-10-08T19:37:48.1666028Z [command]/usr/bin/git config --local --name-only --get-regexp ^includeIf\.gitdir:
2026-10-08T19:37:48.1728653Z [command]/usr/bin/git submodule foreach --recursive git config --local --show-origin --name-only --get-regexp remote.origin.url
2026-10-08T19:37:48.2004530Z [command]/usr/bin/git config --file /home/runner/work/_temp/git-credentials-31b6c606-5e26-431b-b651-c7dbfeb93b1c.config http.https://github.com/.extraheader AUTHORIZATION: basic ***
2026-10-08T19:37:48.2062392Z [command]/usr/bin/git config --local includeIf.gitdir:/home/runner/work/uma-sim/uma-sim/.git.path /home/runner/work/_temp/git-credentials-31b6c606-5e26-431b-b651-c7dbfeb93b1c.config
2026-10-08T19:37:48.2107805Z [command]/usr/bin/git config --local includeIf.gitdir:/home/runner/work/uma-sim/uma-sim/.git/worktrees/*.path /home/runner/work/_temp/git-credentials-31b6c606-5e26-431b-b651-c7dbfeb93b1c.config
2026-10-08T19:37:48.2153328Z [command]/usr/bin/git config --local includeIf.gitdir:/github/workspace/.git.path /github/runner_temp/git-credentials-31b6c606-5e26-431b-b651-c7dbfeb93b1c.config
2026-10-08T19:37:48.2217404Z [command]/usr/bin/git config --local includeIf.gitdir:/github/workspace/.git/worktrees/*.path /github/runner_temp/git-credentials-31b6c606-5e26-431b-b651-c7dbfeb93b1c.config
2026-10-08T19:37:48.2256012Z ##[endgroup]
2026-10-08T19:37:48.2256603Z ##[group]Fetching the repository
2026-10-08T19:37:48.2263802Z [command]/usr/bin/git -c protocol.version=2 fetch --no-tags --prune --no-recurse-submodules --depth=1 origin +b3759407a3f84eb6252c3d0dad06f8158d85e782:refs/remotes/pull/117/merge
2026-10-08T19:37:49.2888707Z From https://github.com/Jacob-Met/uma-sim
2026-10-08T19:37:49.2889789Z  * [new ref]         b3759407a3f84eb6252c3d0dad06f8158d85e782 -> pull/117/merge
2026-10-08T19:37:49.2896108Z ##[endgroup]
2026-10-08T19:37:49.2896723Z ##[group]Determining the checkout info
2026-10-08T19:37:49.2897322Z ##[endgroup]
2026-10-08T19:37:49.2902487Z [command]/usr/bin/git sparse-checkout disable
2026-10-08T19:37:49.2979890Z [command]/usr/bin/git config --local --unset-all extensions.worktreeConfig
2026-10-08T19:37:49.3017671Z ##[group]Checking out the ref
2026-10-08T19:37:49.3022370Z [command]/usr/bin/git checkout --progress --force refs/remotes/pull/117/merge
2026-10-08T19:37:49.5743117Z Note: switching to 'refs/remotes/pull/117/merge'.
2026-10-08T19:37:49.5743529Z 
2026-10-08T19:37:49.5743812Z You are in 'detached HEAD' state. You can look around, make experimental
2026-10-08T19:37:49.5744482Z changes and commit them, and you can discard any commits you make in this
2026-10-08T19:37:49.5745134Z state without impacting any branches by switching back to a branch.
2026-10-08T19:37:49.5745530Z 
2026-10-08T19:37:49.5745886Z If you want to create a new branch to retain commits you create, you may
2026-10-08T19:37:49.5746491Z do so (now or later) by using -c with the switch command. Example:
2026-10-08T19:37:49.5746868Z 
2026-10-08T19:37:49.5747023Z   git switch -c <new-branch-name>
2026-10-08T19:37:49.5747274Z 
2026-10-08T19:37:49.5747421Z Or undo this operation with:
2026-10-08T19:37:49.5747638Z 
2026-10-08T19:37:49.5747764Z   git switch -
2026-10-08T19:37:49.5748123Z 
2026-10-08T19:37:49.5748326Z Turn off this advice by setting config variable advice.detachedHead to false
2026-10-08T19:37:49.5748596Z 
2026-10-08T19:37:49.5748895Z HEAD is now at b375940 Merge aa917c00e099ecd5e8342a443b289a4afb726d0d into 8d74413d7dbc3caf1745779c92d56b6eb7feea42
2026-10-08T19:37:49.5792415Z ##[endgroup]
2026-10-08T19:37:49.5851484Z [command]/usr/bin/git log -1 --format=%H
2026-10-08T19:37:49.5885019Z b3759407a3f84eb6252c3d0dad06f8158d85e782
2026-10-08T19:37:49.6127741Z ##[group]Run actions/download-artifact@3e5f45b2cfb9172054b4087a40e8e0b5a5461e7c
2026-10-08T19:37:49.6128129Z with:
2026-10-08T19:37:49.6128331Z   name: uma-sim-ui-dist
2026-10-08T19:37:49.6128559Z   path: packages/uma-sim-ui/dist
2026-10-08T19:37:49.6128814Z   merge-multiple: false
2026-10-08T19:37:49.6129022Z   repository: Jacob-Met/uma-sim
2026-10-08T19:37:49.6129253Z   run-id: 37833173081
2026-10-08T19:37:49.6129468Z   skip-decompress: false
2026-10-08T19:37:49.6129678Z   digest-mismatch: error
2026-10-08T19:37:49.6129881Z ##[endgroup]
2026-10-08T19:37:49.7402545Z Downloading single artifact
2026-10-08T19:37:49.8625292Z Preparing to download the following artifacts:
2026-10-08T19:37:49.8626236Z - uma-sim-ui-dist (ID: 11574730861, Size: 69830, Expected Digest: sha256:8081f16f17831b8f254fc88f849d8cf286a7bebb07ae40acc5f30777e7720ae5)
2026-10-08T19:37:50.0350083Z Redirecting to blob download url: https://productionresultssa3.blob.core.windows.net/actions-results/b532cc09-a943-80e1-97a8-fc505b11a49d/workflow-job-run-69dcfbaf-b788-5646-92e7-66c4ada2d189/artifacts/41ddf279ab96a7c5364033a2bd4e1228c219b6777fd5a55ec9929d0be21c822c.zip
2026-10-08T19:37:50.0352232Z Starting download of artifact to: /home/runner/work/uma-sim/uma-sim/packages/uma-sim-ui/dist
2026-10-08T19:37:50.0673268Z (node:2125) [DEP0005] DeprecationWarning: Buffer() is deprecated due to security and usability issues. Please use the Buffer.alloc(), Buffer.allocUnsafe(), or Buffer.from() methods instead.
2026-10-08T19:37:50.0674632Z (Use `node --trace-deprecation ...` to show where the warning was created)
2026-10-08T19:37:50.0856538Z SHA256 digest of downloaded artifact is 8081f16f17831b8f254fc88f849d8cf286a7bebb07ae40acc5f30777e7720ae5
2026-10-08T19:37:50.0857587Z Artifact download completed successfully.
2026-10-08T19:37:50.0858127Z Total of 1 artifact(s) downloaded
2026-10-08T19:37:50.0860128Z Download artifact has finished successfully
2026-10-08T19:37:50.1130595Z ##[group]Run dtolnay/rust-toolchain@89b12181fb390509a0842a86cc55eeb8eb928c1d
2026-10-08T19:37:50.1130946Z with:
2026-10-08T19:37:50.1131147Z   components: rustfmt, clippy
2026-10-08T19:37:50.1131376Z   toolchain: stable
2026-10-08T19:37:50.1131570Z ##[endgroup]
2026-10-08T19:37:50.1193915Z ##[start-action display=Parse toolchain version;id=__dtolnay_rust-toolchain.parse]
2026-10-08T19:37:50.1245355Z ##[group]Run if [[ -z $toolchain ]]; then
2026-10-08T19:37:50.1245719Z [36;1mif [[ -z $toolchain ]]; then[0m
2026-10-08T19:37:50.1246210Z [36;1m  # GitHub does not enforce `required: true` inputs itself. https://github.com/actions/runner/issues/1070[0m
2026-10-08T19:37:50.1246723Z [36;1m  echo "'toolchain' is a required input" >&2[0m
2026-10-08T19:37:50.1247021Z [36;1m  exit 1[0m
2026-10-08T19:37:50.1247352Z [36;1melif [[ $toolchain =~ ^stable' '[0-9]+' '(year|month|week|day)s?' 'ago$ ]]; then[0m
2026-10-08T19:37:50.1247728Z [36;1m  if [[ Linux == macOS ]]; then[0m
2026-10-08T19:37:50.1248249Z [36;1m    echo "toolchain=1.$((($(date -v-$(sed 's/stable \([0-9]*\) \(.\).*/\1\2/' <<< $toolchain) +%s)/60/60/24-16569)/7/6))" >> $GITHUB_OUTPUT[0m
2026-10-08T19:37:50.1248697Z [36;1m  else[0m
2026-10-08T19:37:50.1249052Z [36;1m    echo "toolchain=1.$((($(date --date "${toolchain#stable }" +%s)/60/60/24-16569)/7/6))" >> $GITHUB_OUTPUT[0m
2026-10-08T19:37:50.1249471Z [36;1m  fi[0m
2026-10-08T19:37:50.1249747Z [36;1melif [[ $toolchain =~ ^stable' 'minus' '[0-9]+' 'releases?$ ]]; then[0m
2026-10-08T19:37:50.1250205Z [36;1m  echo "toolchain=1.$((($(date +%s)/60/60/24-16569)/7/6-${toolchain//[^0-9]/}))" >> $GITHUB_OUTPUT[0m
2026-10-08T19:37:50.1250594Z [36;1melif [[ $toolchain =~ ^1\.[0-9]+$ ]]; then[0m
2026-10-08T19:37:50.1251050Z [36;1m  echo "toolchain=1.$((i=${toolchain#1.}, c=($(date +%s)/60/60/24-16569)/7/6, i+9*i*(10*i<=c)+90*i*(100*i<=c)))" >> $GITHUB_OUTPUT[0m
2026-10-08T19:37:50.1251480Z [36;1melse[0m
2026-10-08T19:37:50.1251724Z [36;1m  echo "toolchain=$toolchain" >> $GITHUB_OUTPUT[0m
2026-10-08T19:37:50.1252186Z [36;1mfi[0m
2026-10-08T19:37:50.3501688Z shell: /usr/bin/bash --noprofile --norc -e -o pipefail {0}
2026-10-08T19:37:50.3502188Z env:
2026-10-08T19:37:50.3502390Z   toolchain: stable
2026-10-08T19:37:50.3502597Z ##[endgroup]
2026-10-08T19:37:50.3641595Z ##[end-action id=__dtolnay_rust-toolchain.parse;outcome=success;conclusion=success;duration_ms=244]
2026-10-08T19:37:50.3653417Z ##[start-action display=Construct rustup command line;id=__dtolnay_rust-toolchain.flags]
2026-10-08T19:37:50.3681230Z ##[group]Run echo "targets=$(for t in ${targets//,/ }; do echo -n ' --target' $t; done)" >> $GITHUB_OUTPUT
2026-10-08T19:37:50.3681821Z [36;1mecho "targets=$(for t in ${targets//,/ }; do echo -n ' --target' $t; done)" >> $GITHUB_OUTPUT[0m
2026-10-08T19:37:50.3682697Z [36;1mecho "components=$(for c in ${components//,/ }; do echo -n ' --component' $c; done)" >> $GITHUB_OUTPUT[0m
2026-10-08T19:37:50.3683147Z [36;1mecho "downgrade=" >> $GITHUB_OUTPUT[0m
2026-10-08T19:37:50.3744549Z shell: /usr/bin/bash --noprofile --norc -e -o pipefail {0}
2026-10-08T19:37:50.3744875Z env:
2026-10-08T19:37:50.3745073Z   targets: 
2026-10-08T19:37:50.3745286Z   components: rustfmt, clippy
2026-10-08T19:37:50.3745533Z ##[endgroup]
2026-10-08T19:37:50.3838452Z ##[end-action id=__dtolnay_rust-toolchain.flags;outcome=success;conclusion=success;duration_ms=18]
2026-10-08T19:37:50.3840983Z ##[start-action display=Set $CARGO_HOME;id=__dtolnay_rust-toolchain.__run]
2026-10-08T19:37:50.3860180Z ##[group]Run echo CARGO_HOME=${CARGO_HOME:-"$HOME/.cargo"} >> $GITHUB_ENV
2026-10-08T19:37:50.3860597Z [36;1mecho CARGO_HOME=${CARGO_HOME:-"$HOME/.cargo"} >> $GITHUB_ENV[0m
2026-10-08T19:37:50.3915939Z shell: /usr/bin/bash --noprofile --norc -e -o pipefail {0}
2026-10-08T19:37:50.3916242Z ##[endgroup]
2026-10-08T19:37:50.4002335Z ##[end-action id=__dtolnay_rust-toolchain.__run;outcome=success;conclusion=success;duration_ms=16]
2026-10-08T19:37:50.4004864Z ##[start-action display=Install rustup if needed;id=__dtolnay_rust-toolchain.__run_2]
2026-10-08T19:37:50.4030474Z ##[group]Run if ! command -v rustup &>/dev/null; then
2026-10-08T19:37:50.4030814Z [36;1mif ! command -v rustup &>/dev/null; then[0m
2026-10-08T19:37:50.4031463Z [36;1m  curl --proto '=https' --tlsv1.2 --retry 10 --retry-connrefused --location --silent --show-error --fail https://sh.rustup.rs | sh -s -- --default-toolchain none -y[0m
2026-10-08T19:37:50.4032311Z [36;1m  echo "$CARGO_HOME/bin" >> $GITHUB_PATH[0m
2026-10-08T19:37:50.4032575Z [36;1mfi[0m
2026-10-08T19:37:50.4092081Z shell: /usr/bin/bash --noprofile --norc -e -o pipefail {0}
2026-10-08T19:37:50.4092426Z env:
2026-10-08T19:37:50.4092628Z   CARGO_HOME: /home/runner/.cargo
2026-10-08T19:37:50.4092878Z ##[endgroup]
2026-10-08T19:37:50.4187073Z ##[end-action id=__dtolnay_rust-toolchain.__run_2;outcome=success;conclusion=success;duration_ms=18]
2026-10-08T19:37:50.4190326Z ##[start-action display=Install rustup if needed on windows;id=__dtolnay_rust-toolchain.__run_3]
2026-10-08T19:37:50.4199181Z ##[end-action id=__dtolnay_rust-toolchain.__run_3;outcome=skipped;conclusion=skipped;duration_ms=0]
2026-10-08T19:37:50.4209020Z ##[start-action display=rustup toolchain install stable;id=__dtolnay_rust-toolchain.__run_4]
2026-10-08T19:37:50.4227631Z ##[group]Run log=$(mktemp)
2026-10-08T19:37:50.4227885Z [36;1mlog=$(mktemp)[0m
2026-10-08T19:37:50.4228117Z [36;1mtrap 'rm -f "$log"' EXIT[0m
2026-10-08T19:37:50.4228355Z [36;1mfor attempt in 1 2 3 4 5; do[0m
2026-10-08T19:37:50.4228905Z [36;1m  if rustup toolchain install stable --component rustfmt --component clippy --profile minimal --no-self-update --force-non-host 2>&1 | tee "$log"; then[0m
2026-10-08T19:37:50.4229436Z [36;1m    break[0m
2026-10-08T19:37:50.4229623Z [36;1m  else[0m
2026-10-08T19:37:50.4229802Z [36;1m    status=$?[0m
2026-10-08T19:37:50.4229994Z [36;1m  fi[0m
2026-10-08T19:37:50.4230262Z [36;1m  if [[ $attempt == 5 ]] || ! grep -Fq 'checksum failed for ' "$log" \[0m
2026-10-08T19:37:50.4230728Z [36;1m      || ! grep -Fq 'this is likely due to an ongoing update of the official release server' "$log"; then[0m
2026-10-08T19:37:50.4231114Z [36;1m    exit "$status"[0m
2026-10-08T19:37:50.4231322Z [36;1m  fi[0m
2026-10-08T19:37:50.4231632Z [36;1m  echo "Retrying rustup toolchain install in 30 seconds (retry $attempt of 4)" >&2[0m
2026-10-08T19:37:50.4232228Z [36;1m  sleep 30[0m
2026-10-08T19:37:50.4232415Z [36;1mdone[0m
2026-10-08T19:37:50.4291230Z shell: /usr/bin/bash --noprofile --norc -e -o pipefail {0}
2026-10-08T19:37:50.4291533Z env:
2026-10-08T19:37:50.4291734Z   CARGO_HOME: /home/runner/.cargo
2026-10-08T19:37:50.4292157Z   RUSTUP_PERMIT_COPY_RENAME: 1
2026-10-08T19:37:50.4292419Z ##[endgroup]
2026-10-08T19:37:51.1965154Z info: syncing channel updates for stable-x86_64-unknown-linux-gnu
2026-10-08T19:37:51.4444891Z info: latest update on 2026-10-01 for version 1.99.0 (b940084d7 2026-09-28)
2026-10-08T19:37:51.4589855Z info: component clippy is up to date
2026-10-08T19:37:51.4590401Z info: component rustfmt is up to date
2026-10-08T19:37:51.4601866Z 
2026-10-08T19:37:51.4689201Z   stable-x86_64-unknown-linux-gnu unchanged - rustc 1.99.0 (b940084d7 2026-09-28)
2026-10-08T19:37:51.4689662Z 
2026-10-08T19:37:51.4926602Z ##[end-action id=__dtolnay_rust-toolchain.__run_4;outcome=success;conclusion=success;duration_ms=1071]
2026-10-08T19:37:51.4933103Z ##[start-action display=rustup default stable;id=__dtolnay_rust-toolchain.__run_5]
2026-10-08T19:37:51.5591246Z ##[group]Run rustup default stable --force-non-host
2026-10-08T19:37:51.5591611Z [36;1mrustup default stable --force-non-host[0m
2026-10-08T19:37:51.5655350Z shell: /usr/bin/bash --noprofile --norc -e -o pipefail {0}
2026-10-08T19:37:51.5655683Z env:
2026-10-08T19:37:51.5655902Z   CARGO_HOME: /home/runner/.cargo
2026-10-08T19:37:51.5656147Z ##[endgroup]
2026-10-08T19:37:51.5791344Z info: using existing install for stable-x86_64-unknown-linux-gnu
2026-10-08T19:37:51.6142845Z info: default toolchain set to stable-x86_64-unknown-linux-gnu
2026-10-08T19:37:51.6143653Z 
2026-10-08T19:37:51.6257944Z   stable-x86_64-unknown-linux-gnu unchanged - rustc 1.99.0 (b940084d7 2026-09-28)
2026-10-08T19:37:51.6258486Z 
2026-10-08T19:37:51.6283884Z ##[end-action id=__dtolnay_rust-toolchain.__run_5;outcome=success;conclusion=success;duration_ms=134]
2026-10-08T19:37:51.6287156Z ##[start-action display=Create cachekey;id=__dtolnay_rust-toolchain.rustc-version]
2026-10-08T19:37:51.6335556Z ##[group]Run DATE=$(rustc +stable --version --verbose | sed -ne 's/^commit-date: \(20[0-9][0-9]\)-\([01][0-9]\)-\([0-3][0-9]\)$/\1\2\3/p')
2026-10-08T19:37:51.6336315Z [36;1mDATE=$(rustc +stable --version --verbose | sed -ne 's/^commit-date: \(20[0-9][0-9]\)-\([01][0-9]\)-\([0-3][0-9]\)$/\1\2\3/p')[0m
2026-10-08T19:37:51.6336877Z [36;1mHASH=$(rustc +stable --version --verbose | sed -ne 's/^commit-hash: //p')[0m
2026-10-08T19:37:51.6337330Z [36;1mecho "cachekey=$(echo $DATE$HASH | head -c12)" >> $GITHUB_OUTPUT[0m
2026-10-08T19:37:51.6405849Z shell: /usr/bin/bash --noprofile --norc -e -o pipefail {0}
2026-10-08T19:37:51.6406195Z env:
2026-10-08T19:37:51.6406417Z   CARGO_HOME: /home/runner/.cargo
2026-10-08T19:37:51.6406676Z ##[endgroup]
2026-10-08T19:37:51.6812505Z ##[end-action id=__dtolnay_rust-toolchain.rustc-version;outcome=success;conclusion=success;duration_ms=52]
2026-10-08T19:37:51.6815537Z ##[start-action display=Disable incremental compilation;id=__dtolnay_rust-toolchain.__run_6]
2026-10-08T19:37:51.6836587Z ##[group]Run if [ -z "${CARGO_INCREMENTAL+set}" ]; then
2026-10-08T19:37:51.6836970Z [36;1mif [ -z "${CARGO_INCREMENTAL+set}" ]; then[0m
2026-10-08T19:37:51.6837286Z [36;1m  echo CARGO_INCREMENTAL=0 >> $GITHUB_ENV[0m
2026-10-08T19:37:51.6837569Z [36;1mfi[0m
2026-10-08T19:37:51.6905087Z shell: /usr/bin/bash --noprofile --norc -e -o pipefail {0}
2026-10-08T19:37:51.6905426Z env:
2026-10-08T19:37:51.6905649Z   CARGO_HOME: /home/runner/.cargo
2026-10-08T19:37:51.6905911Z ##[endgroup]
2026-10-08T19:37:51.6999255Z ##[end-action id=__dtolnay_rust-toolchain.__run_6;outcome=success;conclusion=success;duration_ms=18]
2026-10-08T19:37:51.7001784Z ##[start-action display=Enable colors in Cargo output;id=__dtolnay_rust-toolchain.__run_7]
2026-10-08T19:37:51.7023158Z ##[group]Run if [ -z "${CARGO_TERM_COLOR+set}" ]; then
2026-10-08T19:37:51.7023550Z [36;1mif [ -z "${CARGO_TERM_COLOR+set}" ]; then[0m
2026-10-08T19:37:51.7023876Z [36;1m  echo CARGO_TERM_COLOR=always >> $GITHUB_ENV[0m
2026-10-08T19:37:51.7024184Z [36;1mfi[0m
2026-10-08T19:37:51.7091307Z shell: /usr/bin/bash --noprofile --norc -e -o pipefail {0}
2026-10-08T19:37:51.7091690Z env:
2026-10-08T19:37:51.7092112Z   CARGO_HOME: /home/runner/.cargo
2026-10-08T19:37:51.7092382Z   CARGO_INCREMENTAL: 0
2026-10-08T19:37:51.7092615Z ##[endgroup]
2026-10-08T19:37:51.7190929Z ##[end-action id=__dtolnay_rust-toolchain.__run_7;outcome=success;conclusion=success;duration_ms=18]
2026-10-08T19:37:51.7193745Z ##[start-action display=Enable Cargo sparse registry;id=__dtolnay_rust-toolchain.__run_8]
2026-10-08T19:37:51.7216897Z ##[group]Run # implemented in 1.66, stabilized in 1.68, made default in 1.70
2026-10-08T19:37:51.7217408Z [36;1m# implemented in 1.66, stabilized in 1.68, made default in 1.70[0m
2026-10-08T19:37:51.7218046Z [36;1mif [ -z "${CARGO_REGISTRIES_CRATES_IO_PROTOCOL+set}" -o -f "/home/runner/work/_temp"/.implicit_cargo_registries_crates_io_protocol ]; then[0m
2026-10-08T19:37:51.7218854Z [36;1m  if rustc +stable --version --verbose | grep -q '^release: 1\.6[89]\.'; then[0m
2026-10-08T19:37:51.7219373Z [36;1m    touch "/home/runner/work/_temp"/.implicit_cargo_registries_crates_io_protocol || true[0m
2026-10-08T19:37:51.7219863Z [36;1m    echo CARGO_REGISTRIES_CRATES_IO_PROTOCOL=sparse >> $GITHUB_ENV[0m
2026-10-08T19:37:51.7220320Z [36;1m  elif rustc +stable --version --verbose | grep -q '^release: 1\.6[67]\.'; then[0m
2026-10-08T19:37:51.7220823Z [36;1m    touch "/home/runner/work/_temp"/.implicit_cargo_registries_crates_io_protocol || true[0m
2026-10-08T19:37:51.7221453Z [36;1m    echo CARGO_REGISTRIES_CRATES_IO_PROTOCOL=git >> $GITHUB_ENV[0m
2026-10-08T19:37:51.7221778Z [36;1m  fi[0m
2026-10-08T19:37:51.7222171Z [36;1mfi[0m
2026-10-08T19:37:51.7287695Z shell: /usr/bin/bash --noprofile --norc -e -o pipefail {0}
2026-10-08T19:37:51.7288043Z env:
2026-10-08T19:37:51.7288262Z   CARGO_HOME: /home/runner/.cargo
2026-10-08T19:37:51.7288521Z   CARGO_INCREMENTAL: 0
2026-10-08T19:37:51.7288764Z   CARGO_TERM_COLOR: always
2026-10-08T19:37:51.7289009Z ##[endgroup]
2026-10-08T19:37:51.7653887Z ##[end-action id=__dtolnay_rust-toolchain.__run_8;outcome=success;conclusion=success;duration_ms=45]
2026-10-08T19:37:51.7656771Z ##[start-action display=Work around spurious network errors in curl 8.0;id=__dtolnay_rust-toolchain.__run_9]
2026-10-08T19:37:51.7678521Z ##[group]Run # https://rust-lang.zulipchat.com/#narrow/stream/246057-t-cargo/topic/timeout.20investigation
2026-10-08T19:37:51.7679217Z [36;1m# https://rust-lang.zulipchat.com/#narrow/stream/246057-t-cargo/topic/timeout.20investigation[0m
2026-10-08T19:37:51.7679773Z [36;1mif rustc +stable --version --verbose | grep -q '^release: 1\.7[01]\.'; then[0m
2026-10-08T19:37:51.7680220Z [36;1m  echo CARGO_HTTP_MULTIPLEXING=false >> $GITHUB_ENV[0m
2026-10-08T19:37:51.7680512Z [36;1mfi[0m
2026-10-08T19:37:51.7746700Z shell: /usr/bin/bash --noprofile --norc -e -o pipefail {0}
2026-10-08T19:37:51.7747036Z env:
2026-10-08T19:37:51.7747283Z   CARGO_HOME: /home/runner/.cargo
2026-10-08T19:37:51.7747546Z   CARGO_INCREMENTAL: 0
2026-10-08T19:37:51.7747774Z   CARGO_TERM_COLOR: always
2026-10-08T19:37:51.7748017Z ##[endgroup]
2026-10-08T19:37:51.7972750Z ##[end-action id=__dtolnay_rust-toolchain.__run_9;outcome=success;conclusion=success;duration_ms=31]
2026-10-08T19:37:51.7977180Z ##[start-action display=rustc +stable --version --verbose;id=__dtolnay_rust-toolchain.__run_10]
2026-10-08T19:37:51.7996179Z ##[group]Run rustc +stable --version --verbose
2026-10-08T19:37:51.7996505Z [36;1mrustc +stable --version --verbose[0m
2026-10-08T19:37:51.8057461Z shell: /usr/bin/bash --noprofile --norc -e -o pipefail {0}
2026-10-08T19:37:51.8057772Z env:
2026-10-08T19:37:51.8057977Z   CARGO_HOME: /home/runner/.cargo
2026-10-08T19:37:51.8058222Z   CARGO_INCREMENTAL: 0
2026-10-08T19:37:51.8058436Z   CARGO_TERM_COLOR: always
2026-10-08T19:37:51.8058646Z ##[endgroup]
2026-10-08T19:37:51.8248619Z rustc 1.99.0 (b940084d7 2026-09-28)
2026-10-08T19:37:51.8249143Z binary: rustc
2026-10-08T19:37:51.8249509Z commit-hash: b940084d7eb6a299eb4bfeb8e34901bc051e7ac4
2026-10-08T19:37:51.8249951Z commit-date: 2026-09-28
2026-10-08T19:37:51.8250253Z host: x86_64-unknown-linux-gnu
2026-10-08T19:37:51.8250566Z release: 1.99.0
2026-10-08T19:37:51.8251028Z LLVM version: 23.1.1
2026-10-08T19:37:51.8269442Z ##[end-action id=__dtolnay_rust-toolchain.__run_10;outcome=success;conclusion=success;duration_ms=29]
2026-10-08T19:37:51.8357155Z ##[group]Run Swatinem/rust-cache@6323deb102c322ba6fcbdcafc7e3dddab59af2b6
2026-10-08T19:37:51.8357513Z with:
2026-10-08T19:37:51.8357706Z   prefix-key: v0-rust
2026-10-08T19:37:51.8357924Z   add-job-id-key: true
2026-10-08T19:37:51.8358149Z   add-rust-environment-hash-key: true
2026-10-08T19:37:51.8358400Z   cache-targets: true
2026-10-08T19:37:51.8358610Z   cache-all-crates: false
2026-10-08T19:37:51.8358844Z   cache-workspace-crates: false
2026-10-08T19:37:51.8359075Z   save-if: true
2026-10-08T19:37:51.8359275Z   cache-provider: github
2026-10-08T19:37:51.8359640Z   cache-bin: true
2026-10-08T19:37:51.8359845Z   lookup-only: false
2026-10-08T19:37:51.8360038Z   cmd-format: {0}
2026-10-08T19:37:51.8360223Z env:
2026-10-08T19:37:51.8360410Z   CARGO_HOME: /home/runner/.cargo
2026-10-08T19:37:51.8360734Z   CARGO_INCREMENTAL: 0
2026-10-08T19:37:51.8361013Z   CARGO_TERM_COLOR: always
2026-10-08T19:37:51.8361230Z ##[endgroup]
2026-10-08T19:37:52.2368173Z ##[group]Cache Configuration
2026-10-08T19:37:52.2368998Z Cache Provider:
2026-10-08T19:37:52.2369915Z     github
2026-10-08T19:37:52.2370319Z Workspaces:
2026-10-08T19:37:52.2370786Z     /home/runner/work/uma-sim/uma-sim
2026-10-08T19:37:52.2371367Z Cache Paths:
2026-10-08T19:37:52.2371752Z     /home/runner/.cargo/bin
2026-10-08T19:37:52.2372337Z     /home/runner/.cargo/.crates.toml
2026-10-08T19:37:52.2372708Z     /home/runner/.cargo/.crates2.json
2026-10-08T19:37:52.2373135Z     /home/runner/.cargo/registry
2026-10-08T19:37:52.2402057Z     /home/runner/.cargo/git
2026-10-08T19:37:52.2405228Z     /home/runner/work/uma-sim/uma-sim/target
2026-10-08T19:37:52.2405700Z Restore Key:
2026-10-08T19:37:52.2406039Z     v0-rust-rust-Linux-x64-c7b3ef7d
2026-10-08T19:37:52.2406396Z Cache Key:
2026-10-08T19:37:52.2406718Z     v0-rust-rust-Linux-x64-c7b3ef7d-d4037fbb
2026-10-08T19:37:52.2407102Z .. Prefix:
2026-10-08T19:37:52.2407357Z   - v0-rust-rust-Linux-x64
2026-10-08T19:37:52.2407653Z .. Environment considered:
2026-10-08T19:37:52.2407937Z   - Rust Versions:
2026-10-08T19:37:52.2408361Z     - 1.99.0 x86_64-unknown-linux-gnu b940084d7eb6a299eb4bfeb8e34901bc051e7ac4
2026-10-08T19:37:52.2408791Z   - CARGO_HOME
2026-10-08T19:37:52.2408988Z   - CARGO_INCREMENTAL
2026-10-08T19:37:52.2409191Z   - CARGO_TERM_COLOR
2026-10-08T19:37:52.2409405Z .. Lockfiles considered:
2026-10-08T19:37:52.2409659Z   - /home/runner/work/uma-sim/uma-sim/Cargo.lock
2026-10-08T19:37:52.2409997Z   - /home/runner/work/uma-sim/uma-sim/uma-race-core/Cargo.toml
2026-10-08T19:37:52.2410514Z   - /home/runner/work/uma-sim/uma-sim/uma-sim-core/Cargo.toml
2026-10-08T19:37:52.2411260Z ##[endgroup]
2026-10-08T19:37:52.2411423Z 
2026-10-08T19:37:52.2411541Z ... Restoring cache ...
2026-10-08T19:37:52.3181905Z Cache hit for: v0-rust-rust-Linux-x64-c7b3ef7d-d4037fbb
2026-10-08T19:37:52.7959739Z Received 81539103 of 81539103 (100.0%), 184.7 MBs/sec
2026-10-08T19:37:52.7960286Z Cache Size: ~78 MB (81539103 B)
2026-10-08T19:37:52.7990418Z [command]/usr/bin/tar -xf /home/runner/work/_temp/5afc49f7-89ed-457c-ad59-aeeb43f3d8e8/cache.tzst -P -C /home/runner/work/uma-sim/uma-sim --use-compress-program unzstd
2026-10-08T19:37:53.2352490Z Cache restored successfully
2026-10-08T19:37:53.2394010Z Restored from cache key "v0-rust-rust-Linux-x64-c7b3ef7d-d4037fbb" full match: true.
2026-10-08T19:37:53.3023664Z ##[group]Run cargo fmt --all -- --check
2026-10-08T19:37:53.3024006Z [36;1mcargo fmt --all -- --check[0m
2026-10-08T19:37:53.3090600Z shell: /usr/bin/bash -e {0}
2026-10-08T19:37:53.3090930Z env:
2026-10-08T19:37:53.3091190Z   CARGO_HOME: /home/runner/.cargo
2026-10-08T19:37:53.3091529Z   CARGO_INCREMENTAL: 0
2026-10-08T19:37:53.3091779Z   CARGO_TERM_COLOR: always
2026-10-08T19:37:53.3092277Z   CACHE_ON_FAILURE: false
2026-10-08T19:37:53.3092539Z ##[endgroup]
2026-10-08T19:37:53.8927157Z ##[group]Run cargo clippy --workspace --all-targets --locked
2026-10-08T19:37:53.8927911Z [36;1mcargo clippy --workspace --all-targets --locked[0m
2026-10-08T19:37:53.9001592Z shell: /usr/bin/bash -e {0}
2026-10-08T19:37:53.9002196Z env:
2026-10-08T19:37:53.9002516Z   CARGO_HOME: /home/runner/.cargo
2026-10-08T19:37:53.9002907Z   CARGO_INCREMENTAL: 0
2026-10-08T19:37:53.9003248Z   CARGO_TERM_COLOR: always
2026-10-08T19:37:53.9003605Z   CACHE_ON_FAILURE: false
2026-10-08T19:37:53.9003927Z ##[endgroup]
2026-10-08T19:37:54.1075700Z [1m[92m    Updating[0m crates.io index
2026-10-08T19:37:54.8674091Z [1m[92m    Checking[0m uma-race-core v0.1.0 (/home/runner/work/uma-sim/uma-sim/uma-race-core)
2026-10-08T19:37:54.8675174Z [1m[92m   Compiling[0m uma-sim-core v0.1.0 (/home/runner/work/uma-sim/uma-sim/uma-sim-core)
2026-10-08T19:37:56.7775106Z [1m[33mwarning[0m[1m: manually reimplementing `div_ceil`[0m
2026-10-08T19:37:56.7775941Z   [1m[94m--> [0muma-race-core/src/compete_fight.rs:33:16
2026-10-08T19:37:56.7776277Z    [1m[94m|[0m
2026-10-08T19:37:56.7776630Z [1m[94m33[0m [1m[94m|[0m     let half = (field_size + 1) / 2; // ceil(n/2)
2026-10-08T19:37:56.7777268Z    [1m[94m|[0m                [1m[33m^^^^^^^^^^^^^^^^^^^^[0m [1m[33mhelp: consider using `.div_ceil()`: `field_size.div_ceil(2)`[0m
2026-10-08T19:37:56.7777726Z    [1m[94m|[0m
2026-10-08T19:37:56.7778564Z    [1m[94m= [0m[1mhelp[0m: for further information visit https://rust-lang.github.io/rust-clippy/rust-1.99.0/index.html#manual_div_ceil
2026-10-08T19:37:56.7787766Z    [1m[94m= [0m[1mnote[0m: `#[warn(clippy::manual_div_ceil)]` on by default
2026-10-08T19:37:56.7788123Z 
2026-10-08T19:37:56.8171555Z [1m[33mwarning[0m[1m: using `contains()` instead of `iter().any()` is more efficient[0m
2026-10-08T19:37:56.8172677Z    [1m[94m--> [0muma-race-core/src/condition/skill.rs:176:8
2026-10-08T19:37:56.8173213Z     [1m[94m|[0m
2026-10-08T19:37:56.8173791Z [1m[94m176[0m [1m[94m|[0m     if SCENARIO.iter().any(|s| *s == skill_id) {
2026-10-08T19:37:56.8174708Z     [1m[94m|[0m        [1m[33m^^^^^^^^^^^^^^^^^^^^^^^^^^^^^^^^^^^^^^^[0m [1m[33mhelp: try: `SCENARIO.contains(&skill_id)`[0m
2026-10-08T19:37:56.8175372Z     [1m[94m|[0m
2026-10-08T19:37:56.8176311Z     [1m[94m= [0m[1mhelp[0m: for further information visit https://rust-lang.github.io/rust-clippy/rust-1.99.0/index.html#manual_contains
2026-10-08T19:37:56.8177563Z     [1m[94m= [0m[1mnote[0m: `#[warn(clippy::manual_contains)]` on by default
2026-10-08T19:37:56.8177936Z 
2026-10-08T19:37:56.8185235Z [1m[33mwarning[0m[1m: this OR pattern can be rewritten using a range[0m
2026-10-08T19:37:56.8186204Z    [1m[94m--> [0muma-race-core/src/condition/skill.rs:282:83
2026-10-08T19:37:56.8186824Z     [1m[94m|[0m
2026-10-08T19:37:56.8187724Z [1m[94m282[0m [1m[94m|[0m             let skip_wisdom = green_skip || matches!(payload.rarity.unwrap_or(1), 3 | 4 | 5);
2026-10-08T19:37:56.8189592Z     [1m[94m|[0m                                                                                   [1m[33m^^^^^^^^^[0m [1m[33mhelp: try: `3..=5`[0m
2026-10-08T19:37:56.8190354Z     [1m[94m|[0m
2026-10-08T19:37:56.8192586Z     [1m[94m= [0m[1mhelp[0m: for further information visit https://rust-lang.github.io/rust-clippy/rust-1.99.0/index.html#manual_range_patterns
2026-10-08T19:37:56.8194051Z     [1m[94m= [0m[1mnote[0m: `#[warn(clippy::manual_range_patterns)]` on by default
2026-10-08T19:37:56.8194561Z 
2026-10-08T19:37:56.8362591Z [1m[33mwarning[0m[1m: this function has too many arguments (11/7)[0m
2026-10-08T19:37:56.8363399Z   [1m[94m--> [0muma-race-core/src/pos_keep.rs:86:1
2026-10-08T19:37:56.8363888Z    [1m[94m|[0m
2026-10-08T19:37:56.8364376Z [1m[94m86[0m [1m[94m|[0m [1m[33m/[0m pub fn tick_nige_pos_keep(
2026-10-08T19:37:56.8365580Z [1m[94m87[0m [1m[94m|[0m [1m[33m|[0m     state: PosKeepState,
2026-10-08T19:37:56.8366648Z [1m[94m88[0m [1m[94m|[0m [1m[33m|[0m     strategy: Strategy,
2026-10-08T19:37:56.8367790Z [1m[94m89[0m [1m[94m|[0m [1m[33m|[0m     am_i_pacer: bool,
2026-10-08T19:37:56.8368674Z [1m[94m...[0m  [1m[33m|[0m
2026-10-08T19:37:56.8369283Z [1m[94m97[0m [1m[94m|[0m [1m[33m|[0m     section_len: f64,
2026-10-08T19:37:56.8370030Z [1m[94m98[0m [1m[94m|[0m [1m[33m|[0m ) -> (PosKeepState, f64, f64, f64) {
2026-10-08T19:37:56.8370707Z    [1m[94m|[0m [1m[33m|__________________________________^[0m
2026-10-08T19:37:56.8371221Z    [1m[94m|[0m
2026-10-08T19:37:56.8372361Z    [1m[94m= [0m[1mhelp[0m: for further information visit https://rust-lang.github.io/rust-clippy/rust-1.99.0/index.html#too_many_arguments
2026-10-08T19:37:56.8373697Z    [1m[94m= [0m[1mnote[0m: `#[warn(clippy::too_many_arguments)]` on by default
2026-10-08T19:37:56.8374392Z 
2026-10-08T19:37:56.8374780Z [1m[33mwarning[0m[1m: this function has too many arguments (13/7)[0m
2026-10-08T19:37:56.8375439Z    [1m[94m--> [0muma-race-core/src/pos_keep.rs:151:1
2026-10-08T19:37:56.8375933Z     [1m[94m|[0m
2026-10-08T19:37:56.8376442Z [1m[94m151[0m [1m[94m|[0m [1m[33m/[0m pub fn tick_pack_pos_keep(
2026-10-08T19:37:56.8377119Z [1m[94m152[0m [1m[94m|[0m [1m[33m|[0m     state: PosKeepState,
2026-10-08T19:37:56.8377760Z [1m[94m153[0m [1m[94m|[0m [1m[33m|[0m     strategy: Strategy,
2026-10-08T19:37:56.8378394Z [1m[94m154[0m [1m[94m|[0m [1m[33m|[0m     behind: f64,
2026-10-08T19:37:56.8378916Z [1m[94m...[0m   [1m[33m|[0m
2026-10-08T19:37:56.8379445Z [1m[94m164[0m [1m[94m|[0m [1m[33m|[0m     section_len: f64,
2026-10-08T19:37:56.8380131Z [1m[94m165[0m [1m[94m|[0m [1m[33m|[0m ) -> (PosKeepState, f64, f64, f64) {
2026-10-08T19:37:56.8380722Z     [1m[94m|[0m [1m[33m|__________________________________^[0m
2026-10-08T19:37:56.8381214Z     [1m[94m|[0m
2026-10-08T19:37:56.8382383Z     [1m[94m= [0m[1mhelp[0m: for further information visit https://rust-lang.github.io/rust-clippy/rust-1.99.0/index.html#too_many_arguments
2026-10-08T19:37:56.8383091Z 
2026-10-08T19:37:56.8383467Z [1m[33mwarning[0m[1m: this function has too many arguments (12/7)[0m
2026-10-08T19:37:56.8384125Z   [1m[94m--> [0muma-race-core/src/runner.rs:74:1
2026-10-08T19:37:56.8384594Z    [1m[94m|[0m
2026-10-08T19:37:56.8385060Z [1m[94m74[0m [1m[94m|[0m [1m[33m/[0m fn apply_gate_skills(
2026-10-08T19:37:56.8385766Z [1m[94m75[0m [1m[94m|[0m [1m[33m|[0m     pending: &mut Vec<PendingSkill>,
2026-10-08T19:37:56.8386459Z [1m[94m76[0m [1m[94m|[0m [1m[33m|[0m     h: &mut HorseInput,
2026-10-08T19:37:56.8387114Z [1m[94m77[0m [1m[94m|[0m [1m[33m|[0m     start_delay: &mut f64,
2026-10-08T19:37:56.8387642Z [1m[94m...[0m  [1m[33m|[0m
2026-10-08T19:37:56.8388134Z [1m[94m86[0m [1m[94m|[0m [1m[33m|[0m     num_umas: u32,
2026-10-08T19:37:56.8388602Z [1m[94m87[0m [1m[94m|[0m [1m[33m|[0m ) -> GatePhysics {
2026-10-08T19:37:56.8388943Z    [1m[94m|[0m [1m[33m|________________^[0m
2026-10-08T19:37:56.8389259Z    [1m[94m|[0m
2026-10-08T19:37:56.8389833Z    [1m[94m= [0m[1mhelp[0m: for further information visit https://rust-lang.github.io/rust-clippy/rust-1.99.0/index.html#too_many_arguments
2026-10-08T19:37:56.8390275Z 
2026-10-08T19:37:56.8473571Z [1m[33mwarning[0m[1m: this function has too many arguments (8/7)[0m
2026-10-08T19:37:56.8474256Z    [1m[94m--> [0muma-race-core/src/runner.rs:379:5
2026-10-08T19:37:56.8474727Z     [1m[94m|[0m
2026-10-08T19:37:56.8475174Z [1m[94m379[0m [1m[94m|[0m [1m[33m/[0m     fn build(
2026-10-08T19:37:56.8475773Z [1m[94m380[0m [1m[94m|[0m [1m[33m|[0m         course: &Course,
2026-10-08T19:37:56.8476437Z [1m[94m381[0m [1m[94m|[0m [1m[33m|[0m         ground: GroundCondition,
2026-10-08T19:37:56.8477116Z [1m[94m382[0m [1m[94m|[0m [1m[33m|[0m         horse: &HorseInput,
2026-10-08T19:37:56.8477679Z [1m[94m...[0m   [1m[33m|[0m
2026-10-08T19:37:56.8478534Z [1m[94m387[0m [1m[94m|[0m [1m[33m|[0m         num_umas: u32,
2026-10-08T19:37:56.8479211Z [1m[94m388[0m [1m[94m|[0m [1m[33m|[0m     ) -> Self {
2026-10-08T19:37:56.8479755Z     [1m[94m|[0m [1m[33m|_____________^[0m
2026-10-08T19:37:56.8480165Z     [1m[94m|[0m
2026-10-08T19:37:56.8481084Z     [1m[94m= [0m[1mhelp[0m: for further information visit https://rust-lang.github.io/rust-clippy/rust-1.99.0/index.html#too_many_arguments
2026-10-08T19:37:56.8481791Z 
2026-10-08T19:37:56.8625100Z [1m[33mwarning[0m[1m: struct update has no effect, all the fields in the struct have already been specified[0m
2026-10-08T19:37:56.8626030Z     [1m[94m--> [0muma-race-core/src/runner.rs:1303:15
2026-10-08T19:37:56.8626533Z      [1m[94m|[0m
2026-10-08T19:37:56.8627225Z [1m[94m1303[0m [1m[94m|[0m             ..Default::default()
2026-10-08T19:37:56.8628220Z      [1m[94m|[0m               [1m[33m^^^^^^^^^^^^^^^^^^[0m
2026-10-08T19:37:56.8628679Z      [1m[94m|[0m
2026-10-08T19:37:56.8629605Z      [1m[94m= [0m[1mhelp[0m: for further information visit https://rust-lang.github.io/rust-clippy/rust-1.99.0/index.html#needless_update
2026-10-08T19:37:56.8630754Z      [1m[94m= [0m[1mnote[0m: `#[warn(clippy::needless_update)]` on by default
2026-10-08T19:37:56.8631160Z 
2026-10-08T19:37:56.8646863Z [1m[33mwarning[0m[1m: this function has too many arguments (15/7)[0m
2026-10-08T19:37:56.8647621Z    [1m[94m--> [0muma-race-core/src/solver.rs:430:1
2026-10-08T19:37:56.8648106Z     [1m[94m|[0m
2026-10-08T19:37:56.8648640Z [1m[94m430[0m [1m[94m|[0m [1m[33m/[0m pub(crate) fn dynamics_ok(
2026-10-08T19:37:56.8649300Z [1m[94m431[0m [1m[94m|[0m [1m[33m|[0m     dynamics: &[DynamicPred],
2026-10-08T19:37:56.8649929Z [1m[94m432[0m [1m[94m|[0m [1m[33m|[0m     t: f64,
2026-10-08T19:37:56.8650545Z [1m[94m433[0m [1m[94m|[0m [1m[33m|[0m     is_last_spurt: bool,
2026-10-08T19:37:56.8651094Z [1m[94m...[0m   [1m[33m|[0m
2026-10-08T19:37:56.8651888Z [1m[94m445[0m [1m[94m|[0m [1m[33m|[0m     used_skills: &std::collections::HashSet<String>,
2026-10-08T19:37:56.8652769Z [1m[94m446[0m [1m[94m|[0m [1m[33m|[0m ) -> bool {
2026-10-08T19:37:56.8653267Z     [1m[94m|[0m [1m[33m|_________^[0m
2026-10-08T19:37:56.8653714Z     [1m[94m|[0m
2026-10-08T19:37:56.8654649Z     [1m[94m= [0m[1mhelp[0m: for further information visit https://rust-lang.github.io/rust-clippy/rust-1.99.0/index.html#too_many_arguments
2026-10-08T19:37:56.8655368Z 
2026-10-08T19:37:56.8665748Z [1m[33mwarning[0m[1m: this function has too many arguments (8/7)[0m
2026-10-08T19:37:56.8666504Z    [1m[94m--> [0muma-race-core/src/special_conditions.rs:161:5
2026-10-08T19:37:56.8667055Z     [1m[94m|[0m
2026-10-08T19:37:56.8667542Z [1m[94m161[0m [1m[94m|[0m [1m[33m/[0m     pub fn tick(
2026-10-08T19:37:56.8668149Z [1m[94m162[0m [1m[94m|[0m [1m[33m|[0m         &mut self,
2026-10-08T19:37:56.8668797Z [1m[94m163[0m [1m[94m|[0m [1m[33m|[0m         rng: &mut PrandoRng,
2026-10-08T19:37:56.8669479Z [1m[94m164[0m [1m[94m|[0m [1m[33m|[0m         phase: Phase,
2026-10-08T19:37:56.8670021Z [1m[94m...[0m   [1m[33m|[0m
2026-10-08T19:37:56.8670576Z [1m[94m169[0m [1m[94m|[0m [1m[33m|[0m         horse_lane: f64,
2026-10-08T19:37:56.8671169Z [1m[94m170[0m [1m[94m|[0m [1m[33m|[0m     ) {
2026-10-08T19:37:56.8671675Z     [1m[94m|[0m [1m[33m|_____^[0m
2026-10-08T19:37:56.8672254Z     [1m[94m|[0m
2026-10-08T19:37:56.8673194Z     [1m[94m= [0m[1mhelp[0m: for further information visit https://rust-lang.github.io/rust-clippy/rust-1.99.0/index.html#too_many_arguments
2026-10-08T19:37:56.8673911Z 
2026-10-08T19:37:56.8674804Z [1m[33mwarning[0m[1m: this function has too many arguments (8/7)[0m
2026-10-08T19:37:56.8675519Z    [1m[94m--> [0muma-race-core/src/special_conditions.rs:201:5
2026-10-08T19:37:56.8676060Z     [1m[94m|[0m
2026-10-08T19:37:56.8676536Z [1m[94m201[0m [1m[94m|[0m [1m[33m/[0m     pub fn on_frame(
2026-10-08T19:37:56.8677439Z [1m[94m202[0m [1m[94m|[0m [1m[33m|[0m         &mut self,
2026-10-08T19:37:56.8678063Z [1m[94m203[0m [1m[94m|[0m [1m[33m|[0m         dt: f64,
2026-10-08T19:37:56.8678670Z [1m[94m204[0m [1m[94m|[0m [1m[33m|[0m         phase: Phase,
2026-10-08T19:37:56.8679184Z [1m[94m...[0m   [1m[33m|[0m
2026-10-08T19:37:56.8679704Z [1m[94m209[0m [1m[94m|[0m [1m[33m|[0m         horse_lane: f64,
2026-10-08T19:37:56.8680288Z [1m[94m210[0m [1m[94m|[0m [1m[33m|[0m     ) {
2026-10-08T19:37:56.8680783Z     [1m[94m|[0m [1m[33m|_____^[0m
2026-10-08T19:37:56.8681188Z     [1m[94m|[0m
2026-10-08T19:37:56.8682324Z     [1m[94m= [0m[1mhelp[0m: for further information visit https://rust-lang.github.io/rust-clippy/rust-1.99.0/index.html#too_many_arguments
2026-10-08T19:37:56.8683013Z 
2026-10-08T19:37:56.8688823Z [1m[33mwarning[0m[1m: this operation has no effect[0m
2026-10-08T19:37:56.8689443Z    [1m[94m--> [0muma-race-core/src/solver.rs:982:40
2026-10-08T19:37:56.8689871Z     [1m[94m|[0m
2026-10-08T19:37:56.8690232Z [1m[94m982[0m [1m[94m|[0m         assert_eq!(gate_block(16, 18), 1 + (24 - 16) % 8);
2026-10-08T19:37:56.8690838Z     [1m[94m|[0m                                        [1m[33m^^^^^^^^^^^^^^^^^[0m [1m[33mhelp: consider reducing it to: `1`[0m
2026-10-08T19:37:56.8691238Z     [1m[94m|[0m
2026-10-08T19:37:56.8692220Z     [1m[94m= [0m[1mhelp[0m: for further information visit https://rust-lang.github.io/rust-clippy/rust-1.99.0/index.html#identity_op
2026-10-08T19:37:56.8693296Z     [1m[94m= [0m[1mnote[0m: `#[warn(clippy::identity_op)]` on by default
2026-10-08T19:37:56.8693670Z 
2026-10-08T19:37:56.9197438Z [1m[33mwarning[0m: `uma-race-core` (lib test) generated 12 warnings (7 duplicates) (run `cargo clippy --fix --lib -p uma-race-core --tests -- ` to apply 4 suggestions)
2026-10-08T19:37:56.9243169Z [1m[33mwarning[0m: `uma-race-core` (lib) generated 11 warnings (4 duplicates)
2026-10-08T19:37:56.9874318Z [1m[33mwarning[0m[1m: manual `RangeInclusive::contains` implementation[0m
2026-10-08T19:37:56.9893831Z   [1m[94m--> [0muma-race-core/tests/probe_residual.rs:75:16
2026-10-08T19:37:56.9902776Z    [1m[94m|[0m
2026-10-08T19:37:56.9903310Z [1m[94m75[0m [1m[94m|[0m             || (i >= 105 && i <= 130)
2026-10-08T19:37:56.9904114Z    [1m[94m|[0m                [1m[33m^^^^^^^^^^^^^^^^^^^^^^[0m [1m[33mhelp: use: `(105..=130).contains(&i)`[0m
2026-10-08T19:37:56.9904715Z    [1m[94m|[0m
2026-10-08T19:37:56.9905644Z    [1m[94m= [0m[1mhelp[0m: for further information visit https://rust-lang.github.io/rust-clippy/rust-1.99.0/index.html#manual_range_contains
2026-10-08T19:37:56.9906917Z    [1m[94m= [0m[1mnote[0m: `#[warn(clippy::manual_range_contains)]` on by default
2026-10-08T19:37:56.9907341Z 
2026-10-08T19:37:56.9907844Z [1m[33mwarning[0m[1m: manual `RangeInclusive::contains` implementation[0m
2026-10-08T19:37:56.9933570Z   [1m[94m--> [0muma-race-core/tests/probe_residual.rs:76:18
2026-10-08T19:37:56.9963183Z    [1m[94m|[0m
2026-10-08T19:37:56.9963881Z [1m[94m76[0m [1m[94m|[0m             || ((i >= 60 && i <= 180 && i % 5 == 0) || i < 5);
2026-10-08T19:37:56.9964677Z    [1m[94m|[0m                  [1m[33m^^^^^^^^^^^^^^^^^^^[0m [1m[33mhelp: use: `(60..=180).contains(&i)`[0m
2026-10-08T19:37:56.9965253Z    [1m[94m|[0m
2026-10-08T19:37:56.9966131Z    [1m[94m= [0m[1mhelp[0m: for further information visit https://rust-lang.github.io/rust-clippy/rust-1.99.0/index.html#manual_range_contains
2026-10-08T19:37:56.9966697Z 
2026-10-08T19:37:56.9983490Z [1m[33mwarning[0m: `uma-race-core` (test "probe_residual") generated 2 warnings (run `cargo clippy --fix --test "probe_residual" -p uma-race-core -- ` to apply 2 suggestions)
2026-10-08T19:37:59.5847464Z [1m[33mwarning[0m[1m: consider using `sort_by_key`[0m
2026-10-08T19:37:59.5849128Z    [1m[94m--> [0muma-sim-core/src/batch_analysis.rs:174:5
2026-10-08T19:37:59.5849934Z     [1m[94m|[0m
2026-10-08T19:37:59.5851286Z [1m[94m174[0m [1m[94m|[0m     top.sort_by(|a, b| b.score.cmp(&a.score));
2026-10-08T19:37:59.5852195Z     [1m[94m|[0m     [1m[33m^^^^^^^^^^^^^^^^^^^^^^^^^^^^^^^^^^^^^^^^^[0m
2026-10-08T19:37:59.5852728Z     [1m[94m|[0m
2026-10-08T19:37:59.5853619Z     [1m[94m= [0m[1mhelp[0m: for further information visit https://rust-lang.github.io/rust-clippy/rust-1.99.0/index.html#unnecessary_sort_by
2026-10-08T19:37:59.5854873Z     [1m[94m= [0m[1mnote[0m: `#[warn(clippy::unnecessary_sort_by)]` on by default
2026-10-08T19:37:59.5855449Z [1m[96mhelp[0m: try
2026-10-08T19:37:59.5855802Z     [1m[94m|[0m
2026-10-08T19:37:59.5857274Z [1m[94m174[0m [91m- [0m    top.[91msort_by(|a, b| b.score.cmp(&a.score))[0m;
2026-10-08T19:37:59.5858177Z [1m[94m174[0m [92m+ [0m    top.[92msort_by_key(|a| std::cmp::Reverse(a.score))[0m;
2026-10-08T19:37:59.5859047Z     [1m[94m|[0m
2026-10-08T19:37:59.5859228Z 
2026-10-08T19:37:59.5915506Z [1m[33mwarning[0m[1m: manual implementation of `.is_multiple_of()`[0m
2026-10-08T19:37:59.5916258Z    [1m[94m--> [0muma-sim-core/src/batch_pairs.rs:192:21
2026-10-08T19:37:59.5916727Z     [1m[94m|[0m
2026-10-08T19:37:59.5917221Z [1m[94m192[0m [1m[94m|[0m     let median = if count % 2 == 0 {
2026-10-08T19:37:59.5918061Z     [1m[94m|[0m                     [1m[33m^^^^^^^^^^^^^^[0m [1m[33mhelp: replace with: `count.is_multiple_of(2)`[0m
2026-10-08T19:37:59.5918720Z     [1m[94m|[0m
2026-10-08T19:37:59.5919693Z     [1m[94m= [0m[1mhelp[0m: for further information visit https://rust-lang.github.io/rust-clippy/rust-1.99.0/index.html#manual_is_multiple_of
2026-10-08T19:37:59.5920950Z     [1m[94m= [0m[1mnote[0m: `#[warn(clippy::manual_is_multiple_of)]` on by default
2026-10-08T19:37:59.5921377Z 
2026-10-08T19:37:59.6358072Z [1m[33mwarning[0m[1m: this `if` statement can be collapsed[0m
2026-10-08T19:37:59.6358626Z     [1m[94m--> [0muma-sim-core/src/career_lab.rs:1531:13
2026-10-08T19:37:59.6358957Z      [1m[94m|[0m
2026-10-08T19:37:59.6359329Z [1m[94m1531[0m [1m[94m|[0m [1m[33m/[0m             if name.starts_with(".tmp-") {
2026-10-08T19:37:59.6360076Z [1m[94m1532[0m [1m[94m|[0m [1m[33m|[0m                 if fs::remove_file(de.path()).is_ok() {
2026-10-08T19:37:59.6360570Z [1m[94m1533[0m [1m[94m|[0m [1m[33m|[0m                     removed += 1;
2026-10-08T19:37:59.6360969Z [1m[94m1534[0m [1m[94m|[0m [1m[33m|[0m                 }
2026-10-08T19:37:59.6361344Z [1m[94m1535[0m [1m[94m|[0m [1m[33m|[0m             }
2026-10-08T19:37:59.6361674Z      [1m[94m|[0m [1m[33m|_____________^[0m
2026-10-08T19:37:59.6362266Z      [1m[94m|[0m
2026-10-08T19:37:59.6362911Z      [1m[94m= [0m[1mhelp[0m: for further information visit https://rust-lang.github.io/rust-clippy/rust-1.99.0/index.html#collapsible_if
2026-10-08T19:37:59.6363607Z      [1m[94m= [0m[1mnote[0m: `#[warn(clippy::collapsible_if)]` on by default
2026-10-08T19:37:59.6363999Z [1m[96mhelp[0m: collapse nested if block
2026-10-08T19:37:59.6364286Z      [1m[94m|[0m
2026-10-08T19:37:59.6364685Z [1m[94m1531[0m [92m~ [0m            if name.starts_with(".tmp-")
2026-10-08T19:37:59.6365460Z [1m[94m1532[0m [92m~ [0m                [92m&&[0m fs::remove_file(de.path()).is_ok() {
2026-10-08T19:37:59.6366129Z [1m[94m1533[0m [1m[94m|[0m                     removed += 1;
2026-10-08T19:37:59.6366629Z [1m[94m1534[0m [92m~ [0m                }
2026-10-08T19:37:59.6367017Z      [1m[94m|[0m
2026-10-08T19:37:59.6367195Z 
2026-10-08T19:37:59.6395016Z [1m[33mwarning[0m[1m: this `impl` can be derived[0m
2026-10-08T19:37:59.6395660Z   [1m[94m--> [0muma-sim-core/src/catalog/factor.rs:35:1
2026-10-08T19:37:59.6396147Z    [1m[94m|[0m
2026-10-08T19:37:59.6396703Z [1m[94m35[0m [1m[94m|[0m [1m[33m/[0m impl Default for FactorCatalogState {
2026-10-08T19:37:59.6397406Z [1m[94m36[0m [1m[94m|[0m [1m[33m|[0m     fn default() -> Self {
2026-10-08T19:37:59.6398071Z [1m[94m37[0m [1m[94m|[0m [1m[33m|[0m         Self {
2026-10-08T19:37:59.6398652Z [1m[94m38[0m [1m[94m|[0m [1m[33m|[0m             by_id: HashMap::new(),
2026-10-08T19:37:59.6399004Z [1m[94m...[0m  [1m[33m|[0m
2026-10-08T19:37:59.6399445Z [1m[94m42[0m [1m[94m|[0m [1m[33m|[0m }
2026-10-08T19:37:59.6399899Z    [1m[94m|[0m [1m[33m|_^[0m
2026-10-08T19:37:59.6400309Z    [1m[94m|[0m
2026-10-08T19:37:59.6401201Z    [1m[94m= [0m[1mhelp[0m: for further information visit https://rust-lang.github.io/rust-clippy/rust-1.99.0/index.html#derivable_impls
2026-10-08T19:37:59.6402505Z    [1m[94m= [0m[1mnote[0m: `#[warn(clippy::derivable_impls)]` on by default
2026-10-08T19:37:59.6403298Z [1m[96mhelp[0m: replace the manual implementation with a derive attribute
2026-10-08T19:37:59.6403858Z    [1m[94m|[0m
2026-10-08T19:37:59.6404520Z [1m[94m30[0m [92m+ #[derive(Default)][0m
2026-10-08T19:37:59.6405021Z [1m[94m31[0m [1m[94m|[0m struct FactorCatalogState {
2026-10-08T19:37:59.6405491Z    [1m[94m|[0m
2026-10-08T19:37:59.6405676Z 
2026-10-08T19:37:59.6442207Z [1m[33mwarning[0m[1m: this `impl` can be derived[0m
2026-10-08T19:37:59.6443131Z   [1m[94m--> [0muma-sim-core/src/catalog/support.rs:45:1
2026-10-08T19:37:59.6443797Z    [1m[94m|[0m
2026-10-08T19:37:59.6444429Z [1m[94m45[0m [1m[94m|[0m [1m[33m/[0m impl Default for SupportCatalogState {
2026-10-08T19:37:59.6445256Z [1m[94m46[0m [1m[94m|[0m [1m[33m|[0m     fn default() -> Self {
2026-10-08T19:37:59.6445929Z [1m[94m47[0m [1m[94m|[0m [1m[33m|[0m         Self {
2026-10-08T19:37:59.6447133Z [1m[94m48[0m [1m[94m|[0m [1m[33m|[0m             by_id: HashMap::new(),
2026-10-08T19:37:59.6448104Z [1m[94m...[0m  [1m[33m|[0m
2026-10-08T19:37:59.6448844Z [1m[94m53[0m [1m[94m|[0m [1m[33m|[0m }
2026-10-08T19:37:59.6449595Z    [1m[94m|[0m [1m[33m|_^[0m
2026-10-08T19:37:59.6450342Z    [1m[94m|[0m
2026-10-08T19:37:59.6451310Z    [1m[94m= [0m[1mhelp[0m: for further information visit https://rust-lang.github.io/rust-clippy/rust-1.99.0/index.html#derivable_impls
2026-10-08T19:37:59.6452537Z [1m[96mhelp[0m: replace the manual implementation with a derive attribute
2026-10-08T19:37:59.6453115Z    [1m[94m|[0m
2026-10-08T19:37:59.6453520Z [1m[94m39[0m [92m+ #[derive(Default)][0m
2026-10-08T19:37:59.6454091Z [1m[94m40[0m [1m[94m|[0m struct SupportCatalogState {
2026-10-08T19:37:59.6454577Z    [1m[94m|[0m
2026-10-08T19:37:59.6454762Z 
2026-10-08T19:37:59.6455053Z [1m[33mwarning[0m[1m: consider using `sort_by_key`[0m
2026-10-08T19:37:59.6455695Z    [1m[94m--> [0muma-sim-core/src/catalog/support.rs:118:9
2026-10-08T19:37:59.6456170Z     [1m[94m|[0m
2026-10-08T19:37:59.6456816Z [1m[94m118[0m [1m[94m|[0m         rows.sort_by(|a, b| a.name.to_lowercase().cmp(&b.name.to_lowercase()));
2026-10-08T19:37:59.6457661Z     [1m[94m|[0m         [1m[33m^^^^^^^^^^^^^^^^^^^^^^^^^^^^^^^^^^^^^^^^^^^^^^^^^^^^^^^^^^^^^^^^^^^^^^[0m
2026-10-08T19:37:59.6458214Z     [1m[94m|[0m
2026-10-08T19:37:59.6459140Z     [1m[94m= [0m[1mhelp[0m: for further information visit https://rust-lang.github.io/rust-clippy/rust-1.99.0/index.html#unnecessary_sort_by
2026-10-08T19:37:59.6460025Z [1m[96mhelp[0m: try
2026-10-08T19:37:59.6460375Z     [1m[94m|[0m
2026-10-08T19:37:59.6461058Z [1m[94m118[0m [91m- [0m        rows.[91msort_by(|a, b| a.name.to_lowercase().cmp(&b.name.to_lowercase()))[0m;
2026-10-08T19:37:59.6462126Z [1m[94m118[0m [92m+ [0m        rows.[92msort_by_key(|a| a.name.to_lowercase())[0m;
2026-10-08T19:37:59.6462673Z     [1m[94m|[0m
2026-10-08T19:37:59.6462844Z 
2026-10-08T19:37:59.6474324Z [1m[33mwarning[0m[1m: this `impl` can be derived[0m
2026-10-08T19:37:59.6474937Z   [1m[94m--> [0muma-sim-core/src/catalog/trainee.rs:55:1
2026-10-08T19:37:59.6475402Z    [1m[94m|[0m
2026-10-08T19:37:59.6475964Z [1m[94m55[0m [1m[94m|[0m [1m[33m/[0m impl Default for TraineeCatalogState {
2026-10-08T19:37:59.6477005Z [1m[94m56[0m [1m[94m|[0m [1m[33m|[0m     fn default() -> Self {
2026-10-08T19:37:59.6477645Z [1m[94m57[0m [1m[94m|[0m [1m[33m|[0m         Self {
2026-10-08T19:37:59.6478500Z [1m[94m58[0m [1m[94m|[0m [1m[33m|[0m             by_name: HashMap::new(),
2026-10-08T19:37:59.6479039Z [1m[94m...[0m  [1m[33m|[0m
2026-10-08T19:37:59.6479422Z [1m[94m65[0m [1m[94m|[0m [1m[33m|[0m }
2026-10-08T19:37:59.6479860Z    [1m[94m|[0m [1m[33m|_^[0m
2026-10-08T19:37:59.6480268Z    [1m[94m|[0m
2026-10-08T19:37:59.6481155Z    [1m[94m= [0m[1mhelp[0m: for further information visit https://rust-lang.github.io/rust-clippy/rust-1.99.0/index.html#derivable_impls
2026-10-08T19:37:59.6482425Z [1m[96mhelp[0m: replace the manual implementation with a derive attribute
2026-10-08T19:37:59.6483011Z    [1m[94m|[0m
2026-10-08T19:37:59.6483395Z [1m[94m47[0m [92m+ #[derive(Default)][0m
2026-10-08T19:37:59.6484151Z [1m[94m48[0m [1m[94m|[0m struct TraineeCatalogState {
2026-10-08T19:37:59.6484589Z    [1m[94m|[0m
2026-10-08T19:37:59.6484988Z 
2026-10-08T19:37:59.6499944Z [1m[33mwarning[0m[1m: consider using `sort_by_key`[0m
2026-10-08T19:37:59.6500770Z    [1m[94m--> [0muma-sim-core/src/catalog/trainee.rs:371:9
2026-10-08T19:37:59.6501337Z     [1m[94m|[0m
2026-10-08T19:37:59.6502238Z [1m[94m371[0m [1m[94m|[0m         rows.sort_by(|a, b| a.name.to_lowercase().cmp(&b.name.to_lowercase()));
2026-10-08T19:37:59.6503240Z     [1m[94m|[0m         [1m[33m^^^^^^^^^^^^^^^^^^^^^^^^^^^^^^^^^^^^^^^^^^^^^^^^^^^^^^^^^^^^^^^^^^^^^^[0m
2026-10-08T19:37:59.6503879Z     [1m[94m|[0m
2026-10-08T19:37:59.6504761Z     [1m[94m= [0m[1mhelp[0m: for further information visit https://rust-lang.github.io/rust-clippy/rust-1.99.0/index.html#unnecessary_sort_by
2026-10-08T19:37:59.6505600Z [1m[96mhelp[0m: try
2026-10-08T19:37:59.6505967Z     [1m[94m|[0m
2026-10-08T19:37:59.6506647Z [1m[94m371[0m [91m- [0m        rows.[91msort_by(|a, b| a.name.to_lowercase().cmp(&b.name.to_lowercase()))[0m;
2026-10-08T19:37:59.6507510Z [1m[94m371[0m [92m+ [0m        rows.[92msort_by_key(|a| a.name.to_lowercase())[0m;
2026-10-08T19:37:59.6508050Z     [1m[94m|[0m
2026-10-08T19:37:59.6508219Z 
2026-10-08T19:37:59.6629053Z [1m[33mwarning[0m[1m: this `let...else` may be rewritten with the `?` operator[0m
2026-10-08T19:37:59.6629891Z    [1m[94m--> [0muma-sim-core/src/config.rs:464:9
2026-10-08T19:37:59.6630375Z     [1m[94m|[0m
2026-10-08T19:37:59.6631225Z [1m[94m464[0m [1m[94m|[0m [1m[33m/[0m         let Some(id) = Self::epithet_for_win(race_id) else {
2026-10-08T19:37:59.6632214Z [1m[94m465[0m [1m[94m|[0m [1m[33m|[0m             return None;
2026-10-08T19:37:59.6632841Z [1m[94m466[0m [1m[94m|[0m [1m[33m|[0m         };
2026-10-08T19:37:59.6633821Z     [1m[94m|[0m [1m[33m|__________^[0m [1m[33mhelp: replace it with: `let id = Self::epithet_for_win(race_id)?;`[0m
2026-10-08T19:37:59.6634587Z     [1m[94m|[0m
2026-10-08T19:37:59.6635514Z     [1m[94m= [0m[1mhelp[0m: for further information visit https://rust-lang.github.io/rust-clippy/rust-1.99.0/index.html#question_mark
2026-10-08T19:37:59.6636637Z     [1m[94m= [0m[1mnote[0m: `#[warn(clippy::question_mark)]` on by default
2026-10-08T19:37:59.6637030Z 
2026-10-08T19:37:59.8279443Z [1m[33mwarning[0m[1m: redundant closure[0m
2026-10-08T19:37:59.8280057Z    [1m[94m--> [0muma-sim-core/src/deck.rs:285:18
2026-10-08T19:37:59.8280508Z     [1m[94m|[0m
2026-10-08T19:37:59.8281239Z [1m[94m285[0m [1m[94m|[0m             .map(|s| Self::to_resolved_card(s))
2026-10-08T19:37:59.8282546Z     [1m[94m|[0m                  [1m[33m^^^^^^^^^^^^^^^^^^^^^^^^^^^^^[0m [1m[33mhelp: replace the closure with the associated function itself: `Self::to_resolved_card`[0m
2026-10-08T19:37:59.8283399Z     [1m[94m|[0m
2026-10-08T19:37:59.8284274Z     [1m[94m= [0m[1mhelp[0m: for further information visit https://rust-lang.github.io/rust-clippy/rust-1.99.0/index.html#redundant_closure
2026-10-08T19:37:59.8285756Z     [1m[94m= [0m[1mnote[0m: `#[warn(clippy::redundant_closure)]` on by default
2026-10-08T19:37:59.8286179Z 
2026-10-08T19:37:59.8330401Z [1m[33mwarning[0m[1m: redundant closure[0m
2026-10-08T19:37:59.8331028Z    [1m[94m--> [0muma-sim-core/src/engine.rs:521:58
2026-10-08T19:37:59.8331515Z     [1m[94m|[0m
2026-10-08T19:37:59.8332491Z [1m[94m521[0m [1m[94m|[0m         self.play_to_completion_with_policy(max_actions, |choices| default_auto_policy(choices));
2026-10-08T19:37:59.8333932Z     [1m[94m|[0m                                                          [1m[33m^^^^^^^^^^^^^^^^^^^^^^^^^^^^^^^^^^^^^^[0m [1m[33mhelp: replace the closure with the function itself: `default_auto_policy`[0m
2026-10-08T19:37:59.8334798Z     [1m[94m|[0m
2026-10-08T19:37:59.8335733Z     [1m[94m= [0m[1mhelp[0m: for further information visit https://rust-lang.github.io/rust-clippy/rust-1.99.0/index.html#redundant_closure
2026-10-08T19:37:59.8336908Z 
2026-10-08T19:37:59.8371092Z [1m[33mwarning[0m[1m: this `if` has identical blocks[0m
2026-10-08T19:37:59.8372155Z    [1m[94m--> [0muma-sim-core/src/engine.rs:916:9
2026-10-08T19:37:59.8372758Z     [1m[94m|[0m
2026-10-08T19:37:59.8373340Z [1m[94m916[0m [1m[94m|[0m [1m[33m/[0m         {
2026-10-08T19:37:59.8374002Z [1m[94m917[0m [1m[94m|[0m [1m[33m|[0m             0
2026-10-08T19:37:59.8374854Z [1m[94m918[0m [1m[94m|[0m [1m[33m|[0m         } else if (scenario == "trackblazer" || scenario == "tb")
2026-10-08T19:37:59.8375586Z     [1m[94m|[0m [1m[33m|_________^[0m
2026-10-08T19:37:59.8376047Z     [1m[94m|[0m
2026-10-08T19:37:59.8376471Z [1m[92mnote[0m: same as this
2026-10-08T19:37:59.8377042Z    [1m[94m--> [0muma-sim-core/src/engine.rs:920:9
2026-10-08T19:37:59.8377610Z     [1m[94m|[0m
2026-10-08T19:37:59.8378143Z [1m[94m920[0m [1m[94m|[0m [1m[92m/[0m         {
2026-10-08T19:37:59.8378778Z [1m[94m921[0m [1m[94m|[0m [1m[92m|[0m             0
2026-10-08T19:37:59.8379381Z [1m[94m922[0m [1m[94m|[0m [1m[92m|[0m         } else {
2026-10-08T19:37:59.8379923Z     [1m[94m|[0m [1m[92m|_________^[0m
2026-10-08T19:37:59.8381009Z     [1m[94m= [0m[1mhelp[0m: for further information visit https://rust-lang.github.io/rust-clippy/rust-1.99.0/index.html#if_same_then_else
2026-10-08T19:37:59.8382557Z     [1m[94m= [0m[1mnote[0m: `#[warn(clippy::if_same_then_else)]` on by default
2026-10-08T19:37:59.8383055Z 
2026-10-08T19:37:59.8486923Z [1m[33mwarning[0m[1m: literal with an empty format string[0m
2026-10-08T19:37:59.8487886Z    [1m[94m--> [0muma-sim-core/src/policy_external.rs:161:44
2026-10-08T19:37:59.8488457Z     [1m[94m|[0m
2026-10-08T19:37:59.8489067Z [1m[94m161[0m [1m[94m|[0m         let _ = writeln!(self.stdin, "{}", r#"{"cmd":"quit"}"#);
2026-10-08T19:37:59.8489892Z     [1m[94m|[0m                                            [1m[33m^^^^^^^^^^^^^^^^^^^[0m
2026-10-08T19:37:59.8490534Z     [1m[94m|[0m
2026-10-08T19:37:59.8491388Z     [1m[94m= [0m[1mhelp[0m: for further information visit https://rust-lang.github.io/rust-clippy/rust-1.99.0/index.html#write_literal
2026-10-08T19:37:59.8492753Z     [1m[94m= [0m[1mnote[0m: `#[warn(clippy::write_literal)]` on by default
2026-10-08T19:37:59.8493306Z [1m[96mhelp[0m: try
2026-10-08T19:37:59.8493641Z     [1m[94m|[0m
2026-10-08T19:37:59.8494243Z [1m[94m161[0m [91m- [0m        let _ = writeln!(self.stdin, "{}"[91m, r#"{"cmd":"quit"}"#[0m);
2026-10-08T19:37:59.8495099Z [1m[94m161[0m [92m+ [0m        let _ = writeln!(self.stdin, "{[92m{\"cmd\":\"quit\"}[0m}");
2026-10-08T19:37:59.8495797Z     [1m[94m|[0m
2026-10-08T19:37:59.8495973Z 
2026-10-08T19:37:59.8543851Z [1m[33mwarning[0m[1m: this OR pattern can be rewritten using a range[0m
2026-10-08T19:37:59.8544519Z    [1m[94m--> [0muma-sim-core/src/race.rs:524:9
2026-10-08T19:37:59.8544953Z     [1m[94m|[0m
2026-10-08T19:37:59.8545367Z [1m[94m524[0m [1m[94m|[0m         11 | 12 | 13 => "th",
2026-10-08T19:37:59.8546331Z     [1m[94m|[0m         [1m[33m^^^^^^^^^^^^[0m [1m[33mhelp: try: `11..=13`[0m
2026-10-08T19:37:59.8546860Z     [1m[94m|[0m
2026-10-08T19:37:59.8547782Z     [1m[94m= [0m[1mhelp[0m: for further information visit https://rust-lang.github.io/rust-clippy/rust-1.99.0/index.html#manual_range_patterns
2026-10-08T19:37:59.8549011Z     [1m[94m= [0m[1mnote[0m: `#[warn(clippy::manual_range_patterns)]` on by default
2026-10-08T19:37:59.8549423Z 
2026-10-08T19:37:59.8560648Z [1m[33mwarning[0m[1m: manual implementation of `isolate_lowest_one`[0m
2026-10-08T19:37:59.8561308Z   [1m[94m--> [0muma-sim-core/src/rng.rs:62:16
2026-10-08T19:37:59.8561816Z    [1m[94m|[0m
2026-10-08T19:37:59.8562432Z [1m[94m62[0m [1m[94m|[0m             if n & -n == n {
2026-10-08T19:37:59.8563337Z    [1m[94m|[0m                [1m[33m^^^^^^[0m [1m[33mhelp: consider using `.isolate_lowest_one()`: `n.isolate_lowest_one()`[0m
2026-10-08T19:37:59.8564399Z    [1m[94m|[0m
2026-10-08T19:37:59.8565343Z    [1m[94m= [0m[1mhelp[0m: for further information visit https://rust-lang.github.io/rust-clippy/rust-1.99.0/index.html#manual_isolate_lowest_one
2026-10-08T19:37:59.8566568Z    [1m[94m= [0m[1mnote[0m: `#[warn(clippy::manual_isolate_lowest_one)]` on by default
2026-10-08T19:37:59.8566996Z 
2026-10-08T19:37:59.8595779Z [1m[33mwarning[0m[1m: this function has too many arguments (9/7)[0m
2026-10-08T19:37:59.8596627Z    [1m[94m--> [0muma-sim-core/src/scenario/grand_live.rs:193:5
2026-10-08T19:37:59.8597290Z     [1m[94m|[0m
2026-10-08T19:37:59.8597894Z [1m[94m193[0m [1m[94m|[0m [1m[33m/[0m     pub fn load_community_calibration(
2026-10-08T19:37:59.8598746Z [1m[94m194[0m [1m[94m|[0m [1m[33m|[0m         gate_before_1st: Option<Vec<i32>>,
2026-10-08T19:37:59.8599591Z [1m[94m195[0m [1m[94m|[0m [1m[33m|[0m         gate_before_2nd_4th: Option<Vec<i32>>,
2026-10-08T19:37:59.8600470Z [1m[94m196[0m [1m[94m|[0m [1m[33m|[0m         gate_before_grand: Option<Vec<i32>>,
2026-10-08T19:37:59.8601146Z [1m[94m...[0m   [1m[33m|[0m
2026-10-08T19:37:59.8601773Z [1m[94m202[0m [1m[94m|[0m [1m[33m|[0m         cycle_max: Option<i32>,
2026-10-08T19:37:59.8602611Z [1m[94m203[0m [1m[94m|[0m [1m[33m|[0m     ) {
2026-10-08T19:37:59.8603173Z     [1m[94m|[0m [1m[33m|_____^[0m
2026-10-08T19:37:59.8603638Z     [1m[94m|[0m
2026-10-08T19:37:59.8604568Z     [1m[94m= [0m[1mhelp[0m: for further information visit https://rust-lang.github.io/rust-clippy/rust-1.99.0/index.html#too_many_arguments
2026-10-08T19:37:59.8605749Z     [1m[94m= [0m[1mnote[0m: `#[warn(clippy::too_many_arguments)]` on by default
2026-10-08T19:37:59.8606156Z 
2026-10-08T19:37:59.8708010Z [1m[33mwarning[0m[1m: used consecutive `str::replace` call[0m
2026-10-08T19:37:59.8709232Z   [1m[94m--> [0muma-sim-core/src/scenario/grand_live_deck_support.rs:11:14
2026-10-08T19:37:59.8709877Z    [1m[94m|[0m
2026-10-08T19:37:59.8717802Z [1m[94m11[0m [1m[94m|[0m               .replace('_', " ")
2026-10-08T19:37:59.8723107Z    [1m[94m|[0m [1m[33m ______________^[0m
2026-10-08T19:37:59.8724090Z [1m[94m12[0m [1m[94m|[0m [1m[33m|[0m             .replace('-', " ");
2026-10-08T19:37:59.8725006Z    [1m[94m|[0m [1m[33m|______________________________^[0m [1m[33mhelp: replace with: `replace(['_', '-'], " ")`[0m
2026-10-08T19:37:59.8725682Z    [1m[94m|[0m
2026-10-08T19:37:59.8726582Z    [1m[94m= [0m[1mhelp[0m: for further information visit https://rust-lang.github.io/rust-clippy/rust-1.99.0/index.html#collapsible_str_replace
2026-10-08T19:37:59.8727817Z    [1m[94m= [0m[1mnote[0m: `#[warn(clippy::collapsible_str_replace)]` on by default
2026-10-08T19:37:59.8728246Z 
2026-10-08T19:37:59.8821645Z [1m[33mwarning[0m[1m: unnecessary use of `to_string`[0m
2026-10-08T19:37:59.8822732Z    [1m[94m--> [0muma-sim-core/src/scenario/ura.rs:266:59
2026-10-08T19:37:59.8823726Z     [1m[94m|[0m
2026-10-08T19:37:59.8825198Z [1m[94m266[0m [1m[94m|[0m             .map(|f| format!("Contest of {}!", capitalize(&f.key().to_string())))
2026-10-08T19:37:59.8826236Z     [1m[94m|[0m                                                           [1m[33m^^^^^^^^^^^^^^^^^^^^[0m [1m[33mhelp: use: `f.key()`[0m
2026-10-08T19:37:59.8826821Z     [1m[94m|[0m
2026-10-08T19:37:59.8827747Z     [1m[94m= [0m[1mhelp[0m: for further information visit https://rust-lang.github.io/rust-clippy/rust-1.99.0/index.html#unnecessary_to_owned
2026-10-08T19:37:59.8828967Z     [1m[94m= [0m[1mnote[0m: `#[warn(clippy::unnecessary_to_owned)]` on by default
2026-10-08T19:37:59.8829329Z 
2026-10-08T19:37:59.8829631Z [1m[33mwarning[0m[1m: unnecessary use of `to_string`[0m
2026-10-08T19:37:59.8843994Z    [1m[94m--> [0muma-sim-core/src/scenario/ura.rs:278:50
2026-10-08T19:37:59.8844641Z     [1m[94m|[0m
2026-10-08T19:37:59.8845287Z [1m[94m278[0m [1m[94m|[0m                 format!("{} +{gain}", capitalize(&f.key().to_string()))
2026-10-08T19:37:59.8846647Z     [1m[94m|[0m                                                  [1m[33m^^^^^^^^^^^^^^^^^^^^[0m [1m[33mhelp: use: `f.key()`[0m
2026-10-08T19:37:59.8847267Z     [1m[94m|[0m
2026-10-08T19:37:59.8848149Z     [1m[94m= [0m[1mhelp[0m: for further information visit https://rust-lang.github.io/rust-clippy/rust-1.99.0/index.html#unnecessary_to_owned
2026-10-08T19:37:59.8848853Z 
2026-10-08T19:37:59.8885979Z [1m[33mwarning[0m[1m: unneeded `return` statement[0m
2026-10-08T19:37:59.8886665Z    [1m[94m--> [0muma-sim-core/src/scenario/mod.rs:589:13
2026-10-08T19:37:59.8887163Z     [1m[94m|[0m
2026-10-08T19:37:59.8887647Z [1m[94m589[0m [1m[94m|[0m             return (next, lines);
2026-10-08T19:37:59.8888289Z     [1m[94m|[0m             [1m[33m^^^^^^^^^^^^^^^^^^^^[0m
2026-10-08T19:37:59.8888761Z     [1m[94m|[0m
2026-10-08T19:37:59.8889678Z     [1m[94m= [0m[1mhelp[0m: for further information visit https://rust-lang.github.io/rust-clippy/rust-1.99.0/index.html#needless_return
2026-10-08T19:37:59.8891006Z     [1m[94m= [0m[1mnote[0m: `#[warn(clippy::needless_return)]` on by default
2026-10-08T19:37:59.8891627Z [1m[96mhelp[0m: remove `return`
2026-10-08T19:37:59.8892327Z     [1m[94m|[0m
2026-10-08T19:37:59.8892833Z [1m[94m589[0m [91m- [0m            [91mreturn (next, lines);[0m
2026-10-08T19:37:59.8893482Z [1m[94m589[0m [92m+ [0m            [92m(next, lines)[0m
2026-10-08T19:37:59.8893956Z     [1m[94m|[0m
2026-10-08T19:37:59.8894141Z 
2026-10-08T19:37:59.9034549Z [1m[33mwarning[0m[1m: this function has too many arguments (8/7)[0m
2026-10-08T19:37:59.9035607Z    [1m[94m--> [0muma-sim-core/src/scoring/rank_estimate.rs:280:1
2026-10-08T19:37:59.9036221Z     [1m[94m|[0m
2026-10-08T19:37:59.9036823Z [1m[94m280[0m [1m[94m|[0m [1m[33m/[0m pub fn estimate_rank(
2026-10-08T19:37:59.9037572Z [1m[94m281[0m [1m[94m|[0m [1m[33m|[0m     speed: i32,
2026-10-08T19:37:59.9038275Z [1m[94m282[0m [1m[94m|[0m [1m[33m|[0m     stamina: i32,
2026-10-08T19:37:59.9038948Z [1m[94m283[0m [1m[94m|[0m [1m[33m|[0m     power: i32,
2026-10-08T19:37:59.9039542Z [1m[94m...[0m   [1m[33m|[0m
2026-10-08T19:37:59.9040149Z [1m[94m288[0m [1m[94m|[0m [1m[33m|[0m     unique_level: i32,
2026-10-08T19:37:59.9040872Z [1m[94m289[0m [1m[94m|[0m [1m[33m|[0m ) -> RankResult {
2026-10-08T19:37:59.9041526Z     [1m[94m|[0m [1m[33m|_______________^[0m
2026-10-08T19:37:59.9042280Z     [1m[94m|[0m
2026-10-08T19:37:59.9043344Z     [1m[94m= [0m[1mhelp[0m: for further information visit https://rust-lang.github.io/rust-clippy/rust-1.99.0/index.html#too_many_arguments
2026-10-08T19:37:59.9044185Z 
2026-10-08T19:37:59.9044859Z [1m[33mwarning[0m[1m: module has the same name as its containing module[0m
2026-10-08T19:37:59.9045541Z   [1m[94m--> [0muma-sim-core/src/scoring/mod.rs:10:1
2026-10-08T19:37:59.9046050Z    [1m[94m|[0m
2026-10-08T19:37:59.9046577Z [1m[94m10[0m [1m[94m|[0m pub mod scoring;
2026-10-08T19:37:59.9047063Z    [1m[94m|[0m [1m[33m^^^^^^^^^^^^^^^^[0m
2026-10-08T19:37:59.9047872Z    [1m[94m|[0m
2026-10-08T19:37:59.9048949Z    [1m[94m= [0m[1mhelp[0m: for further information visit https://rust-lang.github.io/rust-clippy/rust-1.99.0/index.html#module_inception
2026-10-08T19:37:59.9050405Z    [1m[94m= [0m[1mnote[0m: `#[warn(clippy::module_inception)]` on by default
2026-10-08T19:37:59.9050933Z 
2026-10-08T19:37:59.9058179Z [1m[33mwarning[0m[1m: using `contains()` instead of `iter().any()` is more efficient[0m
2026-10-08T19:37:59.9059107Z    [1m[94m--> [0muma-sim-core/src/scoring/scoring.rs:249:8
2026-10-08T19:37:59.9059697Z     [1m[94m|[0m
2026-10-08T19:37:59.9060412Z [1m[94m249[0m [1m[94m|[0m     if config.blacklist.iter().any(|b| *b == Some(training.name)) {
2026-10-08T19:37:59.9061656Z     [1m[94m|[0m        [1m[33m^^^^^^^^^^^^^^^^^^^^^^^^^^^^^^^^^^^^^^^^^^^^^^^^^^^^^^^^^^[0m [1m[33mhelp: try: `config.blacklist.contains(&Some(training.name))`[0m
2026-10-08T19:37:59.9063126Z     [1m[94m|[0m
2026-10-08T19:37:59.9064126Z     [1m[94m= [0m[1mhelp[0m: for further information visit https://rust-lang.github.io/rust-clippy/rust-1.99.0/index.html#manual_contains
2026-10-08T19:37:59.9065581Z     [1m[94m= [0m[1mnote[0m: `#[warn(clippy::manual_contains)]` on by default
2026-10-08T19:37:59.9066053Z 
2026-10-08T19:37:59.9092869Z [1m[33mwarning[0m[1m: this `if` has identical blocks[0m
2026-10-08T19:37:59.9093650Z    [1m[94m--> [0muma-sim-core/src/scoring/skill_scoring.rs:186:34
2026-10-08T19:37:59.9094252Z     [1m[94m|[0m
2026-10-08T19:37:59.9095021Z [1m[94m186[0m [1m[94m|[0m       if apt >= AptitudeOrdinal::S {
2026-10-08T19:37:59.9095700Z     [1m[94m|[0m [1m[33m __________________________________^[0m
2026-10-08T19:37:59.9096309Z [1m[94m187[0m [1m[94m|[0m [1m[33m|[0m         1.1
2026-10-08T19:37:59.9097076Z [1m[94m188[0m [1m[94m|[0m [1m[33m|[0m     } else if apt >= AptitudeOrdinal::A {
2026-10-08T19:37:59.9097694Z     [1m[94m|[0m [1m[33m|_____^[0m
2026-10-08T19:37:59.9098099Z     [1m[94m|[0m
2026-10-08T19:37:59.9098495Z [1m[92mnote[0m: same as this
2026-10-08T19:37:59.9099032Z    [1m[94m--> [0muma-sim-core/src/scoring/skill_scoring.rs:188:41
2026-10-08T19:37:59.9099512Z     [1m[94m|[0m
2026-10-08T19:37:59.9100045Z [1m[94m188[0m [1m[94m|[0m       } else if apt >= AptitudeOrdinal::A {
2026-10-08T19:37:59.9100695Z     [1m[94m|[0m [1m[92m _________________________________________^[0m
2026-10-08T19:37:59.9101303Z [1m[94m189[0m [1m[94m|[0m [1m[92m|[0m         1.1
2026-10-08T19:37:59.9102253Z [1m[94m190[0m [1m[94m|[0m [1m[92m|[0m     } else if apt >= AptitudeOrdinal::B {
2026-10-08T19:37:59.9102862Z     [1m[94m|[0m [1m[92m|_____^[0m
2026-10-08T19:37:59.9103852Z     [1m[94m= [0m[1mhelp[0m: for further information visit https://rust-lang.github.io/rust-clippy/rust-1.99.0/index.html#if_same_then_else
2026-10-08T19:37:59.9104583Z 
2026-10-08T19:37:59.9144226Z [1m[33mwarning[0m[1m: this function has too many arguments (10/7)[0m
2026-10-08T19:37:59.9145040Z    [1m[94m--> [0muma-sim-core/src/scoring/terminal_utility.rs:116:1
2026-10-08T19:37:59.9145592Z     [1m[94m|[0m
2026-10-08T19:37:59.9146139Z [1m[94m116[0m [1m[94m|[0m [1m[33m/[0m pub fn evaluate_career_terminal(
2026-10-08T19:37:59.9146819Z [1m[94m117[0m [1m[94m|[0m [1m[33m|[0m     seed: i64,
2026-10-08T19:37:59.9147425Z [1m[94m118[0m [1m[94m|[0m [1m[33m|[0m     scenario: &str,
2026-10-08T19:37:59.9148067Z [1m[94m119[0m [1m[94m|[0m [1m[33m|[0m     trainee: &str,
2026-10-08T19:37:59.9148590Z [1m[94m...[0m   [1m[33m|[0m
2026-10-08T19:37:59.9149166Z [1m[94m126[0m [1m[94m|[0m [1m[33m|[0m     appearance_probs: &[f64],
2026-10-08T19:37:59.9149872Z [1m[94m127[0m [1m[94m|[0m [1m[33m|[0m ) -> CareerTerminalRecord {
2026-10-08T19:37:59.9150484Z     [1m[94m|[0m [1m[33m|_________________________^[0m
2026-10-08T19:37:59.9150979Z     [1m[94m|[0m
2026-10-08T19:37:59.9152640Z     [1m[94m= [0m[1mhelp[0m: for further information visit https://rust-lang.github.io/rust-clippy/rust-1.99.0/index.html#too_many_arguments
2026-10-08T19:37:59.9153438Z 
2026-10-08T19:37:59.9387557Z [1m[33mwarning[0m[1m: this function has too many arguments (14/7)[0m
2026-10-08T19:37:59.9388541Z    [1m[94m--> [0muma-sim-core/src/state.rs:524:5
2026-10-08T19:37:59.9389108Z     [1m[94m|[0m
2026-10-08T19:37:59.9389675Z [1m[94m524[0m [1m[94m|[0m [1m[33m/[0m     pub fn copy_with(
2026-10-08T19:37:59.9390363Z [1m[94m525[0m [1m[94m|[0m [1m[33m|[0m         &self,
2026-10-08T19:37:59.9391092Z [1m[94m526[0m [1m[94m|[0m [1m[33m|[0m         scenario_resources: ScenarioResources,
2026-10-08T19:37:59.9392099Z [1m[94m527[0m [1m[94m|[0m [1m[33m|[0m         stats: Option<TraineeStats>,
2026-10-08T19:37:59.9392731Z [1m[94m...[0m   [1m[33m|[0m
2026-10-08T19:37:59.9393892Z [1m[94m538[0m [1m[94m|[0m [1m[33m|[0m         log: Option<Vec<String>>,
2026-10-08T19:37:59.9394568Z [1m[94m539[0m [1m[94m|[0m [1m[33m|[0m     ) -> Self {
2026-10-08T19:37:59.9395120Z     [1m[94m|[0m [1m[33m|_____________^[0m
2026-10-08T19:37:59.9395550Z     [1m[94m|[0m
2026-10-08T19:37:59.9396428Z     [1m[94m= [0m[1mhelp[0m: for further information visit https://rust-lang.github.io/rust-clippy/rust-1.99.0/index.html#too_many_arguments
2026-10-08T19:37:59.9397133Z 
2026-10-08T19:37:59.9532374Z [1m[33mwarning[0m[1m: using `Option.and_then(|x| Some(y))`, which is more succinctly expressed as `map(|x| y)`[0m
2026-10-08T19:37:59.9533559Z    [1m[94m--> [0muma-sim-core/src/telemetry.rs:192:13
2026-10-08T19:37:59.9534159Z     [1m[94m|[0m
2026-10-08T19:37:59.9534788Z [1m[94m192[0m [1m[94m|[0m [1m[33m/[0m             stat_key.as_ref().and_then(|k| {
2026-10-08T19:37:59.9535751Z [1m[94m193[0m [1m[94m|[0m [1m[33m|[0m                 let before = pre.stats.get(facility_from_stat(k));
2026-10-08T19:37:59.9536744Z [1m[94m194[0m [1m[94m|[0m [1m[33m|[0m                 let after = post.stats.get(facility_from_stat(k));
2026-10-08T19:37:59.9537592Z [1m[94m195[0m [1m[94m|[0m [1m[33m|[0m                 Some((after - before).max(0))
2026-10-08T19:37:59.9538340Z [1m[94m196[0m [1m[94m|[0m [1m[33m|[0m             })
2026-10-08T19:37:59.9538940Z     [1m[94m|[0m [1m[33m|______________^[0m
2026-10-08T19:37:59.9539451Z     [1m[94m|[0m
2026-10-08T19:37:59.9540391Z     [1m[94m= [0m[1mhelp[0m: for further information visit https://rust-lang.github.io/rust-clippy/rust-1.99.0/index.html#bind_instead_of_map
2026-10-08T19:37:59.9541801Z     [1m[94m= [0m[1mnote[0m: `#[warn(clippy::bind_instead_of_map)]` on by default
2026-10-08T19:37:59.9542690Z [1m[96mhelp[0m: use `map` instead
2026-10-08T19:37:59.9543166Z     [1m[94m|[0m
2026-10-08T19:37:59.9543718Z [1m[94m192[0m [92m~ [0m            stat_key.as_ref().[92mmap[0m(|k| {
2026-10-08T19:37:59.9544883Z [1m[94m193[0m [1m[94m|[0m                 let before = pre.stats.get(facility_from_stat(k));
2026-10-08T19:37:59.9545715Z [1m[94m194[0m [1m[94m|[0m                 let after = post.stats.get(facility_from_stat(k));
2026-10-08T19:37:59.9546440Z [1m[94m195[0m [92m~ [0m                [92m(after - before).max(0)[0m
2026-10-08T19:37:59.9546952Z     [1m[94m|[0m
2026-10-08T19:37:59.9547129Z 
2026-10-08T19:37:59.9571882Z [1m[33mwarning[0m[1m: redundant closure[0m
2026-10-08T19:37:59.9572792Z    [1m[94m--> [0muma-sim-core/src/telemetry.rs:422:25
2026-10-08T19:37:59.9573276Z     [1m[94m|[0m
2026-10-08T19:37:59.9573975Z [1m[94m422[0m [1m[94m|[0m             .filter_map(|l| Self::parse_line(l))
2026-10-08T19:37:59.9575154Z     [1m[94m|[0m                         [1m[33m^^^^^^^^^^^^^^^^^^^^^^^[0m [1m[33mhelp: replace the closure with the associated function itself: `Self::parse_line`[0m
2026-10-08T19:37:59.9575921Z     [1m[94m|[0m
2026-10-08T19:37:59.9576853Z     [1m[94m= [0m[1mhelp[0m: for further information visit https://rust-lang.github.io/rust-clippy/rust-1.99.0/index.html#redundant_closure
2026-10-08T19:37:59.9577551Z 
2026-10-08T19:37:59.9601763Z [1m[33mwarning[0m[1m: the borrowed expression implements the required traits[0m
2026-10-08T19:37:59.9603198Z    [1m[94m--> [0muma-sim-core/src/training.rs:187:41
2026-10-08T19:37:59.9603949Z     [1m[94m|[0m
2026-10-08T19:37:59.9604818Z [1m[94m187[0m [1m[94m|[0m                     .and_then(|v| v.get(&level.to_string()))
2026-10-08T19:37:59.9606146Z     [1m[94m|[0m                                         [1m[33m^^^^^^^^^^^^^^^^^^[0m [1m[33mhelp: change this to: `level.to_string()`[0m
2026-10-08T19:37:59.9606886Z     [1m[94m|[0m
2026-10-08T19:37:59.9607905Z     [1m[94m= [0m[1mhelp[0m: for further information visit https://rust-lang.github.io/rust-clippy/rust-1.99.0/index.html#needless_borrows_for_generic_args
2026-10-08T19:37:59.9609312Z     [1m[94m= [0m[1mnote[0m: `#[warn(clippy::needless_borrows_for_generic_args)]` on by default
2026-10-08T19:37:59.9610043Z 
2026-10-08T19:37:59.9610484Z [1m[33mwarning[0m[1m: the borrowed expression implements the required traits[0m
2026-10-08T19:37:59.9611193Z    [1m[94m--> [0muma-sim-core/src/training.rs:199:37
2026-10-08T19:37:59.9611688Z     [1m[94m|[0m
2026-10-08T19:37:59.9612747Z [1m[94m199[0m [1m[94m|[0m                 .and_then(|v| v.get(&level.to_string()))
2026-10-08T19:37:59.9613668Z     [1m[94m|[0m                                     [1m[33m^^^^^^^^^^^^^^^^^^[0m [1m[33mhelp: change this to: `level.to_string()`[0m
2026-10-08T19:37:59.9614298Z     [1m[94m|[0m
2026-10-08T19:37:59.9615196Z     [1m[94m= [0m[1mhelp[0m: for further information visit https://rust-lang.github.io/rust-clippy/rust-1.99.0/index.html#needless_borrows_for_generic_args
2026-10-08T19:37:59.9615935Z 
2026-10-08T19:37:59.9616348Z [1m[33mwarning[0m[1m: the borrowed expression implements the required traits[0m
2026-10-08T19:37:59.9617032Z    [1m[94m--> [0muma-sim-core/src/training.rs:229:37
2026-10-08T19:37:59.9617475Z     [1m[94m|[0m
2026-10-08T19:37:59.9617991Z [1m[94m229[0m [1m[94m|[0m                 .and_then(|v| v.get(&level.to_string()))
2026-10-08T19:37:59.9618877Z     [1m[94m|[0m                                     [1m[33m^^^^^^^^^^^^^^^^^^[0m [1m[33mhelp: change this to: `level.to_string()`[0m
2026-10-08T19:37:59.9619490Z     [1m[94m|[0m
2026-10-08T19:37:59.9620440Z     [1m[94m= [0m[1mhelp[0m: for further information visit https://rust-lang.github.io/rust-clippy/rust-1.99.0/index.html#needless_borrows_for_generic_args
2026-10-08T19:37:59.9621177Z 
2026-10-08T19:37:59.9621600Z [1m[33mwarning[0m[1m: the borrowed expression implements the required traits[0m
2026-10-08T19:37:59.9622473Z    [1m[94m--> [0muma-sim-core/src/training.rs:236:37
2026-10-08T19:37:59.9622904Z     [1m[94m|[0m
2026-10-08T19:37:59.9623378Z [1m[94m236[0m [1m[94m|[0m                 .and_then(|v| v.get(&level.to_string()))
2026-10-08T19:37:59.9624273Z     [1m[94m|[0m                                     [1m[33m^^^^^^^^^^^^^^^^^^[0m [1m[33mhelp: change this to: `level.to_string()`[0m
2026-10-08T19:37:59.9624895Z     [1m[94m|[0m
2026-10-08T19:37:59.9625834Z     [1m[94m= [0m[1mhelp[0m: for further information visit https://rust-lang.github.io/rust-clippy/rust-1.99.0/index.html#needless_borrows_for_generic_args
2026-10-08T19:37:59.9626660Z 
2026-10-08T19:38:00.0833276Z [1m[33mwarning[0m: `uma-sim-core` (lib) generated 32 warnings (run `cargo clippy --fix --lib -p uma-sim-core -- ` to apply 23 suggestions)
2026-10-08T19:38:00.1514128Z [1m[33mwarning[0m: `uma-sim-core` (lib test) generated 32 warnings (32 duplicates)
2026-10-08T19:38:00.4904875Z [1m[33mwarning[0m[1m: unused import: `uma_sim_core::scenario::TrackblazerMechanics`[0m
2026-10-08T19:38:00.4953948Z  [1m[94m--> [0muma-sim-core/examples/tb_shop_dump.rs:1:5
2026-10-08T19:38:00.4983017Z   [1m[94m|[0m
2026-10-08T19:38:00.5013889Z [1m[94m1[0m [1m[94m|[0m use uma_sim_core::scenario::TrackblazerMechanics;
2026-10-08T19:38:00.5043545Z   [1m[94m|[0m     [1m[33m^^^^^^^^^^^^^^^^^^^^^^^^^^^^^^^^^^^^^^^^^^^^[0m
2026-10-08T19:38:00.5073389Z   [1m[94m|[0m
2026-10-08T19:38:00.5084232Z   [1m[94m= [0m[1mnote[0m: `#[warn(unused_imports)]` (part of `#[warn(unused)]`) on by default
2026-10-08T19:38:00.5112479Z 
2026-10-08T19:38:00.5135377Z [1m[33mwarning[0m: `uma-sim-core` (example "tb_shop_dump") generated 1 warning (run `cargo clippy --fix --example "tb_shop_dump" -p uma-sim-core -- ` to apply 1 suggestion)
2026-10-08T19:38:00.9663947Z [1m[33mwarning[0m[1m: manual implementation of `.is_multiple_of()`[0m
2026-10-08T19:38:00.9665193Z   [1m[94m--> [0muma-sim-core/tests/career_lab_branch_publication.rs:44:33
2026-10-08T19:38:00.9693180Z    [1m[94m|[0m
2026-10-08T19:38:00.9723466Z [1m[94m44[0m [1m[94m|[0m         "config": {"policy": if marker % 2 == 0 {"default"} else {"bot"}, "maxActions": marker + 1, "overrides": []},
2026-10-08T19:38:00.9733526Z    [1m[94m|[0m                                 [1m[33m^^^^^^^^^^^^^^^[0m [1m[33mhelp: replace with: `marker.is_multiple_of(2)`[0m
2026-10-08T19:38:00.9734255Z    [1m[94m|[0m
2026-10-08T19:38:00.9735174Z    [1m[94m= [0m[1mhelp[0m: for further information visit https://rust-lang.github.io/rust-clippy/rust-1.99.0/index.html#manual_is_multiple_of
2026-10-08T19:38:00.9736452Z    [1m[94m= [0m[1mnote[0m: `#[warn(clippy::manual_is_multiple_of)]` on by default
2026-10-08T19:38:00.9736864Z 
2026-10-08T19:38:00.9875982Z [1m[33mwarning[0m: `uma-sim-core` (test "career_lab_branch_publication") generated 1 warning (run `cargo clippy --fix --test "career_lab_branch_publication" -p uma-sim-core -- ` to apply 1 suggestion)
2026-10-08T19:38:01.0213031Z [1m[33mwarning[0m[1m: manual `RangeInclusive::contains` implementation[0m
2026-10-08T19:38:01.0253608Z    [1m[94m--> [0muma-sim-core/tests/race_v4_dist.rs:291:9
2026-10-08T19:38:01.0254500Z     [1m[94m|[0m
2026-10-08T19:38:01.0283438Z [1m[94m291[0m [1m[94m|[0m         mean_place >= 1.0 && mean_place <= 12.0,
2026-10-08T19:38:01.0313640Z     [1m[94m|[0m         [1m[33m^^^^^^^^^^^^^^^^^^^^^^^^^^^^^^^^^^^^^^^[0m [1m[33mhelp: use: `(1.0..=12.0).contains(&mean_place)`[0m
2026-10-08T19:38:01.0343296Z     [1m[94m|[0m
2026-10-08T19:38:01.0344574Z     [1m[94m= [0m[1mhelp[0m: for further information visit https://rust-lang.github.io/rust-clippy/rust-1.99.0/index.html#manual_range_contains
2026-10-08T19:38:01.0374358Z     [1m[94m= [0m[1mnote[0m: `#[warn(clippy::manual_range_contains)]` on by default
2026-10-08T19:38:01.0402640Z 
2026-10-08T19:38:01.0438847Z [1m[33mwarning[0m: `uma-sim-core` (test "race_v4_dist") generated 1 warning (run `cargo clippy --fix --test "race_v4_dist" -p uma-sim-core -- ` to apply 1 suggestion)
2026-10-08T19:38:01.3893806Z [1m[33mwarning[0m[1m: iterating on a map's keys[0m
2026-10-08T19:38:01.3913318Z    [1m[94m--> [0muma-sim-core/tests/parity.rs:308:32
2026-10-08T19:38:01.3943226Z     [1m[94m|[0m
2026-10-08T19:38:01.3973756Z [1m[94m308[0m [1m[94m|[0m             config.stat_caps = stats.iter().map(|(k, _)| (*k, 1400)).collect();
2026-10-08T19:38:01.4003489Z     [1m[94m|[0m                                [1m[33m^^^^^^^^^^^^^^^^^^^^^^^^^^^^^^^^^^^^^[0m [1m[33mhelp: try: `stats.keys().map(|k| (*k, 1400))`[0m
2026-10-08T19:38:01.4013096Z     [1m[94m|[0m
2026-10-08T19:38:01.4043646Z     [1m[94m= [0m[1mhelp[0m: for further information visit https://rust-lang.github.io/rust-clippy/rust-1.99.0/index.html#iter_kv_map
2026-10-08T19:38:01.4063953Z     [1m[94m= [0m[1mnote[0m: `#[warn(clippy::iter_kv_map)]` on by default
2026-10-08T19:38:01.4092362Z 
2026-10-08T19:38:01.4103967Z [1m[33mwarning[0m: `uma-sim-core` (test "parity") generated 1 warning (run `cargo clippy --fix --test "parity" -p uma-sim-core -- ` to apply 1 suggestion)
2026-10-08T19:38:01.4610314Z [1m[92m    Finished[0m `dev` profile [unoptimized + debuginfo] target(s) in 7.50s
2026-10-08T19:38:01.4805233Z ##[group]Run cargo test --workspace --locked
2026-10-08T19:38:01.4805584Z [36;1mcargo test --workspace --locked[0m
2026-10-08T19:38:01.4868235Z shell: /usr/bin/bash -e {0}
2026-10-08T19:38:01.4868491Z env:
2026-10-08T19:38:01.4868693Z   CARGO_HOME: /home/runner/.cargo
2026-10-08T19:38:01.4868939Z   CARGO_INCREMENTAL: 0
2026-10-08T19:38:01.4869156Z   CARGO_TERM_COLOR: always
2026-10-08T19:38:01.4869372Z   CACHE_ON_FAILURE: false
2026-10-08T19:38:01.4869583Z ##[endgroup]
2026-10-08T19:38:01.5731496Z [1m[92m   Compiling[0m uma-race-core v0.1.0 (/home/runner/work/uma-sim/uma-sim/uma-race-core)
2026-10-08T19:38:01.5732921Z [1m[92m   Compiling[0m uma-sim-core v0.1.0 (/home/runner/work/uma-sim/uma-sim/uma-sim-core)
2026-10-08T19:38:09.4656313Z [1m[33mwarning[0m[1m: unused import: `uma_sim_core::scenario::TrackblazerMechanics`[0m
2026-10-08T19:38:09.4673318Z  [1m[94m--> [0muma-sim-core/examples/tb_shop_dump.rs:1:5
2026-10-08T19:38:09.4707803Z   [1m[94m|[0m
2026-10-08T19:38:09.4797313Z [1m[94m1[0m [1m[94m|[0m use uma_sim_core::scenario::TrackblazerMechanics;
2026-10-08T19:38:09.4819796Z   [1m[94m|[0m     [1m[33m^^^^^^^^^^^^^^^^^^^^^^^^^^^^^^^^^^^^^^^^^^^^[0m
2026-10-08T19:38:09.4853346Z   [1m[94m|[0m
2026-10-08T19:38:09.4933498Z   [1m[94m= [0m[1mnote[0m: `#[warn(unused_imports)]` (part of `#[warn(unused)]`) on by default
2026-10-08T19:38:09.4962391Z 
2026-10-08T19:38:09.8654264Z [1m[33mwarning[0m: `uma-sim-core` (example "tb_shop_dump") generated 1 warning (run `cargo fix --example "tb_shop_dump" -p uma-sim-core` to apply 1 suggestion)
2026-10-08T19:38:19.2528732Z [1m[92m    Finished[0m `test` profile [unoptimized + debuginfo] target(s) in 17.74s
2026-10-08T19:38:19.3097243Z [1m[92m     Running[0m unittests src/lib.rs (target/debug/deps/uma_race_core-25d6642d236d496f)
2026-10-08T19:38:19.3110871Z 
2026-10-08T19:38:19.3111277Z running 52 tests
2026-10-08T19:38:19.3114934Z test compete_fight::tests::guts_bonuses_positive ... ok
2026-10-08T19:38:19.3115600Z test compete_fight::tests::top_half_two_horse ... ok
2026-10-08T19:38:19.3116181Z test condition::parser::tests::parses_basic_and_or ... ok
2026-10-08T19:38:19.3124152Z test condition::parser::tests::or_binds_looser_than_and ... ok
2026-10-08T19:38:19.3156989Z test condition::regions::tests::all_corner_random_intersects_corners_not_always ... ok
2026-10-08T19:38:19.3157566Z test condition::regions::tests::finalcorner_empty_on_straight_course_10301 ... ok
2026-10-08T19:38:19.3158812Z test condition::regions::tests::base_power_gate_uses_mood_adjusted_stats ... ok
2026-10-08T19:38:19.3159614Z test condition::regions::tests::phase_random_2_on_1600_is_final_third ... ok
2026-10-08T19:38:19.3160346Z test condition::sample::tests::erlang_reconcile_keeps_right_k ... ok
2026-10-08T19:38:19.3161140Z test condition::regions::tests::season_spring_default_rejects_autumn_winter_greens ... ok
2026-10-08T19:38:19.3162112Z test condition::skill::tests::activation_chance_kuromiak_examples ... ok
2026-10-08T19:38:19.3634612Z test condition::skill::tests::compiles_200701_phase_random_accel ... ok
2026-10-08T19:38:19.3643412Z test condition::skill::tests::evolution_does_not_skip_wisdom_unique_does ... ok
2026-10-08T19:38:19.3644348Z test condition::skill::tests::gene_version_910391_is_catalogued ... ok
2026-10-08T19:38:19.3645053Z test course::tests::course_10601_round_trips_slope_geometry ... ok
2026-10-08T19:38:19.3669664Z test data::tests::finds_course_data_in_source_checkout ... ok
2026-10-08T19:38:19.3670461Z test data::tests::exe_dir_is_a_candidate ... ok
2026-10-08T19:38:19.3671203Z test field::tests::entrant_seed_index_zero_is_root ... ok
2026-10-08T19:38:19.3673113Z test data::tests::missing_file_is_none ... ok
2026-10-08T19:38:19.3673881Z test field::tests::independent_field_orders_faster_horse_first ... ok
2026-10-08T19:38:19.3717103Z test course::tests::covers_all_89_career_course_ids ... ok
2026-10-08T19:38:19.3733155Z test field::tests::synced_none_matches_independent_finish_order ... ok
2026-10-08T19:38:19.3734623Z test hp::tests::guts_modifier_example ... ok
2026-10-08T19:38:19.3735361Z test hp::tests::hp_per_second_at_base_speed_is_20 ... ok
2026-10-08T19:38:19.3736037Z test hp::tests::max_hp_formula ... ok
2026-10-08T19:38:19.3743509Z test hp::tests::spurt_accept_threshold_matches_doc ... ok
2026-10-08T19:38:19.3757946Z test hp::tests::status_modifiers_from_constants ... ok
2026-10-08T19:38:19.3772379Z test hp::tests::strategy_coefs_match_constants_file ... ok
2026-10-08T19:38:19.3773273Z test lead_comp::tests::guts_782_bonus_and_duration_positive ... ok
2026-10-08T19:38:19.3773979Z test physics::tests::base_speed_at_2000_is_20 ... ok
2026-10-08T19:38:19.3774726Z test physics::tests::phase_fractions_match_constants_file ... ok
2026-10-08T19:38:19.3775471Z test pos_keep::tests::course_factor_at_1000_is_one ... ok
2026-10-08T19:38:19.3776251Z test pos_keep::tests::senkou_min_threshold_ignores_course_factor ... ok
2026-10-08T19:38:19.3777053Z test pos_keep::tests::speed_coefs_match_research_json ... ok
2026-10-08T19:38:19.3778283Z test rng::tests::prando_readme_seed_12345678 ... ok
2026-10-08T19:38:19.3778994Z test rng::tests::seeded_streams_match_oracle_dump ... ok
2026-10-08T19:38:19.3779797Z test runner::tests::virtual_default_pacer_case1_within_one_frame ... ok
2026-10-08T19:38:19.3780590Z test solver::tests::activate_count_heal_gates_until_heal ... ok
2026-10-08T19:38:19.3781351Z test field::tests::synced_virtual_can_change_order_vs_none ... ok
2026-10-08T19:38:19.3782285Z test solver::tests::case1_finish_within_one_frame_of_oracle ... ok
2026-10-08T19:38:19.3783382Z test solver::tests::case3_accel_skill_beats_no_skill ... ok
2026-10-08T19:38:19.3784707Z test solver::tests::case3_skill_finish_within_one_frame_of_oracle ... ok
2026-10-08T19:38:19.3785525Z test solver::tests::order_ge_noop_in_solo_enforced_in_pack ... ok
2026-10-08T19:38:19.3786338Z test solver::tests::order_rate_enforced_only_for_multi_horse_fields ... ok
2026-10-08T19:38:19.3787143Z test solver::tests::post_number_uses_gate_block ... ok
2026-10-08T19:38:19.3787920Z test solver::tests::section_random_band_matches_kuromiak_examples ... ok
2026-10-08T19:38:19.3788750Z test solver::tests::uphill_penalty_uses_power_not_sqrt500 ... ok
2026-10-08T19:38:19.3789500Z test special_conditions::tests::blocked_side_starts_active ... ok
2026-10-08T19:38:19.3790340Z test special_conditions::tests::condition_timer_ticks_once_per_second ... ok
2026-10-08T19:38:19.3790991Z test special_conditions::tests::outer_lane_forces_off_on_tick ... ok
2026-10-08T19:38:19.3806173Z test field::tests::synced_virtual_order_deterministic ... ok
2026-10-08T19:38:19.4141519Z test condition::parser::tests::all_skill_condition_strings_parse ... ok
2026-10-08T19:38:19.4142112Z 
2026-10-08T19:38:19.4142428Z test result: ok. 52 passed; 0 failed; 0 ignored; 0 measured; 0 filtered out; finished in 0.10s
2026-10-08T19:38:19.4142736Z 
2026-10-08T19:38:19.4148308Z [1m[92m     Running[0m tests/checkpoint_r85.rs (target/debug/deps/checkpoint_r85-09b191734e50b08e)
2026-10-08T19:38:19.4161137Z 
2026-10-08T19:38:19.4161296Z running 1 test
2026-10-08T19:38:19.4814011Z test r85_checkpoint_sample_triage ... ok
2026-10-08T19:38:19.4814628Z 
2026-10-08T19:38:19.4815168Z test result: ok. 1 passed; 0 failed; 0 ignored; 0 measured; 0 filtered out; finished in 0.06s
2026-10-08T19:38:19.4815791Z 
2026-10-08T19:38:19.4818027Z [1m[92m     Running[0m tests/checkpoint_v3.rs (target/debug/deps/checkpoint_v3-38c824b672455bba)
2026-10-08T19:38:19.4829287Z 
2026-10-08T19:38:19.4829797Z running 1 test
2026-10-08T19:38:19.6309459Z test r85_v3_expanded_sample_soft_gate ... ok
2026-10-08T19:38:19.6310119Z 
2026-10-08T19:38:19.6310658Z test result: ok. 1 passed; 0 failed; 0 ignored; 0 measured; 0 filtered out; finished in 0.15s
2026-10-08T19:38:19.6311283Z 
2026-10-08T19:38:19.6315584Z [1m[92m     Running[0m tests/checkpoint_v3_1000.rs (target/debug/deps/checkpoint_v3_1000-489d0fa927e2d900)
2026-10-08T19:38:19.6328720Z 
2026-10-08T19:38:19.6329059Z running 1 test
2026-10-08T19:38:20.6123362Z test r85_v3_expanded_1000_soft_gate ... ok
2026-10-08T19:38:20.6123715Z 
2026-10-08T19:38:20.6124157Z test result: ok. 1 passed; 0 failed; 0 ignored; 0 measured; 0 filtered out; finished in 0.98s
2026-10-08T19:38:20.6124760Z 
2026-10-08T19:38:20.6128875Z [1m[92m     Running[0m tests/checkpoint_v3_wide.rs (target/debug/deps/checkpoint_v3_wide-bdefae85e3f1f0c2)
2026-10-08T19:38:20.6142340Z 
2026-10-08T19:38:20.6142733Z running 1 test
2026-10-08T19:38:20.9046808Z test r85_v3_wide_240_soft_gate ... ok
2026-10-08T19:38:20.9047116Z 
2026-10-08T19:38:20.9047437Z test result: ok. 1 passed; 0 failed; 0 ignored; 0 measured; 0 filtered out; finished in 0.29s
2026-10-08T19:38:20.9047906Z 
2026-10-08T19:38:20.9052410Z [1m[92m     Running[0m tests/condition_keywords.rs (target/debug/deps/condition_keywords-a42569097673071a)
2026-10-08T19:38:20.9064860Z 
2026-10-08T19:38:20.9065186Z running 3 tests
2026-10-08T19:38:20.9097706Z test corner_3_uses_oval_corner_indices ... ok
2026-10-08T19:38:20.9098111Z test is_basis_distance_filters_non_core_course ... ok
2026-10-08T19:38:20.9098749Z test distance_rate_after_random_50_has_regions ... ok
2026-10-08T19:38:20.9098949Z 
2026-10-08T19:38:20.9099257Z test result: ok. 3 passed; 0 failed; 0 ignored; 0 measured; 0 filtered out; finished in 0.00s
2026-10-08T19:38:20.9099674Z 
2026-10-08T19:38:20.9100888Z [1m[92m     Running[0m tests/probe_394_202662.rs (target/debug/deps/probe_394_202662-7376c3889745da8b)
2026-10-08T19:38:20.9112566Z 
2026-10-08T19:38:20.9112708Z running 1 test
2026-10-08T19:38:21.0014954Z test probe_394_202662 ... ok
2026-10-08T19:38:21.0015207Z 
2026-10-08T19:38:21.0015484Z test result: ok. 1 passed; 0 failed; 0 ignored; 0 measured; 0 filtered out; finished in 0.09s
2026-10-08T19:38:21.0015822Z 
2026-10-08T19:38:21.0023564Z [1m[92m     Running[0m tests/probe_394_pending.rs (target/debug/deps/probe_394_pending-a30b940c96048b09)
2026-10-08T19:38:21.0037131Z 
2026-10-08T19:38:21.0037280Z running 1 test
2026-10-08T19:38:21.0879751Z test probe_394_pending ... ok
2026-10-08T19:38:21.0880043Z 
2026-10-08T19:38:21.0880274Z test result: ok. 1 passed; 0 failed; 0 ignored; 0 measured; 0 filtered out; finished in 0.08s
2026-10-08T19:38:21.0880564Z 
2026-10-08T19:38:21.0887151Z [1m[92m     Running[0m tests/probe_534_procs.rs (target/debug/deps/probe_534_procs-0385cdae1396207b)
2026-10-08T19:38:21.0900408Z 
2026-10-08T19:38:21.0900544Z running 1 test
2026-10-08T19:38:21.1736587Z test probe_534_procs ... ok
2026-10-08T19:38:21.1736810Z 
2026-10-08T19:38:21.1737068Z test result: ok. 1 passed; 0 failed; 0 ignored; 0 measured; 0 filtered out; finished in 0.08s
2026-10-08T19:38:21.1737396Z 
2026-10-08T19:38:21.1744272Z [1m[92m     Running[0m tests/probe_534_stats.rs (target/debug/deps/probe_534_stats-e6a288a567dbaa73)
2026-10-08T19:38:21.1756994Z 
2026-10-08T19:38:21.1757146Z running 1 test
2026-10-08T19:38:21.2601715Z test probe_534_stats ... ok
2026-10-08T19:38:21.2602190Z 
2026-10-08T19:38:21.2602510Z test result: ok. 1 passed; 0 failed; 0 ignored; 0 measured; 0 filtered out; finished in 0.08s
2026-10-08T19:38:21.2602876Z 
2026-10-08T19:38:21.2609614Z [1m[92m     Running[0m tests/probe_last_two.rs (target/debug/deps/probe_last_two-617fd1afbf56b3a1)
2026-10-08T19:38:21.2623336Z 
2026-10-08T19:38:21.2623534Z running 1 test
2026-10-08T19:38:21.3535813Z test probe_last_two_procs ... ok
2026-10-08T19:38:21.3536019Z 
2026-10-08T19:38:21.3536253Z test result: ok. 1 passed; 0 failed; 0 ignored; 0 measured; 0 filtered out; finished in 0.09s
2026-10-08T19:38:21.3536544Z 
2026-10-08T19:38:21.3542803Z [1m[92m     Running[0m tests/probe_residual.rs (target/debug/deps/probe_residual-d12cb37c6f329fd3)
2026-10-08T19:38:21.3555055Z 
2026-10-08T19:38:21.3555219Z running 2 tests
2026-10-08T19:38:21.4403853Z test probe_590_pos ... ok
2026-10-08T19:38:21.4404284Z test probe_590_pk ... ok
2026-10-08T19:38:21.4404486Z 
2026-10-08T19:38:21.4404715Z test result: ok. 2 passed; 0 failed; 0 ignored; 0 measured; 0 filtered out; finished in 0.08s
2026-10-08T19:38:21.4405022Z 
2026-10-08T19:38:21.4415648Z [1m[92m     Running[0m tests/probe_residuals_bare.rs (target/debug/deps/probe_residuals_bare-16e53fcf21c41e75)
2026-10-08T19:38:21.4426955Z 
2026-10-08T19:38:21.4427077Z running 1 test
2026-10-08T19:38:21.6474113Z test probe_residuals_bare ... ok
2026-10-08T19:38:21.6474371Z 
2026-10-08T19:38:21.6474613Z test result: ok. 1 passed; 0 failed; 0 ignored; 0 measured; 0 filtered out; finished in 0.20s
2026-10-08T19:38:21.6474915Z 
2026-10-08T19:38:21.6481840Z [1m[92m     Running[0m unittests src/lib.rs (target/debug/deps/uma_sim_core-69171c73a3dc97ca)
2026-10-08T19:38:21.6497545Z 
2026-10-08T19:38:21.6497684Z running 46 tests
2026-10-08T19:38:22.0989140Z test api::tests::fast_503_leaves_speed_unchanged_success_sets_it ... ok
2026-10-08T19:38:22.1805786Z test api::tests::health_and_catalogs_and_action_include_state ... ok
2026-10-08T19:38:23.1137893Z test api::tests::lab_library_fork_branch_compare_flow ... ok
2026-10-08T19:38:23.2741698Z test api::tests::policy_case_variants ... ok
2026-10-08T19:38:23.3262566Z test api::tests::policy_error_shape_contract ... ok
2026-10-08T19:38:23.3789425Z test api::tests::lab_library_import_failure_is_nondestructive ... ok
2026-10-08T19:38:23.4315504Z test api::tests::policy_external_without_policy_cmd_fails_loudly_not_silently ... ok
2026-10-08T19:38:23.5808934Z test api::tests::policy_unknown_on_auto_and_fast ... ok
2026-10-08T19:38:23.6334007Z test api::tests::run_endpoints_unaffected_by_policy_errors ... ok
2026-10-08T19:38:23.6336430Z test batch_analysis::tests::aggregates_known_values ... ok
2026-10-08T19:38:23.6338609Z test batch_analysis::tests::compare_deltas ... ok
2026-10-08T19:38:23.6339316Z test batch_analysis::tests::empty_input_is_error ... ok
2026-10-08T19:38:23.6340657Z test batch_analysis::tests::malformed_lines_skipped_not_fatal ... ok
2026-10-08T19:38:23.6343269Z test batch_analysis::tests::text_render_contains_key_sections ... ok
2026-10-08T19:38:23.6344383Z test batch_analysis::tests::top_n_truncates ... ok
2026-10-08T19:38:23.6345631Z test career_lab::unit_tests::action_choice_id_round_trips ... ok
2026-10-08T19:38:23.6346495Z test career_lab::unit_tests::fingerprint_check_flags_schema_but_not_version ... ok
2026-10-08T19:38:23.6347165Z test career_lab::unit_tests::name_validation ... ok
2026-10-08T19:38:23.6352068Z test career_lab::unit_tests::refused_snapshot_restoration_retains_recoverable_bytes ... ok
2026-10-08T19:38:23.6353078Z test career_lab::unit_tests::rfc3339_formats_epoch ... ok
2026-10-08T19:38:23.6353966Z test legacy::unit::aptitude_rise_caps_at_a ... ok
2026-10-08T19:38:23.6354477Z test legacy::unit::blue_star_tables ... ok
2026-10-08T19:38:23.6355567Z test legacy::unit::pink_rank_table_matches_planner ... ok
2026-10-08T19:38:23.6356439Z test mid_run_inheritance::tests::april_dates_match_classic_and_senior ... ok
2026-10-08T19:38:23.6357311Z test mid_run_inheritance::tests::blue_ranges_match_crazyfellow_table ... ok
2026-10-08T19:38:23.6358018Z test mid_run_inheritance::tests::compatibility_grade_bands ... ok
2026-10-08T19:38:23.6358845Z test mid_run_inheritance::tests::odds_scale_with_compatibility ... ok
2026-10-08T19:38:23.6863777Z test api::tests::session_usable_after_policy_503 ... ok
2026-10-08T19:38:23.7389725Z test api::tests::start_rejects_unknown_policy ... ok
2026-10-08T19:38:23.7516071Z test race::tests::course_id_lookup_from_canonical_race_json ... ok
2026-10-08T19:38:23.7516813Z test race::tests::default_race_model_is_physics_since_r88 ... ok
2026-10-08T19:38:23.7517420Z test race::tests::derive_race_seed_is_stable_and_nonzero ... ok
2026-10-08T19:38:23.7518281Z test race::tests::npc_count_uses_race_json_entries_when_present ... ok
2026-10-08T19:38:23.7947317Z test api::tests::start_rejects_unknown_scenario_and_race_model ... ok
2026-10-08T19:38:23.7949760Z test race::tests::placeholder_npcs_vary_aptitudes_moods_strategies_skills ... ok
2026-10-08T19:38:23.7950596Z test race::tests::placement_bands ... ok
2026-10-08T19:38:23.7951294Z test race::tests::preferred_running_style_overrides_best_aptitude ... ok
2026-10-08T19:38:23.7952678Z test race::tests::race_effective_stat_halves_above_soft_cap ... ok
2026-10-08T19:38:23.7953485Z test rng::tests::matches_kotlin_seed_42_fixture ... ok
2026-10-08T19:38:23.7954625Z test rng::tests::raw_ints_match_kotlin ... ok
2026-10-08T19:38:23.7955717Z test scoring::terminal_utility::tests::evaluate_produces_nonzero_u ... ok
2026-10-08T19:38:23.7956670Z test scoring::terminal_utility::tests::phi_matches_condor_allocations ... ok
2026-10-08T19:38:23.7957583Z test scoring::terminal_utility::tests::skill_shop_converts_sp ... ok
2026-10-08T19:38:23.8013110Z test policy_external::tests::dead_policy_child_is_reaped_and_respawned ... ok
2026-10-08T19:38:23.8175615Z test race::tests::physics_debut_with_weak_stats_does_not_always_place_first ... ok
2026-10-08T19:38:24.6073039Z test policy_external::tests::wedged_policy_server_times_out_loudly_and_respawns ... ok
2026-10-08T19:38:24.6073588Z 
2026-10-08T19:38:24.6073945Z test result: ok. 46 passed; 0 failed; 0 ignored; 0 measured; 0 filtered out; finished in 2.96s
2026-10-08T19:38:24.6074802Z 
2026-10-08T19:38:24.6120472Z [1m[92m     Running[0m unittests src/bin/uma-sim.rs (target/debug/deps/uma_sim-c6ee01c3064dc43f)
2026-10-08T19:38:24.6131328Z 
2026-10-08T19:38:24.6131512Z running 0 tests
2026-10-08T19:38:24.6131772Z 
2026-10-08T19:38:24.6133303Z test result: ok. 0 passed; 0 failed; 0 ignored; 0 measured; 0 filtered out; finished in 0.00s
2026-10-08T19:38:24.6134177Z [1m[92m     Running[0m unittests src/bin/uma-sim-api.rs (target/debug/deps/uma_sim_api-af58dc6de920f48f)
2026-10-08T19:38:24.6134633Z 
2026-10-08T19:38:24.6143121Z 
2026-10-08T19:38:24.6143249Z running 0 tests
2026-10-08T19:38:24.6144927Z 
2026-10-08T19:38:24.6145304Z test result: ok. 0 passed; 0 failed; 0 ignored; 0 measured; 0 filtered out; finished in 0.00s
2026-10-08T19:38:24.6145779Z 
2026-10-08T19:38:24.6146365Z [1m[92m     Running[0m tests/api_body_admission.rs (target/debug/deps/api_body_admission-8e32d5dda1eafa35)
2026-10-08T19:38:24.6154715Z 
2026-10-08T19:38:24.6154958Z running 5 tests
2026-10-08T19:38:25.2055677Z test invalid_utf8_is_rejected_before_start_and_auto ... ok
2026-10-08T19:38:25.2136148Z test nonobject_json_is_not_an_empty_command ... ok
2026-10-08T19:38:25.2687598Z test malformed_json_is_rejected_before_every_post_handler ... ok
2026-10-08T19:38:25.3003516Z test empty_bodies_and_valid_objects_keep_existing_defaults ... ok
2026-10-08T19:38:25.5585728Z test unsupported_routes_and_preflight_keep_their_status ... ok
2026-10-08T19:38:25.5586188Z 
2026-10-08T19:38:25.5586465Z test result: ok. 5 passed; 0 failed; 0 ignored; 0 measured; 0 filtered out; finished in 0.94s
2026-10-08T19:38:25.5586802Z 
2026-10-08T19:38:25.5588980Z [1m[92m     Running[0m tests/batch_output_failures.rs (target/debug/deps/batch_output_failures-0383987cbbdb2899)
2026-10-08T19:38:25.5600291Z 
2026-10-08T19:38:25.5600426Z running 3 tests
2026-10-08T19:38:25.5627774Z test batch_output_open_failure_is_nonzero_and_preserves_existing_directory ... ok
2026-10-08T19:38:26.5225668Z test batch_success_writes_every_requested_career_and_returns_zero ... ok
2026-10-08T19:38:27.2628832Z test batch_midstream_write_failure_is_nonzero_and_retains_the_written_prefix ... ok
2026-10-08T19:38:27.2629367Z 
2026-10-08T19:38:27.2629731Z test result: ok. 3 passed; 0 failed; 0 ignored; 0 measured; 0 filtered out; finished in 1.70s
2026-10-08T19:38:27.2630256Z 
2026-10-08T19:38:27.2631045Z [1m[92m     Running[0m tests/bond_gain_config.rs (target/debug/deps/bond_gain_config-be83ec7bdac84427)
2026-10-08T19:38:27.2642440Z 
2026-10-08T19:38:27.2642620Z running 2 tests
2026-10-08T19:38:27.2645021Z test training_increases_bond_on_facility_cards ... ok
2026-10-08T19:38:27.2645538Z test rainbow_count_requires_bond_on_specialty ... ok
2026-10-08T19:38:27.2645854Z 
2026-10-08T19:38:27.2646165Z test result: ok. 2 passed; 0 failed; 0 ignored; 0 measured; 0 filtered out; finished in 0.00s
2026-10-08T19:38:27.2646479Z 
2026-10-08T19:38:27.2647457Z [1m[92m     Running[0m tests/bot_parity.rs (target/debug/deps/bot_parity-15fb69031a49da40)
2026-10-08T19:38:27.2661321Z 
2026-10-08T19:38:27.2661455Z running 6 tests
2026-10-08T19:38:27.2664010Z test event_low_energy_prefers_energy_option ... ok
2026-10-08T19:38:27.2672634Z test external_policy_all_scenarios ... ok
2026-10-08T19:38:27.2673061Z test external_policy_drives_career_self_consistent ... ok
2026-10-08T19:38:27.2673403Z test training_picks_speed_when_prioritized ... ok
2026-10-08T19:38:27.2673702Z test inheritance_event_at_turn_13 ... ok
2026-10-08T19:38:27.2827381Z test lesson_scoring_prefers_song_near_concert_when_hype_not_ready ... ok
2026-10-08T19:38:27.2827681Z 
2026-10-08T19:38:27.2827916Z test result: ok. 6 passed; 0 failed; 0 ignored; 0 measured; 0 filtered out; finished in 0.02s
2026-10-08T19:38:27.2828215Z 
2026-10-08T19:38:27.2832757Z [1m[92m     Running[0m tests/career_lab.rs (target/debug/deps/career_lab-8b99d504b4521411)
2026-10-08T19:38:27.2849266Z 
2026-10-08T19:38:27.2849420Z running 14 tests
2026-10-08T19:38:27.7440229Z test branch_store_round_trip ... ok
2026-10-08T19:38:27.9973851Z test branch_run_is_deterministic ... ok
2026-10-08T19:38:28.0275976Z test checkpoint_restore_reproduces_state_and_rng ... ok
2026-10-08T19:38:28.7149449Z test comparison_report_renders ... ok
2026-10-08T19:38:28.9712107Z test divergence_detected_on_first_decision_difference ... ok
2026-10-08T19:38:29.0401085Z test event_and_mandatory_race_checkpoints_all_scenarios ... ok
2026-10-08T19:38:29.1755627Z test identical_branches_have_no_divergence ... ok
2026-10-08T19:38:29.1756325Z test rng_state_words_restore_is_exact ... ok
2026-10-08T19:38:29.1860256Z test import_failure_preserves_last_good ... ok
2026-10-08T19:38:29.2126702Z test library_name_rules_and_overwrite_protection ... ok
2026-10-08T19:38:29.2129917Z test stale_tmp_files_are_swept ... ok
2026-10-08T19:38:29.2276267Z test library_round_trip ... ok
2026-10-08T19:38:29.4883222Z test sibling_branch_cannot_mutate_checkpoint_or_sibling ... ok
2026-10-08T19:38:29.4954399Z test snapshot_carries_rng_state_words ... ok
2026-10-08T19:38:29.4954719Z 
2026-10-08T19:38:29.4955118Z test result: ok. 14 passed; 0 failed; 0 ignored; 0 measured; 0 filtered out; finished in 2.21s
2026-10-08T19:38:29.4955528Z 
2026-10-08T19:38:29.4977023Z [1m[92m     Running[0m tests/career_lab_branch_publication.rs (target/debug/deps/career_lab_branch_publication-3720c9fed994df86)
2026-10-08T19:38:29.4988202Z 
2026-10-08T19:38:29.4988358Z running 6 tests
2026-10-08T19:38:29.5261250Z test dangling_destination_is_an_existing_identity_and_is_preserved ... ok
2026-10-08T19:38:29.5272185Z test changed_payload_cannot_replace_an_acknowledged_identity ... ok
2026-10-08T19:38:29.5272919Z test subprocess_branch_store_worker ... ignored, invoked only by the bounded independent-process receiver
2026-10-08T19:38:29.5286942Z test identical_payload_repeated_save_is_still_a_creation_conflict ... ok
2026-10-08T19:38:29.6741551Z test distinct_results_reopen_without_changing_checkpoint_session_or_sibling ... ok
2026-10-08T19:38:29.6754342Z test competing_processes_acknowledge_exactly_one_complete_result ... ok
2026-10-08T19:38:29.6754854Z 
2026-10-08T19:38:29.6755193Z test result: ok. 5 passed; 0 failed; 1 ignored; 0 measured; 0 filtered out; finished in 0.18s
2026-10-08T19:38:29.6755692Z 
2026-10-08T19:38:29.6757957Z [1m[92m     Running[0m tests/career_lab_divergence.rs (target/debug/deps/career_lab_divergence-ceda4417a2f326da)
2026-10-08T19:38:29.6767466Z 
2026-10-08T19:38:29.6799779Z running 6 tests
2026-10-08T19:38:29.6800328Z test an_empty_branch_ended_after_zero_recorded_steps_in_either_position ... ok
2026-10-08T19:38:29.6802900Z test earlier_decision_or_outcome_remains_first_when_a_branch_later_ends ... ok
2026-10-08T19:38:29.6803623Z test a_ended_note_counts_a_recorded_steps_when_b_continues ... ok
2026-10-08T19:38:29.6808663Z test ending_uses_the_recorded_timeline_even_if_summary_counts_are_stale ... ok
2026-10-08T19:38:29.6809394Z test b_ended_note_counts_b_recorded_steps_when_a_continues ... ok
2026-10-08T19:38:29.6825168Z test equal_length_timelines_keep_existing_divergence_behavior ... ok
2026-10-08T19:38:29.6826032Z 
2026-10-08T19:38:29.6826288Z test result: ok. 6 passed; 0 failed; 0 ignored; 0 measured; 0 filtered out; finished in 0.00s
2026-10-08T19:38:29.6826599Z 
2026-10-08T19:38:29.6827140Z [1m[92m     Running[0m tests/career_lab_reports.rs (target/debug/deps/career_lab_reports-0774675e3ea13d9b)
2026-10-08T19:38:29.6830805Z 
2026-10-08T19:38:29.6830937Z running 9 tests
2026-10-08T19:38:29.6844777Z test changed_numeric_input_and_absent_divergence_are_rendered_from_the_comparison ... ok
2026-10-08T19:38:29.6939585Z test branch_names_remain_literal_and_cannot_split_outcome_columns ... ok
2026-10-08T19:38:29.7119934Z test every_displayed_field_preserves_punctuation_and_entity_text ... ok
2026-10-08T19:38:29.7132881Z test ordinary_reports_keep_numeric_columns_and_timeline_meaning ... ok
2026-10-08T19:38:29.7162972Z test rendering_does_not_rewrite_source_data_or_json_report ... ok
2026-10-08T19:38:29.7163860Z test every_displayed_field_keeps_line_breaks_out_of_report_structure ... ok
2026-10-08T19:38:29.7165361Z test the_report_uses_display_labels_without_substituting_hidden_identifiers ... ok
2026-10-08T19:38:29.7177993Z test every_displayed_field_prevents_raw_html_elements ... ok
2026-10-08T19:38:29.7297572Z test inline_code_fields_keep_backtick_runs_entities_and_significant_padding ... ok
2026-10-08T19:38:29.7297985Z 
2026-10-08T19:38:29.7298289Z test result: ok. 9 passed; 0 failed; 0 ignored; 0 measured; 0 filtered out; finished in 0.05s
2026-10-08T19:38:29.7298691Z 
2026-10-08T19:38:29.7301778Z [1m[92m     Running[0m tests/career_library_replacement.rs (target/debug/deps/career_library_replacement-de3a34823e95a6d1)
2026-10-08T19:38:29.7318410Z 
2026-10-08T19:38:29.7318590Z running 6 tests
2026-10-08T19:38:30.0578092Z test a_failed_new_save_does_not_create_a_visible_partial_checkpoint ... ok
2026-10-08T19:38:30.1079666Z test failed_import_overwrite_preserves_an_existing_checkpoint ... ok
2026-10-08T19:38:30.1138962Z test failed_overwrite_restores_the_complete_previous_checkpoint ... ok
2026-10-08T19:38:30.1147990Z test no_overwrite_preserves_orphan_snapshot_bytes ... ok
2026-10-08T19:38:30.1185125Z test snapshot_staging_failure_preserves_the_old_pair_and_cleans_its_backup ... ok
2026-10-08T19:38:30.1224565Z test successful_overwrite_replaces_state_and_metadata_without_recovery_files ... ok
2026-10-08T19:38:30.1225067Z 
2026-10-08T19:38:30.1225398Z test result: ok. 6 passed; 0 failed; 0 ignored; 0 measured; 0 filtered out; finished in 0.39s
2026-10-08T19:38:30.1225841Z 
2026-10-08T19:38:30.1245768Z [1m[92m     Running[0m tests/cli_policy.rs (target/debug/deps/cli_policy-79d863b08e07da3a)
2026-10-08T19:38:30.1256951Z 
2026-10-08T19:38:30.1257113Z running 2 tests
2026-10-08T19:38:30.4436126Z test cli_policy_external_missing_cmd_names_env ... ok
2026-10-08T19:38:30.6953803Z test cli_policy_unknown_runs_default ... ok
2026-10-08T19:38:30.6954202Z 
2026-10-08T19:38:30.6954449Z test result: ok. 2 passed; 0 failed; 0 ignored; 0 measured; 0 filtered out; finished in 0.57s
2026-10-08T19:38:30.6954805Z 
2026-10-08T19:38:30.6956026Z [1m[92m     Running[0m tests/cli_seed_admission.rs (target/debug/deps/cli_seed_admission-3f425ddb33201893)
2026-10-08T19:38:30.6967727Z 
2026-10-08T19:38:30.6967864Z running 15 tests
2026-10-08T19:38:31.2014557Z test last_valid_duplicate_seed_still_wins ... ok
2026-10-08T19:38:31.2043195Z test empty_seed_preserves_existing_career ... ok
2026-10-08T19:38:31.2163130Z test fractional_seed_preserves_existing_career ... ok
2026-10-08T19:38:31.7173282Z test malformed_batch_preserves_output_before_zero_career_run ... ok
2026-10-08T19:38:31.7189411Z test malformed_seed_does_not_create_a_first_career ... ok
2026-10-08T19:38:31.7202602Z test malformed_seed_after_valid_duplicate_is_refused ... ok
2026-10-08T19:38:31.7363997Z test explicit_seed_list_still_overrides_valid_seed_and_count ... ok
2026-10-08T19:38:31.7543184Z test malformed_seed_before_valid_duplicate_is_refused ... ok
2026-10-08T19:38:32.2495075Z test malformed_start_preserves_existing_career ... ok
2026-10-08T19:38:32.2663793Z test omitted_seed_still_starts_seed_42 ... ok
2026-10-08T19:38:32.2679301Z test malformed_seed_is_refused_even_when_explicit_list_would_override_it ... ok
2026-10-08T19:38:32.2762268Z test seed_above_i64_max_preserves_existing_career ... ok
2026-10-08T19:38:32.2768842Z test signed_i64_boundaries_are_admitted_without_running_a_career ... ok
2026-10-08T19:38:32.6002372Z test seed_below_i64_min_preserves_existing_career ... ok
2026-10-08T19:38:33.2726655Z test valid_signed_seeds_are_saved_exactly ... ok
2026-10-08T19:38:33.2727020Z 
2026-10-08T19:38:33.2727296Z test result: ok. 15 passed; 0 failed; 0 ignored; 0 measured; 0 filtered out; finished in 2.58s
2026-10-08T19:38:33.2727620Z 
2026-10-08T19:38:33.2730236Z [1m[92m     Running[0m tests/content_pack_loader.rs (target/debug/deps/content_pack_loader-cf08ec1d928e49d3)
2026-10-08T19:38:33.2741546Z 
2026-10-08T19:38:33.2741704Z running 1 test
2026-10-08T19:38:33.2745039Z test example_pack_has_events ... ok
2026-10-08T19:38:33.2745309Z 
2026-10-08T19:38:33.2746014Z test result: ok. 1 passed; 0 failed; 0 ignored; 0 measured; 0 filtered out; finished in 0.00s
2026-10-08T19:38:33.2746506Z 
2026-10-08T19:38:33.2747138Z [1m[92m     Running[0m tests/deck_placement.rs (target/debug/deps/deck_placement-412e471d0122826c)
2026-10-08T19:38:33.2758426Z 
2026-10-08T19:38:33.2758590Z running 7 tests
2026-10-08T19:38:33.2762207Z test assigns_cards_to_specialty_facilities ... ok
2026-10-08T19:38:33.2762906Z test deck_spec_parses_manual_placement ... ok
2026-10-08T19:38:33.2763762Z test grand_live_scenario_links_only_on_trained_facility ... ok
2026-10-08T19:38:33.2764622Z test manual_placement_stacks_cards_on_facility ... ok
2026-10-08T19:38:33.2766126Z test deck_increases_training_gain_vs_empty_deck ... ok
2026-10-08T19:38:33.2766434Z test runtime_reassign_moves_card ... ok
2026-10-08T19:38:33.2766836Z test training_gain_uses_only_cards_on_facility ... ok
2026-10-08T19:38:33.2767086Z 
2026-10-08T19:38:33.2767410Z test result: ok. 7 passed; 0 failed; 0 ignored; 0 measured; 0 filtered out; finished in 0.00s
2026-10-08T19:38:33.2767791Z 
2026-10-08T19:38:33.2769619Z [1m[92m     Running[0m tests/deck_support_bridge.rs (target/debug/deps/deck_support_bridge-eedd0eb3ae8938f4)
2026-10-08T19:38:33.2778829Z 
2026-10-08T19:38:33.2779076Z running 1 test
2026-10-08T19:38:33.2783442Z test deck_increases_training_gain_vs_empty_deck ... ok
2026-10-08T19:38:33.2783811Z 
2026-10-08T19:38:33.2784179Z test result: ok. 1 passed; 0 failed; 0 ignored; 0 measured; 0 filtered out; finished in 0.00s
2026-10-08T19:38:33.2784678Z 
2026-10-08T19:38:33.2785593Z [1m[92m     Running[0m tests/event_effect_applier.rs (target/debug/deps/event_effect_applier-516f1334a2eb08cb)
2026-10-08T19:38:33.2797165Z 
2026-10-08T19:38:33.2797345Z running 2 tests
2026-10-08T19:38:33.2956787Z test applies_stat_and_energy ... ok
2026-10-08T19:38:33.2971617Z test applies_skill_points_and_hints ... ok
2026-10-08T19:38:33.2972040Z 
2026-10-08T19:38:33.2972351Z test result: ok. 2 passed; 0 failed; 0 ignored; 0 measured; 0 filtered out; finished in 0.02s
2026-10-08T19:38:33.2972682Z 
2026-10-08T19:38:33.2977868Z [1m[92m     Running[0m tests/event_pool_gating.rs (target/debug/deps/event_pool_gating-78b517e910c38910)
2026-10-08T19:38:33.2989635Z 
2026-10-08T19:38:33.2989767Z running 4 tests
2026-10-08T19:38:33.2993558Z test scenario_events_match_active_scenario_only ... ok
2026-10-08T19:38:33.2994083Z test scenario_owner_maps_engine_ids ... ok
2026-10-08T19:38:33.2994537Z test support_events_require_deck_membership ... ok
2026-10-08T19:38:33.4213967Z test file_catalog_ura_pool_excludes_other_scenarios_and_undecked_supports ... ok
2026-10-08T19:38:33.4214535Z 
2026-10-08T19:38:33.4214864Z test result: ok. 4 passed; 0 failed; 0 ignored; 0 measured; 0 filtered out; finished in 0.12s
2026-10-08T19:38:33.4215293Z 
2026-10-08T19:38:33.4216984Z [1m[92m     Running[0m tests/event_probability_config.rs (target/debug/deps/event_probability_config-7b11d3a367a0b4e3)
2026-10-08T19:38:33.4229012Z 
2026-10-08T19:38:33.4229183Z running 3 tests
2026-10-08T19:38:33.4232798Z test deck_raises_event_chance ... ok
2026-10-08T19:38:33.4234155Z test energy_variance_picks_from_outcomes ... ok
2026-10-08T19:38:33.4234617Z test matches_energy_variance_pattern ... ok
2026-10-08T19:38:33.4234904Z 
2026-10-08T19:38:33.4235249Z test result: ok. 3 passed; 0 failed; 0 ignored; 0 measured; 0 filtered out; finished in 0.00s
2026-10-08T19:38:33.4235719Z 
2026-10-08T19:38:33.4236365Z [1m[92m     Running[0m tests/facility_level_config.rs (target/debug/deps/facility_level_config-2f9958e3e56de64e)
2026-10-08T19:38:33.4244149Z 
2026-10-08T19:38:33.4244276Z running 3 tests
2026-10-08T19:38:33.4247263Z test level_rises_every_four_trains ... ok
2026-10-08T19:38:33.4247903Z test ura_uses_train_count_leveling_unity_does_not ... ok
2026-10-08T19:38:33.4248586Z test successful_train_increments_level_after_fourth_use ... ok
2026-10-08T19:38:33.4249016Z 
2026-10-08T19:38:33.4249507Z test result: ok. 3 passed; 0 failed; 0 ignored; 0 measured; 0 filtered out; finished in 0.00s
2026-10-08T19:38:33.4250753Z [1m[92m     Running[0m tests/golden_seed.rs (target/debug/deps/golden_seed-26d67a9a015bebb8)
2026-10-08T19:38:33.4251234Z 
2026-10-08T19:38:33.4262687Z 
2026-10-08T19:38:33.4262817Z running 3 tests
2026-10-08T19:38:33.8010735Z test golden_seed_42_ura ... ok
2026-10-08T19:38:47.2483292Z test fixture_file_matches_engine ... ok
2026-10-08T19:39:00.4484682Z test all_fifty_seeds_reproducible ... ok
2026-10-08T19:39:00.4485042Z 
2026-10-08T19:39:00.4485403Z test result: ok. 3 passed; 0 failed; 0 ignored; 0 measured; 0 filtered out; finished in 27.02s
2026-10-08T19:39:00.4485873Z 
2026-10-08T19:39:00.4493877Z [1m[92m     Running[0m tests/golden_seeds.rs (target/debug/deps/golden_seeds-44659c3cedf7ebd3)
2026-10-08T19:39:00.4508746Z 
2026-10-08T19:39:00.4508895Z running 3 tests
2026-10-08T19:39:00.6282253Z test kotlin_golden_fixture_seed_42_ura ... ok
2026-10-08T19:39:00.7558266Z test seed_42_ura_reproducible ... ok
2026-10-08T19:39:13.9212640Z test all_kotlin_golden_summaries ... ok
2026-10-08T19:39:13.9213093Z 
2026-10-08T19:39:13.9213388Z test result: ok. 3 passed; 0 failed; 0 ignored; 0 measured; 0 filtered out; finished in 13.47s
2026-10-08T19:39:13.9213817Z 
2026-10-08T19:39:13.9223441Z [1m[92m     Running[0m tests/grand_live_bot_replay.rs (target/debug/deps/grand_live_bot_replay-962da15d3a66b9f5)
2026-10-08T19:39:13.9236891Z 
2026-10-08T19:39:13.9237024Z running 2 tests
2026-10-08T19:39:13.9241236Z test gl_token_totals_wired_into_decision_context ... ok
2026-10-08T19:39:13.9408553Z test gl_replay_fixtures_match_at_least_95_percent ... ok
2026-10-08T19:39:13.9408891Z 
2026-10-08T19:39:13.9409215Z test result: ok. 2 passed; 0 failed; 0 ignored; 0 measured; 0 filtered out; finished in 0.02s
2026-10-08T19:39:13.9409684Z 
2026-10-08T19:39:13.9414178Z [1m[92m     Running[0m tests/grand_live_calibration_loader.rs (target/debug/deps/grand_live_calibration_loader-be59d50ae4794352)
2026-10-08T19:39:13.9425003Z 
2026-10-08T19:39:13.9425164Z running 4 tests
2026-10-08T19:39:13.9431022Z test deck_size_specific_row_preferred ... ok
2026-10-08T19:39:13.9433394Z test calibration_row_totals_documented ... ok
2026-10-08T19:39:13.9436421Z test load_from_path ... ok
2026-10-08T19:39:13.9438729Z test loads_calibration_from_repo ... ok
2026-10-08T19:39:13.9439017Z 
2026-10-08T19:39:13.9439367Z test result: ok. 4 passed; 0 failed; 0 ignored; 0 measured; 0 filtered out; finished in 0.00s
2026-10-08T19:39:13.9439878Z 
2026-10-08T19:39:13.9442192Z [1m[92m     Running[0m tests/grand_live_catalog_loader.rs (target/debug/deps/grand_live_catalog_loader-ebba63bcb4ab2857)
2026-10-08T19:39:13.9452127Z 
2026-10-08T19:39:13.9452308Z running 1 test
2026-10-08T19:39:13.9523963Z test loads_songs_from_knowledge_base ... ok
2026-10-08T19:39:13.9524323Z 
2026-10-08T19:39:13.9524711Z test result: ok. 1 passed; 0 failed; 0 ignored; 0 measured; 0 filtered out; finished in 0.01s
2026-10-08T19:39:13.9525214Z 
2026-10-08T19:39:13.9528276Z [1m[92m     Running[0m tests/grand_live_formula_calibration.rs (target/debug/deps/grand_live_formula_calibration-34df03460eb2cb23)
2026-10-08T19:39:13.9538337Z 
2026-10-08T19:39:13.9538484Z running 4 tests
2026-10-08T19:39:13.9541532Z test calibration_rows_match_uma_guide_formula_total ... ok
2026-10-08T19:39:13.9542200Z test inheritance_choice_applies_skills ... ok
2026-10-08T19:39:13.9542688Z test skill_factors_become_inherited_skills ... ok
2026-10-08T19:39:13.9543176Z test split_sums_to_formula_total ... ok
2026-10-08T19:39:13.9543457Z 
2026-10-08T19:39:13.9543797Z test result: ok. 4 passed; 0 failed; 0 ignored; 0 measured; 0 filtered out; finished in 0.00s
2026-10-08T19:39:13.9544285Z 
2026-10-08T19:39:13.9545891Z [1m[92m     Running[0m tests/grand_live_l1_training.rs (target/debug/deps/grand_live_l1_training-df60fd29519aee79)
2026-10-08T19:39:13.9555928Z 
2026-10-08T19:39:13.9556066Z running 3 tests
2026-10-08T19:39:13.9560167Z test grand_concert_l1_speed_matches_gametora_base ... ok
2026-10-08T19:39:13.9560593Z test grand_concert_l1_wit_recovers_energy ... ok
2026-10-08T19:39:13.9561225Z test ura_l1_unchanged_by_gl_override ... ok
2026-10-08T19:39:13.9561417Z 
2026-10-08T19:39:13.9561764Z test result: ok. 3 passed; 0 failed; 0 ignored; 0 measured; 0 filtered out; finished in 0.00s
2026-10-08T19:39:13.9562350Z 
2026-10-08T19:39:13.9563065Z [1m[92m     Running[0m tests/grand_live_r7.rs (target/debug/deps/grand_live_r7-90b86100e9166009)
2026-10-08T19:39:13.9575461Z 
2026-10-08T19:39:13.9575621Z running 18 tests
2026-10-08T19:39:13.9580726Z test blocked_performance_types_zero_token_gains ... ok
2026-10-08T19:39:13.9582416Z test concert_outcome_great_success_normal_and_failure ... ok
2026-10-08T19:39:13.9582955Z test concert_failure_on_race_loss ... ok
2026-10-08T19:39:13.9583441Z test concert_outcome_respects_race_result_flag ... ok
2026-10-08T19:39:13.9612867Z test closer_together_fires_at_senior_nov_with_16_songs ... ok
2026-10-08T19:39:13.9632936Z test fan_scaled_unique_skill_power_multiply_fan_count ... ok
2026-10-08T19:39:13.9642748Z test consolation_unique_path_sets_power ... ok
2026-10-08T19:39:13.9643550Z test lesson_board_includes_unaffordable_and_song_when_unlocked ... ok
2026-10-08T19:39:13.9644374Z test live_type_and_result_state_packet_mapping ... ok
2026-10-08T19:39:13.9645106Z test member_ready_count_tracks_deck_size ... ok
2026-10-08T19:39:13.9645884Z test lesson_board_three_slots_documents_next_square_approximation ... ok
2026-10-08T19:39:13.9646704Z test normal_concert_path_without_great_success ... ok
2026-10-08T19:39:13.9647389Z test reserve_square_id_prefers_board_slot ... ok
2026-10-08T19:39:13.9648126Z test dating_light_hello_event_can_fire_and_unlocks_pal_date ... ok
2026-10-08T19:39:13.9649004Z test specialty_bonus_biases_roll_toward_specialty_facility ... ok
2026-10-08T19:39:13.9692820Z test song_mastery_train_bonuses_apply_on_purchase ... ok
2026-10-08T19:39:13.9697902Z test technique_tiers_gate_advanced_lessons_until_later_concerts ... ok
2026-10-08T19:39:13.9713841Z test technique_pivot_skips_forced_song_slot_at_21_songs ... ok
2026-10-08T19:39:13.9714200Z 
2026-10-08T19:39:13.9714470Z test result: ok. 18 passed; 0 failed; 0 ignored; 0 measured; 0 filtered out; finished in 0.01s
2026-10-08T19:39:13.9714771Z 
2026-10-08T19:39:13.9719508Z [1m[92m     Running[0m tests/grand_live_simulation.rs (target/debug/deps/grand_live_simulation-9b0da865c810dcd1)
2026-10-08T19:39:13.9735291Z 
2026-10-08T19:39:13.9735454Z running 24 tests
2026-10-08T19:39:13.9739076Z test all_six_concert_turns_mapped ... ok
2026-10-08T19:39:13.9741138Z test days_to_concert_matches_scoring_shared ... ok
2026-10-08T19:39:13.9741648Z test cycle_max_blocks_song_when_full ... ok
2026-10-08T19:39:13.9742373Z test career_starts_without_make_debut_until_grant_turn ... ok
2026-10-08T19:39:13.9743016Z test debut_grants_no_tokens_make_debut_song_already_granted ... ok
2026-10-08T19:39:13.9753271Z test friendship_bonus_increases_training_multiplier ... ok
2026-10-08T19:39:13.9753822Z test debut_race_preserves_make_debut_cycle_hype ... ok
2026-10-08T19:39:13.9754835Z test friendship_training_biases_secondary_to_least_owned ... ok
2026-10-08T19:39:13.9760556Z test great_success_grand_concert_with_18_songs ... ok
2026-10-08T19:39:13.9763615Z test is_hype_maxed_when_cycle_meets_required ... ok
2026-10-08T19:39:13.9765954Z test lesson_board_has_at_most_three_slots ... ok
2026-10-08T19:39:13.9766482Z test light_hello_grants_least_owned_on_proc ... ok
2026-10-08T19:39:13.9767070Z test part_four_songs_unlock_in_senior_dec_late ... ok
2026-10-08T19:39:13.9769386Z test performance_tokens_cap_at_200 ... ok
2026-10-08T19:39:13.9769915Z test make_debut_song_grants_all_performance_tokens ... ok
2026-10-08T19:39:13.9770539Z test promo_concert_grants_stats_sp_and_raises_perf_cap ... ok
2026-10-08T19:39:13.9771117Z test soft_cap_halves_gains_above_1200 ... ok
2026-10-08T19:39:13.9771713Z test promo_concert_mandatory_at_turn_24 ... ok
2026-10-08T19:39:13.9772463Z test scenario_links_increase_formula_total ... ok
2026-10-08T19:39:13.9773042Z test song_purchase_increments_cycle_hype ... ok
2026-10-08T19:39:13.9773622Z test technique_gate_blocks_song_purchase ... ok
2026-10-08T19:39:13.9774604Z test training_applies_603010_token_split ... ok
2026-10-08T19:39:13.9775083Z test uma_guide_performance_formula ... ok
2026-10-08T19:39:14.4980766Z test full_career_completes_with_engine ... ok
2026-10-08T19:39:14.4981135Z 
2026-10-08T19:39:14.4981482Z test result: ok. 24 passed; 0 failed; 0 ignored; 0 measured; 0 filtered out; finished in 0.52s
2026-10-08T19:39:14.4982148Z 
2026-10-08T19:39:14.4988907Z [1m[92m     Running[0m tests/grand_live_token_labels.rs (target/debug/deps/grand_live_token_labels-733e1af4fa910d75)
2026-10-08T19:39:14.5000130Z 
2026-10-08T19:39:14.5000262Z running 1 test
2026-10-08T19:39:14.5003216Z test facility_split_labels_match_gametora_condor ... ok
2026-10-08T19:39:14.5003572Z 
2026-10-08T19:39:14.5003961Z test result: ok. 1 passed; 0 failed; 0 ignored; 0 measured; 0 filtered out; finished in 0.00s
2026-10-08T19:39:14.5004414Z 
2026-10-08T19:39:14.5005623Z [1m[92m     Running[0m tests/hint_progression_config.rs (target/debug/deps/hint_progression_config-9f4ce874ea34ade3)
2026-10-08T19:39:14.5015872Z 
2026-10-08T19:39:14.5016097Z running 4 tests
2026-10-08T19:39:14.5018770Z test caps_at_max_level ... ok
2026-10-08T19:39:14.5019090Z test event_options_include_bonus ... ok
2026-10-08T19:39:14.5019507Z test increments_below_max ... ok
2026-10-08T19:39:14.5019988Z test roll_bonus_within_range ... ok
2026-10-08T19:39:14.5020294Z 
2026-10-08T19:39:14.5020665Z test result: ok. 4 passed; 0 failed; 0 ignored; 0 measured; 0 filtered out; finished in 0.00s
2026-10-08T19:39:14.5021033Z 
2026-10-08T19:39:14.5021460Z [1m[92m     Running[0m tests/knowledge_validate.rs (target/debug/deps/knowledge_validate-77befdfb09cb30c1)
2026-10-08T19:39:14.5031102Z 
2026-10-08T19:39:14.5031269Z running 1 test
2026-10-08T19:39:14.6424746Z test canonical_knowledge_base_passes_validate_script ... ok
2026-10-08T19:39:14.6425106Z 
2026-10-08T19:39:14.6425340Z test result: ok. 1 passed; 0 failed; 0 ignored; 0 measured; 0 filtered out; finished in 0.14s
2026-10-08T19:39:14.6425711Z 
2026-10-08T19:39:14.6427107Z [1m[92m     Running[0m tests/legacy_applicator.rs (target/debug/deps/legacy_applicator-8e05a08efdecbfac)
2026-10-08T19:39:14.6442108Z 
2026-10-08T19:39:14.6442268Z running 10 tests
2026-10-08T19:39:14.6446093Z test blue_starting_bonuses_match_gametora_table ... ok
2026-10-08T19:39:14.6449121Z test effective_cap_raises_above_base ... ok
2026-10-08T19:39:14.6449661Z test inheritance_choice_applies_skills ... ok
2026-10-08T19:39:14.6450081Z test inheritance_choice_1_boosts_spark_stats ... ok
2026-10-08T19:39:14.6451163Z test pink_and_race_factors_tracked ... ok
2026-10-08T19:39:14.6451587Z test pink_preview_caps_at_a ... ok
2026-10-08T19:39:14.6462585Z test skill_factors_become_inherited_skills ... ok
2026-10-08T19:39:14.6462917Z test legacy_tree_preferred_over_flat_factors ... ok
2026-10-08T19:39:14.9026931Z test spark_run_differs_from_ace_run ... ok
2026-10-08T19:39:14.9027385Z test spark_caps_stack_per_star ... ok
2026-10-08T19:39:14.9027687Z 
2026-10-08T19:39:14.9028331Z test result: ok. 10 passed; 0 failed; 0 ignored; 0 measured; 0 filtered out; finished in 0.26s
2026-10-08T19:39:14.9028762Z 
2026-10-08T19:39:14.9034986Z [1m[92m     Running[0m tests/live_bot_telemetry.rs (target/debug/deps/live_bot_telemetry-496f02d78ff21496)
2026-10-08T19:39:14.9049121Z 
2026-10-08T19:39:14.9049272Z running 1 test
2026-10-08T19:39:14.9214028Z test live_bot_sample_match_rate ... ok
2026-10-08T19:39:14.9214224Z 
2026-10-08T19:39:14.9214441Z test result: ok. 1 passed; 0 failed; 0 ignored; 0 measured; 0 filtered out; finished in 0.02s
2026-10-08T19:39:14.9214734Z 
2026-10-08T19:39:14.9218211Z [1m[92m     Running[0m tests/live_telemetry_replay.rs (target/debug/deps/live_telemetry_replay-b24ad8477a0e6199)
2026-10-08T19:39:14.9230850Z 
2026-10-08T19:39:14.9230969Z running 1 test
2026-10-08T19:39:14.9398230Z test jsonl_replay_match_rate_at_least_90_percent ... ok
2026-10-08T19:39:14.9398604Z 
2026-10-08T19:39:14.9398866Z test result: ok. 1 passed; 0 failed; 0 ignored; 0 measured; 0 filtered out; finished in 0.02s
2026-10-08T19:39:14.9399580Z 
2026-10-08T19:39:14.9402047Z [1m[92m     Running[0m tests/mid_run_inspiration.rs (target/debug/deps/mid_run_inspiration-edb7e7f8c6217b83)
2026-10-08T19:39:14.9415188Z 
2026-10-08T19:39:14.9415314Z running 2 tests
2026-10-08T19:39:14.9420049Z test career_start_calendar_is_not_april_inspiration ... ok
2026-10-08T19:39:14.9420646Z test mid_run_inspiration_applies_blue_when_compat_guarantees_proc ... ok
2026-10-08T19:39:14.9421011Z 
2026-10-08T19:39:14.9421236Z test result: ok. 2 passed; 0 failed; 0 ignored; 0 measured; 0 filtered out; finished in 0.00s
2026-10-08T19:39:14.9421524Z 
2026-10-08T19:39:14.9422760Z [1m[92m     Running[0m tests/paired_batches.rs (target/debug/deps/paired_batches-0b2647a46b0df1b2)
2026-10-08T19:39:14.9431537Z 
2026-10-08T19:39:14.9431667Z running 7 tests
2026-10-08T19:39:14.9438391Z test incomplete_or_duplicate_cohorts_refuse_in_both_directions ... ok
2026-10-08T19:39:14.9452895Z test every_required_field_is_strict_and_late_bad_records_are_not_skipped ... ok
2026-10-08T19:39:14.9453573Z test odd_median_and_full_signed_integer_endpoints_are_exact ... ok
2026-10-08T19:39:14.9454198Z test matches_complete_identities_instead_of_positions_or_seed_alone ... ok
2026-10-08T19:39:14.9456189Z test string_limits_count_utf8_bytes_and_retain_literal_whitespace ... ok
2026-10-08T19:39:14.9459187Z test text_ranks_ten_largest_absolute_deltas_and_json_keeps_all_pairs ... ok
2026-10-08T19:39:15.8768414Z test reader_bounds_utf8_and_io_errors_are_reported ... ok
2026-10-08T19:39:15.8768882Z 
2026-10-08T19:39:15.8769130Z test result: ok. 7 passed; 0 failed; 0 ignored; 0 measured; 0 filtered out; finished in 0.93s
2026-10-08T19:39:15.8769442Z 
2026-10-08T19:39:15.8771477Z [1m[92m     Running[0m tests/paired_batches_cli.rs (target/debug/deps/paired_batches_cli-4d25892d9d2d4538)
2026-10-08T19:39:15.8784445Z 
2026-10-08T19:39:15.8784610Z running 5 tests
2026-10-08T19:39:15.8818908Z test help_is_available_without_files ... ok
2026-10-08T19:39:15.8853040Z test real_cli_reports_saved_records_without_session_or_simulator_configuration ... ok
2026-10-08T19:39:15.8865641Z test actual_unwritable_output_and_diagnostic_sinks_return_failure_without_panicking ... ok
2026-10-08T19:39:15.8877116Z test missing_late_invalid_and_unmatched_input_produce_no_primary_output ... ok
2026-10-08T19:39:15.9015609Z test unknown_duplicate_empty_and_missing_flags_refuse_before_input_access ... ok
2026-10-08T19:39:15.9016233Z 
2026-10-08T19:39:15.9017023Z test result: ok. 5 passed; 0 failed; 0 ignored; 0 measured; 0 filtered out; finished in 0.02s
2026-10-08T19:39:15.9017574Z 
2026-10-08T19:39:15.9019656Z [1m[92m     Running[0m tests/parity.rs (target/debug/deps/parity-a47619aa11e4bdba)
2026-10-08T19:39:15.9033539Z 
2026-10-08T19:39:15.9033732Z running 6 tests
2026-10-08T19:39:15.9037729Z test rng_seed_42_fixture_present ... ok
2026-10-08T19:39:15.9038326Z test parity_fixture_manifest_complete ... ok
2026-10-08T19:39:15.9312399Z test scoring_vectors_fixture_loads ... ok
2026-10-08T19:39:15.9866299Z test event_parse_vectors_fixture_loads ... ok
2026-10-08T19:39:16.0047150Z test all_rng_trace_fixtures_match_kotlin ... ok
2026-10-08T19:39:16.0465284Z test turn_traces_report_first_divergence ... ok
2026-10-08T19:39:16.0465629Z 
2026-10-08T19:39:16.0465950Z test result: ok. 6 passed; 0 failed; 0 ignored; 0 measured; 0 filtered out; finished in 0.14s
2026-10-08T19:39:16.0466394Z 
2026-10-08T19:39:16.0474089Z [1m[92m     Running[0m tests/perf.rs (target/debug/deps/perf-288f99fb6beb7aea)
2026-10-08T19:39:16.0489844Z 
2026-10-08T19:39:16.0489984Z running 2 tests
2026-10-08T19:39:16.2245452Z test full_career_under_3s_at_x100 ... ok
2026-10-08T19:39:16.2245972Z test full_career_under_10s_at_x20 ... ok
2026-10-08T19:39:16.2246251Z 
2026-10-08T19:39:16.2246506Z test result: ok. 2 passed; 0 failed; 0 ignored; 0 measured; 0 filtered out; finished in 0.18s
2026-10-08T19:39:16.2246831Z 
2026-10-08T19:39:16.2256301Z [1m[92m     Running[0m tests/product_readiness.rs (target/debug/deps/product_readiness-9ebaea476e1c2f9f)
2026-10-08T19:39:16.2272749Z 
2026-10-08T19:39:16.2272906Z running 7 tests
2026-10-08T19:39:16.8367786Z test four_scenarios_complete_72_turns ... ok
2026-10-08T19:39:16.8369001Z test golden_fixture_file_present ... ok
2026-10-08T19:39:16.8369873Z test speed_multiplier_clamps_1_to_100 ... ok
2026-10-08T19:39:16.8370608Z test telemetry_replay_resources_present ... ok
2026-10-08T19:39:17.1533313Z test deck_and_legacy_start_completes_career ... ok
2026-10-08T19:39:17.5012678Z test full_career_under_ten_seconds_at_x20 ... ok
2026-10-08T19:39:18.5954669Z test bot_policy_completes_all_four_scenarios ... ok
2026-10-08T19:39:18.5954961Z 
2026-10-08T19:39:18.5955212Z test result: ok. 7 passed; 0 failed; 0 ignored; 0 measured; 0 filtered out; finished in 2.37s
2026-10-08T19:39:18.5955547Z 
2026-10-08T19:39:18.5985658Z [1m[92m     Running[0m tests/race_npc_r86.rs (target/debug/deps/race_npc_r86-903587ad110c00fa)
2026-10-08T19:39:18.5998429Z 
2026-10-08T19:39:18.5998630Z running 1 test
2026-10-08T19:39:20.3211393Z test r86_npc_win_rates_ordered_vs_telemetry_prior ... ok
2026-10-08T19:39:20.3211691Z 
2026-10-08T19:39:20.3212186Z test result: ok. 1 passed; 0 failed; 0 ignored; 0 measured; 0 filtered out; finished in 1.72s
2026-10-08T19:39:20.3212748Z 
2026-10-08T19:39:20.3217283Z [1m[92m     Running[0m tests/race_outcomes.rs (target/debug/deps/race_outcomes-019a1e18c4b6e6a4)
2026-10-08T19:39:20.3230403Z 
2026-10-08T19:39:20.3230557Z running 3 tests
2026-10-08T19:39:20.3234027Z test g1_and_climax_wins_grant_stub_epithets ... ok
2026-10-08T19:39:20.3234675Z test mid_run_race_physics_documented_in_research ... ok
2026-10-08T19:39:20.3235281Z test place_and_show_fans_are_lower_than_win ... ok
2026-10-08T19:39:20.3235680Z 
2026-10-08T19:39:20.3236205Z test result: ok. 3 passed; 0 failed; 0 ignored; 0 measured; 0 filtered out; finished in 0.00s
2026-10-08T19:39:20.3236740Z 
2026-10-08T19:39:20.3238418Z [1m[92m     Running[0m tests/race_perf_r89.rs (target/debug/deps/race_perf_r89-b66ddbff0f943165)
2026-10-08T19:39:20.3255013Z 
2026-10-08T19:39:20.3255219Z running 2 tests
2026-10-08T19:39:20.4922580Z test physics_career_race_budget_under_250ms ... ok
2026-10-08T19:39:21.6534761Z test eighteen_horse_2000m_under_10ms_p50 ... ok
2026-10-08T19:39:21.6535029Z 
2026-10-08T19:39:21.6535266Z test result: ok. 2 passed; 0 failed; 0 ignored; 0 measured; 0 filtered out; finished in 1.33s
2026-10-08T19:39:21.6535579Z 
2026-10-08T19:39:21.6545233Z [1m[92m     Running[0m tests/race_physics_r87.rs (target/debug/deps/race_physics_r87-792eb495763192b6)
2026-10-08T19:39:21.6559775Z 
2026-10-08T19:39:21.6559899Z running 3 tests
2026-10-08T19:39:21.6568237Z test stub_default_debut_still_places_first ... ok
2026-10-08T19:39:21.7318539Z test physics_debut_race_returns_real_order_not_always_first ... ok
2026-10-08T19:39:21.8213366Z test physics_full_career_completes_with_varied_or_non_first_places ... ok
2026-10-08T19:39:21.8213825Z 
2026-10-08T19:39:21.8214619Z test result: ok. 3 passed; 0 failed; 0 ignored; 0 measured; 0 filtered out; finished in 0.17s
2026-10-08T19:39:21.8215085Z 
2026-10-08T19:39:21.8222780Z [1m[92m     Running[0m tests/race_scheduler.rs (target/debug/deps/race_scheduler-72c90596173a56c3)
2026-10-08T19:39:21.8234409Z 
2026-10-08T19:39:21.8234553Z running 4 tests
2026-10-08T19:39:21.8237865Z test skips_non_free_phase ... ok
2026-10-08T19:39:21.8238264Z test skips_early_turns ... ok
2026-10-08T19:39:21.8238659Z test skips_when_fans_high ... ok
2026-10-08T19:39:21.8239231Z test suggests_race_when_fans_low ... ok
2026-10-08T19:39:21.8239528Z 
2026-10-08T19:39:21.8239886Z test result: ok. 4 passed; 0 failed; 0 ignored; 0 measured; 0 filtered out; finished in 0.00s
2026-10-08T19:39:21.8240363Z 
2026-10-08T19:39:21.8240933Z [1m[92m     Running[0m tests/race_v4_dist.rs (target/debug/deps/race_v4_dist-948f119ece761ed6)
2026-10-08T19:39:21.8254843Z 
2026-10-08T19:39:21.8254990Z running 2 tests
2026-10-08T19:39:22.3621134Z test r86_v4_career_physics_logs_emit_place_and_margins ... ok
2026-10-08T19:39:22.9734936Z test r86_v4_place_margin_distribution_soft_gate ... ok
2026-10-08T19:39:22.9735294Z 
2026-10-08T19:39:22.9735625Z test result: ok. 2 passed; 0 failed; 0 ignored; 0 measured; 0 filtered out; finished in 1.15s
2026-10-08T19:39:22.9736063Z 
2026-10-08T19:39:22.9745627Z [1m[92m     Running[0m tests/rest_policy_external_stub.rs (target/debug/deps/rest_policy_external_stub-480ac7d9f4f5276f)
2026-10-08T19:39:22.9761535Z 
2026-10-08T19:39:22.9761686Z running 1 test
2026-10-08T19:39:23.3630118Z test policy_external_positive_path_with_stub ... ok
2026-10-08T19:39:23.3630432Z 
2026-10-08T19:39:23.3630681Z test result: ok. 1 passed; 0 failed; 0 ignored; 0 measured; 0 filtered out; finished in 0.39s
2026-10-08T19:39:23.3631013Z 
2026-10-08T19:39:23.3656742Z [1m[92m     Running[0m tests/scenario_depth.rs (target/debug/deps/scenario_depth-1119343b4c225ea1)
2026-10-08T19:39:23.3668701Z 
2026-10-08T19:39:23.3668923Z running 4 tests
2026-10-08T19:39:23.3673373Z test grand_concert_promo_mandatory_at_turn_36 ... ok
2026-10-08T19:39:23.3674075Z test happy_meek_badge_rolls_on_turn_start ... ok
2026-10-08T19:39:23.3674760Z test grand_concert_perfect_when_18_songs_and_great_success ... ok
2026-10-08T19:39:23.3675444Z test unity_extreme_burst_consumes_ready_flag ... ok
2026-10-08T19:39:23.3675773Z 
2026-10-08T19:39:23.3676127Z test result: ok. 4 passed; 0 failed; 0 ignored; 0 measured; 0 filtered out; finished in 0.00s
2026-10-08T19:39:23.3676621Z 
2026-10-08T19:39:23.3677100Z [1m[92m     Running[0m tests/sim_engine.rs (target/debug/deps/sim_engine-7df509cf75fe5345)
2026-10-08T19:39:23.3690240Z 
2026-10-08T19:39:23.3696811Z running 10 tests
2026-10-08T19:39:23.3697185Z test mandatory_debut_race_on_turn_1 ... ok
2026-10-08T19:39:23.4594251Z test grand_concert_earns_performance_tokens ... ok
2026-10-08T19:39:23.4796696Z test snapshot_round_trip_preserves_turn ... ok
2026-10-08T19:39:23.4812568Z test speed_clamped_to_100 ... ok
2026-10-08T19:39:23.4813215Z test event_choice_updates_stats ... ok
2026-10-08T19:39:23.4813889Z test training_uses_formula_gain ... ok
2026-10-08T19:39:23.4814518Z test turbo_suppresses_dialogue ... ok
2026-10-08T19:39:23.4948801Z test trackblazer_earns_coins_on_race ... ok
2026-10-08T19:39:23.5075625Z test same_seed_same_outcome ... ok
2026-10-08T19:39:23.5718456Z test completes_72_turn_career ... ok
2026-10-08T19:39:23.5718792Z 
2026-10-08T19:39:23.5719142Z test result: ok. 10 passed; 0 failed; 0 ignored; 0 measured; 0 filtered out; finished in 0.20s
2026-10-08T19:39:23.5719578Z 
2026-10-08T19:39:23.5727916Z [1m[92m     Running[0m tests/sim_telemetry_export.rs (target/debug/deps/sim_telemetry_export-85f711ca6de494fe)
2026-10-08T19:39:23.5743142Z 
2026-10-08T19:39:23.5743417Z running 2 tests
2026-10-08T19:39:23.6703958Z test export_jsonl_matches_android_turn_shape ... ok
2026-10-08T19:39:24.0616256Z test bot_run_produces_calibration_ready_training_records ... ok
2026-10-08T19:39:24.0616677Z 
2026-10-08T19:39:24.0617482Z test result: ok. 2 passed; 0 failed; 0 ignored; 0 measured; 0 filtered out; finished in 0.49s
2026-10-08T19:39:24.0617957Z 
2026-10-08T19:39:24.0626142Z [1m[92m     Running[0m tests/skill_catalog_display.rs (target/debug/deps/skill_catalog_display-890ce50352fb1817)
2026-10-08T19:39:24.0638355Z 
2026-10-08T19:39:24.0638496Z running 1 test
2026-10-08T19:39:24.0643499Z test display_projection_preserves_name_lookup_and_failed_load_semantics ... ok
2026-10-08T19:39:24.0643862Z 
2026-10-08T19:39:24.0644093Z test result: ok. 1 passed; 0 failed; 0 ignored; 0 measured; 0 filtered out; finished in 0.00s
2026-10-08T19:39:24.0644399Z 
2026-10-08T19:39:24.0645850Z [1m[92m     Running[0m tests/skill_hint_routing.rs (target/debug/deps/skill_hint_routing-18287bcf48fe9db6)
2026-10-08T19:39:24.0656405Z 
2026-10-08T19:39:24.0656578Z running 2 tests
2026-10-08T19:39:24.1004263Z test trainee_skills_event_loaded_for_special_week ... ok
2026-10-08T19:39:24.3887450Z test skill_catalog_resolves_hydrate_or_loads ... ok
2026-10-08T19:39:24.3887819Z 
2026-10-08T19:39:24.3888176Z test result: ok. 2 passed; 0 failed; 0 ignored; 0 measured; 0 filtered out; finished in 0.32s
2026-10-08T19:39:24.3889216Z 
2026-10-08T19:39:24.3912584Z [1m[92m     Running[0m tests/soft_cap.rs (target/debug/deps/soft_cap-917785d16b4a2e3a)
2026-10-08T19:39:24.3924068Z 
2026-10-08T19:39:24.3924202Z running 2 tests
2026-10-08T19:39:24.3926642Z test shared_multiplier_matches_scoring_shared ... ok
2026-10-08T19:39:24.3927004Z test spark_cap_raises_hard_cap_before_soft_cap_blend ... ok
2026-10-08T19:39:24.3927215Z 
2026-10-08T19:39:24.3927440Z test result: ok. 2 passed; 0 failed; 0 ignored; 0 measured; 0 filtered out; finished in 0.00s
2026-10-08T19:39:24.3927739Z 
2026-10-08T19:39:24.3928997Z [1m[92m     Running[0m tests/spark_generation.rs (target/debug/deps/spark_generation-68c36383b5336bda)
2026-10-08T19:39:24.3941517Z 
2026-10-08T19:39:24.3941643Z running 5 tests
2026-10-08T19:39:24.3963624Z test blue_bands_never_roll_3star_below_600 ... ok
2026-10-08T19:39:24.3964116Z test grade_quality_ue_can_roll_3star ... ok
2026-10-08T19:39:24.3964597Z test red_star_distribution_covers_1_2_3 ... ok
2026-10-08T19:39:24.7624964Z test completed_career_emits_blue_and_green_sparks ... ok
2026-10-08T19:39:24.7645229Z test spark_generation_does_not_change_career_rng_call_count ... ok
2026-10-08T19:39:24.7645675Z 
2026-10-08T19:39:24.7646010Z test result: ok. 5 passed; 0 failed; 0 ignored; 0 measured; 0 filtered out; finished in 0.37s
2026-10-08T19:39:24.7646468Z 
2026-10-08T19:39:24.7665455Z [1m[92m     Running[0m tests/support_catalog.rs (target/debug/deps/support_catalog-12bfdec8355b36ac)
2026-10-08T19:39:24.7677379Z 
2026-10-08T19:39:24.7677506Z running 1 test
2026-10-08T19:39:24.8855998Z test loads_special_week_from_kb_when_available ... ok
2026-10-08T19:39:24.8856302Z 
2026-10-08T19:39:24.8856546Z test result: ok. 1 passed; 0 failed; 0 ignored; 0 measured; 0 filtered out; finished in 0.12s
2026-10-08T19:39:24.8856870Z 
2026-10-08T19:39:24.8870128Z [1m[92m     Running[0m tests/telemetry_replay.rs (target/debug/deps/telemetry_replay-2a57734a7d2299fc)
2026-10-08T19:39:24.8884209Z 
2026-10-08T19:39:24.8884338Z running 2 tests
2026-10-08T19:39:24.9054721Z test event_fixtures_exact_match ... ok
2026-10-08T19:39:24.9057765Z test replay_fixtures_match_at_least_90_percent ... ok
2026-10-08T19:39:24.9058008Z 
2026-10-08T19:39:24.9058247Z test result: ok. 2 passed; 0 failed; 0 ignored; 0 measured; 0 filtered out; finished in 0.02s
2026-10-08T19:39:24.9058542Z 
2026-10-08T19:39:24.9063486Z [1m[92m     Running[0m tests/trainee_catalog.rs (target/debug/deps/trainee_catalog-1ed3c0a9294336c2)
2026-10-08T19:39:24.9074586Z 
2026-10-08T19:39:24.9074707Z running 3 tests
2026-10-08T19:39:24.9367318Z test loads_special_week_growth_from_kb ... ok
2026-10-08T19:39:24.9367905Z test list_all_excludes_staff_and_non_card_chars ... ok
2026-10-08T19:39:24.9370532Z test growth_pct_boosts_training_gain ... ok
2026-10-08T19:39:24.9370812Z 
2026-10-08T19:39:24.9371139Z test result: ok. 3 passed; 0 failed; 0 ignored; 0 measured; 0 filtered out; finished in 0.03s
2026-10-08T19:39:24.9372180Z 
2026-10-08T19:39:24.9378012Z [1m[92m     Running[0m tests/training_failure_config.rs (target/debug/deps/training_failure_config-e5dd3180913d3c89)
2026-10-08T19:39:24.9388912Z 
2026-10-08T19:39:24.9389163Z running 3 tests
2026-10-08T19:39:24.9391321Z test awful_mood_increases_failure ... ok
2026-10-08T19:39:24.9391755Z test low_energy_increases_failure ... ok
2026-10-08T19:39:24.9394129Z test rainbow_activates_friendship_for_all_cards_on_facility ... ok
2026-10-08T19:39:24.9394373Z 
2026-10-08T19:39:24.9394590Z test result: ok. 3 passed; 0 failed; 0 ignored; 0 measured; 0 filtered out; finished in 0.00s
2026-10-08T19:39:24.9394877Z 
2026-10-08T19:39:24.9396675Z [1m[92m     Running[0m tests/training_failure_penalty.rs (target/debug/deps/training_failure_penalty-40ce375d01f8b3f4)
2026-10-08T19:39:24.9408588Z 
2026-10-08T19:39:24.9408699Z running 4 tests
2026-10-08T19:39:24.9414495Z test certain_injury_chance_applies_injury_flag ... ok
2026-10-08T19:39:24.9415249Z test injured_trainee_blocked_from_training ... ok
2026-10-08T19:39:24.9416407Z test rest_clears_injury ... ok
2026-10-08T19:39:24.9420169Z test wit_training_restores_energy ... ok
2026-10-08T19:39:24.9420461Z 
2026-10-08T19:39:24.9420790Z test result: ok. 4 passed; 0 failed; 0 ignored; 0 measured; 0 filtered out; finished in 0.00s
2026-10-08T19:39:24.9421267Z 
2026-10-08T19:39:24.9424107Z [1m[92m     Running[0m tests/training_inspection.rs (target/debug/deps/training_inspection-8fa9ecb80fb7751b)
2026-10-08T19:39:24.9436097Z 
2026-10-08T19:39:24.9436461Z running 7 tests
2026-10-08T19:39:24.9468232Z test current_energy_risk_uses_the_native_post_cost_boundary ... ok
2026-10-08T19:39:24.9503059Z test repeated_inspection_preserves_snapshot_rng_and_next_action ... ok
2026-10-08T19:39:24.9509292Z test samples_stay_raw_while_energy_recovery_respects_the_cap ... ok
2026-10-08T19:39:24.9563609Z test scenario_zero_failure_and_effective_unity_level_are_inspected ... ok
2026-10-08T19:39:24.9578499Z test unavailable_phases_and_blocked_rows_have_no_attempt_results ... ok
2026-10-08T19:39:24.9611497Z test actual_cli_refuses_arguments_and_unreadable_sessions_without_writes ... ok
2026-10-08T19:39:27.3557923Z test actual_cli_inspects_saved_native_career_without_rewriting_it ... ok
2026-10-08T19:39:27.3558369Z 
2026-10-08T19:39:27.3558690Z test result: ok. 7 passed; 0 failed; 0 ignored; 0 measured; 0 filtered out; finished in 2.41s
2026-10-08T19:39:27.3559184Z 
2026-10-08T19:39:27.3562272Z [1m[92m     Running[0m tests/training_resolver.rs (target/debug/deps/training_resolver-efededd8d228c80f)
2026-10-08T19:39:27.3573756Z 
2026-10-08T19:39:27.3573889Z running 2 tests
2026-10-08T19:39:27.3581022Z test power_training_secondary_is_stamina ... ok
2026-10-08T19:39:27.3581530Z test tertiary_gain_is_twenty_percent_of_main ... ok
2026-10-08T19:39:27.3581737Z 
2026-10-08T19:39:27.3582138Z test result: ok. 2 passed; 0 failed; 0 ignored; 0 measured; 0 filtered out; finished in 0.00s
2026-10-08T19:39:27.3582452Z 
2026-10-08T19:39:27.3584123Z [1m[92m     Running[0m tests/unity_trackblazer_mechanics.rs (target/debug/deps/unity_trackblazer_mechanics-2083eea53868887a)
2026-10-08T19:39:27.3596816Z 
2026-10-08T19:39:27.3596977Z running 20 tests
2026-10-08T19:39:27.3601139Z test trackblazer_climax2_gap_documented ... ok
2026-10-08T19:39:27.3601796Z test trackblazer_climax_awards_victory_points ... ok
2026-10-08T19:39:27.3602467Z test trackblazer_climax_pays_more_coins ... ok
2026-10-08T19:39:27.3605271Z test trackblazer_epithet_gap_documented ... ok
2026-10-08T19:39:27.3605922Z test trackblazer_inventory_gap_documented ... ok
2026-10-08T19:39:27.3607626Z test trackblazer_shop_opens_on_interval ... ok
2026-10-08T19:39:27.3609638Z test trackblazer_megaphone_training_multiplier ... ok
2026-10-08T19:39:27.3610260Z test trackblazer_shop_purchase_deducts_coins_and_applies_stats ... ok
2026-10-08T19:39:27.3610867Z test trackblazer_shop_roll_is_deterministic ... ok
2026-10-08T19:39:27.3612784Z test trackblazer_shop_sale_reduces_purchase_cost ... ok
2026-10-08T19:39:27.3615433Z test trackblazer_rival_gap_documented ... ok
2026-10-08T19:39:27.3615923Z test unity_per_leg_gap_documented ... ok
2026-10-08T19:39:27.3779531Z test trackblazer_speed_charm_effects_raise_speed ... ok
2026-10-08T19:39:27.3780146Z test unity_plugin_syncs_facility_levels_from_rank ... ok
2026-10-08T19:39:27.3780684Z test unity_spirit_burst_at_research_threshold ... ok
2026-10-08T19:39:27.3781253Z test unity_extreme_burst_grants_ignited_spirit_hint ... ok
2026-10-08T19:39:27.3781814Z test unity_team_rank_maps_to_facility_level ... ok
2026-10-08T19:39:27.3782425Z test unity_teammate_share_gap_documented ... ok
2026-10-08T19:39:27.3784124Z test unity_spirit_burst_bumps_team_rank ... ok
2026-10-08T19:39:27.3786189Z test unity_team_race_win_counts_five_legs_and_zenith ... ok
2026-10-08T19:39:27.3786546Z 
2026-10-08T19:39:27.3791357Z [1m[92m     Running[0m tests/ura_mechanics.rs (target/debug/deps/ura_mechanics-d01cb73d8f52df87)
2026-10-08T19:39:27.3792334Z test result: ok. 20 passed; 0 failed; 0 ignored; 0 measured; 0 filtered out; finished in 0.02s
2026-10-08T19:39:27.3793039Z 
2026-10-08T19:39:27.3802719Z 
2026-10-08T19:39:27.3802867Z running 9 tests
2026-10-08T19:39:27.3805747Z test choose_duel_falls_back_to_best_odds_when_no_good_target ... ok
2026-10-08T19:39:27.3806602Z test duel_accepts_bad_odds_when_failure_within_pct ... ok
2026-10-08T19:39:27.3807714Z test duel_win_grants_racing_spirit_hint ... ok
2026-10-08T19:39:27.3809081Z test duel_training_bias_boosts_badged_facility ... ok
2026-10-08T19:39:27.3809630Z test choose_duel_prefers_good_odds_target_stat ... ok
2026-10-08T19:39:27.3809992Z test max_level_meek_win_unlocks_past_my_limits ... ok
2026-10-08T19:39:27.3812464Z test duel_win_raises_cap_and_meek_level ... ok
2026-10-08T19:39:27.3813140Z test training_on_badged_facility_triggers_duel_event ... ok
2026-10-08T19:39:27.3813782Z test ura_finale_distance_gap_documented ... ok
2026-10-08T19:39:27.3814163Z 
2026-10-08T19:39:27.3814648Z test result: ok. 9 passed; 0 failed; 0 ignored; 0 measured; 0 filtered out; finished in 0.00s
2026-10-08T19:39:27.3815037Z 
2026-10-08T19:39:27.3816373Z [1m[92m   Doc-tests[0m uma_race_core
2026-10-08T19:39:28.1309307Z 
2026-10-08T19:39:28.1309894Z running 0 tests
2026-10-08T19:39:28.1310103Z 
2026-10-08T19:39:28.1310365Z test result: ok. 0 passed; 0 failed; 0 ignored; 0 measured; 0 filtered out; finished in 0.00s
2026-10-08T19:39:28.1310675Z 
2026-10-08T19:39:28.1963484Z [1m[92m   Doc-tests[0m uma_sim_core
2026-10-08T19:39:28.5443134Z 
2026-10-08T19:39:28.5443707Z running 0 tests
2026-10-08T19:39:28.5443970Z 
2026-10-08T19:39:28.5444350Z test result: ok. 0 passed; 0 failed; 0 ignored; 0 measured; 0 filtered out; finished in 0.00s
2026-10-08T19:39:28.5444816Z 
2026-10-08T19:39:28.5536022Z ##[group]Run cargo build --locked --release --features embed-ui -p uma-sim-core
2026-10-08T19:39:28.5536520Z [36;1mcargo build --locked --release --features embed-ui -p uma-sim-core[0m
2026-10-08T19:39:28.5599009Z shell: /usr/bin/bash -e {0}
2026-10-08T19:39:28.5599276Z env:
2026-10-08T19:39:28.5599505Z   CARGO_HOME: /home/runner/.cargo
2026-10-08T19:39:28.5599752Z   CARGO_INCREMENTAL: 0
2026-10-08T19:39:28.5599971Z   CARGO_TERM_COLOR: always
2026-10-08T19:39:28.5600180Z   CACHE_ON_FAILURE: false
2026-10-08T19:39:28.5600396Z ##[endgroup]
2026-10-08T19:39:29.0416211Z [1m[92m   Compiling[0m uma-sim-core v0.1.0 (/home/runner/work/uma-sim/uma-sim/uma-sim-core)
2026-10-08T19:39:29.0417206Z [1m[92m   Compiling[0m uma-race-core v0.1.0 (/home/runner/work/uma-sim/uma-sim/uma-race-core)
2026-10-08T19:39:46.6370398Z [1m[92m    Finished[0m `release` profile [optimized] target(s) in 18.06s
2026-10-08T19:39:46.6503707Z ##[group]Run actions/setup-node@820762786026740c76f36085b0efc47a31fe5020
2026-10-08T19:39:46.6504079Z with:
2026-10-08T19:39:46.6504293Z   node-version: 20
2026-10-08T19:39:46.6504514Z   check-latest: false
2026-10-08T19:39:46.6506987Z   token: ***
2026-10-08T19:39:46.6507225Z   package-manager-cache: true
2026-10-08T19:39:46.6507536Z env:
2026-10-08T19:39:46.6507755Z   CARGO_HOME: /home/runner/.cargo
2026-10-08T19:39:46.6508025Z   CARGO_INCREMENTAL: 0
2026-10-08T19:39:46.6508253Z   CARGO_TERM_COLOR: always
2026-10-08T19:39:46.6508487Z   CACHE_ON_FAILURE: false
2026-10-08T19:39:46.6508711Z ##[endgroup]
2026-10-08T19:39:46.7712807Z Attempting to download 20...
2026-10-08T19:39:47.2981734Z Acquiring 20.20.2 - x64 from https://github.com/actions/node-versions/releases/download/20.20.2-23521894959/node-20.20.2-linux-x64.tar.gz
2026-10-08T19:39:47.6965733Z Extracting ...
2026-10-08T19:39:47.7090435Z [command]/usr/bin/tar xz --strip 1 --warning=no-unknown-keyword --overwrite -C /home/runner/work/_temp/0566e34f-9886-46f4-af3e-faee4638d9ce -f /home/runner/work/_temp/91f83594-c64b-45b7-99fb-712f614f5dfb
2026-10-08T19:39:48.6912855Z Adding to the cache ...
2026-10-08T19:39:51.3625203Z ##[group]Environment details
2026-10-08T19:39:51.6355857Z node: v20.20.2
2026-10-08T19:39:51.6356233Z npm: 10.8.2
2026-10-08T19:39:51.6356508Z yarn: 1.22.22
2026-10-08T19:39:51.6357048Z ##[endgroup]
2026-10-08T19:39:51.6520531Z ##[group]Run npm --prefix packages/uma-sim-cli run test:tui:native
2026-10-08T19:39:51.6520970Z [36;1mnpm --prefix packages/uma-sim-cli run test:tui:native[0m
2026-10-08T19:39:51.6588615Z shell: /usr/bin/bash -e {0}
2026-10-08T19:39:51.6588885Z env:
2026-10-08T19:39:51.6589092Z   CARGO_HOME: /home/runner/.cargo
2026-10-08T19:39:51.6589350Z   CARGO_INCREMENTAL: 0
2026-10-08T19:39:51.6589582Z   CARGO_TERM_COLOR: always
2026-10-08T19:39:51.6589806Z   CACHE_ON_FAILURE: false
2026-10-08T19:39:51.6590145Z   UMA_SIM_NATIVE_API: /home/runner/work/uma-sim/uma-sim/target/release/uma-sim-api
2026-10-08T19:39:51.6590597Z   UMA_TUI_RECEIPTS: /home/runner/work/_temp/uma-terminal-checkpoints
2026-10-08T19:39:51.6590911Z ##[endgroup]
2026-10-08T19:39:51.7624393Z 
2026-10-08T19:39:51.7630197Z > uma-sim-cli@0.1.0 test:tui:native
2026-10-08T19:39:51.7630718Z > node --test tests/tui-checkpoints.native.mjs
2026-10-08T19:39:51.7630935Z 
2026-10-08T19:39:51.7986888Z TAP version 13
2026-10-08T19:39:53.7951628Z # Subtest: native checkpoint survives an actual process restart and resumes the exact next RNG step
2026-10-08T19:39:53.7960654Z ok 1 - native checkpoint survives an actual process restart and resumes the exact next RNG step
2026-10-08T19:39:53.7961340Z   ---
2026-10-08T19:39:53.7961644Z   duration_ms: 1956.16587
2026-10-08T19:39:53.7962200Z   ...
2026-10-08T19:39:54.4971571Z # Subtest: native create-only save preserves an earlier checkpoint and reports actual storage refusal
2026-10-08T19:39:54.4973173Z ok 2 - native create-only save preserves an earlier checkpoint and reports actual storage refusal
2026-10-08T19:39:54.4973973Z   ---
2026-10-08T19:39:54.4974265Z   duration_ms: 702.259093
2026-10-08T19:39:54.4974733Z   ...
2026-10-08T19:39:55.5359272Z # Subtest: native missing and incompatible checkpoints refuse without replacement; compatibility advisories remain visible
2026-10-08T19:39:55.5360596Z ok 3 - native missing and incompatible checkpoints refuse without replacement; compatibility advisories remain visible
2026-10-08T19:39:55.5361267Z   ---
2026-10-08T19:39:55.5361624Z   duration_ms: 1038.530886
2026-10-08T19:39:55.5362189Z   ...
2026-10-08T19:39:56.2947290Z # Subtest: native committed save with disconnect reports uncertainty and is not replayed
2026-10-08T19:39:56.2948522Z ok 4 - native committed save with disconnect reports uncertainty and is not replayed
2026-10-08T19:39:56.2949008Z   ---
2026-10-08T19:39:56.2949255Z   duration_ms: 759.291645
2026-10-08T19:39:56.2949481Z   ...
2026-10-08T19:39:57.0435769Z # Subtest: native committed save with invalid JSON reports uncertainty and is not replayed
2026-10-08T19:39:57.0436827Z ok 5 - native committed save with invalid JSON reports uncertainty and is not replayed
2026-10-08T19:39:57.0437352Z   ---
2026-10-08T19:39:57.0437913Z   duration_ms: 748.614558
2026-10-08T19:39:57.0438280Z   ...
2026-10-08T19:39:57.7239415Z # Subtest: native committed fork with disconnect reports uncertainty and is not replayed
2026-10-08T19:39:57.7240702Z ok 6 - native committed fork with disconnect reports uncertainty and is not replayed
2026-10-08T19:39:57.7241398Z   ---
2026-10-08T19:39:57.7247160Z   duration_ms: 680.302669
2026-10-08T19:39:57.7247796Z   ...
2026-10-08T19:39:58.3850498Z # Subtest: native committed fork with invalid JSON reports uncertainty and is not replayed
2026-10-08T19:39:58.3851553Z ok 7 - native committed fork with invalid JSON reports uncertainty and is not replayed
2026-10-08T19:39:58.3852229Z   ---
2026-10-08T19:39:58.3852655Z   duration_ms: 660.801263
2026-10-08T19:39:58.3853008Z   ...
2026-10-08T19:39:59.1157938Z # Subtest: native EOF after committed save preserves resumable state without replay
2026-10-08T19:39:59.1158945Z ok 8 - native EOF after committed save preserves resumable state without replay
2026-10-08T19:39:59.1159440Z   ---
2026-10-08T19:39:59.1159797Z   duration_ms: 730.66981
2026-10-08T19:39:59.1160218Z   ...
2026-10-08T19:39:59.8113110Z # Subtest: native SIGINT after committed save preserves resumable state without replay
2026-10-08T19:39:59.8114777Z ok 9 - native SIGINT after committed save preserves resumable state without replay
2026-10-08T19:39:59.8115373Z   ---
2026-10-08T19:39:59.8115663Z   duration_ms: 695.590881
2026-10-08T19:39:59.8115997Z   ...
2026-10-08T19:40:00.4777811Z # Subtest: native EOF after committed fork preserves resumable state without replay
2026-10-08T19:40:00.4779268Z ok 10 - native EOF after committed fork preserves resumable state without replay
2026-10-08T19:40:00.4781281Z   ---
2026-10-08T19:40:00.4781885Z   duration_ms: 666.569792
2026-10-08T19:40:00.4782629Z   ...
2026-10-08T19:40:01.1554769Z # Subtest: native SIGINT after committed fork preserves resumable state without replay
2026-10-08T19:40:01.1556050Z ok 11 - native SIGINT after committed fork preserves resumable state without replay
2026-10-08T19:40:01.1556676Z   ---
2026-10-08T19:40:01.1556976Z   duration_ms: 677.159637
2026-10-08T19:40:01.1557227Z   ...
2026-10-08T19:40:01.1792933Z 1..11
2026-10-08T19:40:01.1793332Z # tests 11
2026-10-08T19:40:01.1793700Z # suites 0
2026-10-08T19:40:01.1794564Z # pass 11
2026-10-08T19:40:01.1795274Z # fail 0
2026-10-08T19:40:01.1803041Z # cancelled 0
2026-10-08T19:40:01.1803379Z # skipped 0
2026-10-08T19:40:01.1803671Z # todo 0
2026-10-08T19:40:01.1803999Z # duration_ms 9388.412686
2026-10-08T19:40:01.1949091Z ##[group]Run actions/upload-artifact@043fb46d1a93c77aae656e7c1c64a875d1fc6a0a
2026-10-08T19:40:01.1949489Z with:
2026-10-08T19:40:01.1949730Z   name: uma-terminal-checkpoint-receiving
2026-10-08T19:40:01.1950079Z   path: /home/runner/work/_temp/uma-terminal-checkpoints
2026-10-08T19:40:01.1950393Z   if-no-files-found: warn
2026-10-08T19:40:01.1950648Z   compression-level: 6
2026-10-08T19:40:01.1950870Z   overwrite: false
2026-10-08T19:40:01.1951088Z   include-hidden-files: false
2026-10-08T19:40:01.1951335Z   archive: true
2026-10-08T19:40:01.1951539Z env:
2026-10-08T19:40:01.1951740Z   CARGO_HOME: /home/runner/.cargo
2026-10-08T19:40:01.1952584Z   CARGO_INCREMENTAL: 0
2026-10-08T19:40:01.1952810Z   CARGO_TERM_COLOR: always
2026-10-08T19:40:01.1953064Z   CACHE_ON_FAILURE: false
2026-10-08T19:40:01.1953287Z ##[endgroup]
2026-10-08T19:40:01.3407359Z With the provided path, there will be 12 files uploaded
2026-10-08T19:40:01.3408212Z Artifact name is valid!
2026-10-08T19:40:01.3408749Z Root directory input is valid!
2026-10-08T19:40:01.5623230Z Uploading artifact: uma-terminal-checkpoint-receiving.zip
2026-10-08T19:40:01.5665212Z Beginning upload of artifact content to blob storage
2026-10-08T19:40:01.6480640Z Uploaded bytes 21752
2026-10-08T19:40:01.6608249Z Finished uploading artifact content to blob storage!
2026-10-08T19:40:01.6609755Z SHA256 digest of uploaded artifact is 167c3beb74d5c47a2473ddbf3a9bea32186e15858d6a32ae1962159b9879b4ef
2026-10-08T19:40:01.6610656Z Finalizing artifact upload
2026-10-08T19:40:01.9080293Z Artifact uma-terminal-checkpoint-receiving successfully finalized. Artifact ID 11573719356
2026-10-08T19:40:01.9081370Z Artifact uma-terminal-checkpoint-receiving has been successfully uploaded! Final size is 21752 bytes. Artifact ID is 11573719356
2026-10-08T19:40:01.9082465Z Artifact download URL: https://github.com/Jacob-Met/uma-sim/actions/runs/37833173081/artifacts/11573719356
2026-10-08T19:40:01.9208238Z ##[group]Run node --test packages/uma-sim-mcp/tests/*native.test.mjs
2026-10-08T19:40:01.9208723Z [36;1mnode --test packages/uma-sim-mcp/tests/*native.test.mjs[0m
2026-10-08T19:40:01.9273855Z shell: /usr/bin/bash -e {0}
2026-10-08T19:40:01.9274133Z env:
2026-10-08T19:40:01.9274366Z   CARGO_HOME: /home/runner/.cargo
2026-10-08T19:40:01.9274628Z   CARGO_INCREMENTAL: 0
2026-10-08T19:40:01.9274850Z   CARGO_TERM_COLOR: always
2026-10-08T19:40:01.9275075Z   CACHE_ON_FAILURE: false
2026-10-08T19:40:01.9275422Z   UMA_SIM_TEST_API_BIN: /home/runner/work/uma-sim/uma-sim/target/release/uma-sim-api
2026-10-08T19:40:01.9275888Z   UMA_SIM_TEST_OUTPUT_DIR: /home/runner/work/_temp/uma-sim-mcp-native
2026-10-08T19:40:01.9276316Z   UMA_SIM_TEST_RECEIVING_COMMIT: b3759407a3f84eb6252c3d0dad06f8158d85e782
2026-10-08T19:40:01.9276902Z ##[endgroup]
2026-10-08T19:40:01.9793394Z TAP version 13
2026-10-08T19:40:02.8307448Z # Subtest: native receiving contract: independent forks, immutable checkpoints, typed errors, isolated branches and reports
2026-10-08T19:40:02.8308969Z     # Subtest: save/export/import preserve the native snapshot, and conflicting writes preserve previous bytes
2026-10-08T19:40:02.8310278Z     ok 1 - save/export/import preserve the native snapshot, and conflicting writes preserve previous bytes
2026-10-08T19:40:02.8311152Z       ---
2026-10-08T19:40:02.8311617Z       duration_ms: 153.89083
2026-10-08T19:40:02.8312146Z       ...
2026-10-08T19:40:03.0413493Z     # Subtest: forking and named actions do not mutate the source, sibling or saved checkpoint
2026-10-08T19:40:03.0425167Z     ok 2 - forking and named actions do not mutate the source, sibling or saved checkpoint
2026-10-08T19:40:03.0426385Z       ---
2026-10-08T19:40:03.0426907Z       duration_ms: 212.260106
2026-10-08T19:40:03.0427411Z       ...
2026-10-08T19:40:03.1765214Z     # Subtest: incompatible checkpoint metadata returns real 422 and preserves the target session
2026-10-08T19:40:03.1771626Z     ok 3 - incompatible checkpoint metadata returns real 422 and preserves the target session
2026-10-08T19:40:03.1772640Z       ---
2026-10-08T19:40:03.1773062Z       duration_ms: 135.366059
2026-10-08T19:40:03.1773509Z       ...
2026-10-08T19:40:03.5127880Z     # Subtest: known empty-session ambiguity is stopped while explicit activation/fork retain correct default semantics
2026-10-08T19:40:03.5175825Z     ok 4 - known empty-session ambiguity is stopped while explicit activation/fork retain correct default semantics
2026-10-08T19:40:03.5184655Z       ---
2026-10-08T19:40:03.5213713Z       duration_ms: 333.39925
2026-10-08T19:40:03.5244639Z       ...
2026-10-08T19:40:03.6179728Z     # Subtest: external-policy 503 survives MCP and leaves turn, RNG, speed and active session unchanged
2026-10-08T19:40:03.6188045Z     ok 5 - external-policy 503 survives MCP and leaves turn, RNG, speed and active session unchanged
2026-10-08T19:40:03.6189138Z       ---
2026-10-08T19:40:03.6189652Z       duration_ms: 103.168973
2026-10-08T19:40:03.6190235Z       ...
2026-10-08T19:40:04.0778462Z     # Subtest: branches compare actual decisions while preserving live sessions and checkpoint bytes
2026-10-08T19:40:04.0779513Z     ok 6 - branches compare actual decisions while preserving live sessions and checkpoint bytes
2026-10-08T19:40:04.0780133Z       ---
2026-10-08T19:40:04.0780425Z       duration_ms: 463.888842
2026-10-08T19:40:04.0780763Z       ...
2026-10-08T19:40:04.2153327Z     # Subtest: invalid branch/import operations and deletions preserve unrelated native state
2026-10-08T19:40:04.2154261Z     ok 7 - invalid branch/import operations and deletions preserve unrelated native state
2026-10-08T19:40:04.2154839Z       ---
2026-10-08T19:40:04.2155117Z       duration_ms: 138.041299
2026-10-08T19:40:04.2155433Z       ...
2026-10-08T19:40:04.2330786Z     1..7
2026-10-08T19:40:04.2332255Z ok 1 - native receiving contract: independent forks, immutable checkpoints, typed errors, isolated branches and reports
2026-10-08T19:40:04.2333186Z   ---
2026-10-08T19:40:04.2333992Z   duration_ms: 2217.522972
2026-10-08T19:40:04.2334380Z   ...
2026-10-08T19:40:04.2426367Z # Subtest: native receiving: fork contention has one winner and closing it without main preserves surviving careers
2026-10-08T19:40:04.2427679Z ok 2 - native receiving: fork contention has one winner and closing it without main preserves surviving careers
2026-10-08T19:40:04.2428341Z   ---
2026-10-08T19:40:04.2428656Z   duration_ms: 728.007546
2026-10-08T19:40:04.2428985Z   ...
2026-10-08T19:40:04.2430150Z # {"case":"concurrent-fork-and-no-main","winner":"receiving-fork-a","surviving":["receiving-a","receiving-b"],"a":"ceec5e3e4996f34d09e497478cb8413514afa5f5cbdca589e2b357c3fe777775","b":"6e82fd097d0703bbb27de40c679c6598dc32c99e7cc842ad991887b0cf5d921b"}
2026-10-08T19:40:04.2431424Z # Subtest: native receiving: external-policy refusal fully restores a non-active target and permits later continuation
2026-10-08T19:40:04.2433714Z ok 3 - native receiving: external-policy refusal fully restores a non-active target and permits later continuation
2026-10-08T19:40:04.2434422Z   ---
2026-10-08T19:40:04.2434684Z   duration_ms: 482.045266
2026-10-08T19:40:04.2434920Z   ...
2026-10-08T19:40:04.2450273Z # {"case":"non-active-503-rollback-and-continuation","unchangedTarget":"3b95ca31b8b802a182eac0d9d10e5d4f688d1fd3f260f0191b226f5c72e5b31d","unchangedActive":"608204d146dd2b32613de8c69bf123d590f6f2dff6288294e62b5f8cd379679e","targetSpeed":3,"activeSpeed":7}
2026-10-08T19:40:04.2463276Z # Subtest: native receiving: global content reaches both existing careers and differs from an unloaded API control
2026-10-08T19:40:04.2464430Z ok 4 - native receiving: global content reaches both existing careers and differs from an unloaded API control
2026-10-08T19:40:04.2465112Z   ---
2026-10-08T19:40:04.2465412Z   duration_ms: 659.451655
2026-10-08T19:40:04.2465842Z   ...
2026-10-08T19:40:04.2468002Z # {"case":"global-content-native-control","loaded":500,"step":2,"turn":3,"a":"22506b4c1c2d2e84ae59d65cf693e1aa09f5568cdd9680252aa01bf1aefd0658","b":"22506b4c1c2d2e84ae59d65cf693e1aa09f5568cdd9680252aa01bf1aefd0658","unloaded":"5bdcc0e0386c1b4224543c8492b5919858417c2b841ba2d1557ae7fa3d1a4925","active":"pack-b"}
2026-10-08T19:40:04.2470187Z # Subtest: native REST/MCP training inspection uses retained career state without spending a turn
2026-10-08T19:40:04.2471175Z     # Subtest: missing career and unsupported methods refuse through existing REST semantics
2026-10-08T19:40:04.2472250Z     not ok 1 - missing career and unsupported methods refuse through existing REST semantics
2026-10-08T19:40:04.2472836Z       ---
2026-10-08T19:40:04.2473093Z       duration_ms: 15.726707
2026-10-08T19:40:04.2473836Z       location: '/home/runner/work/uma-sim/uma-sim/packages/uma-sim-mcp/tests/training-inspection-native.test.mjs:106:11'
2026-10-08T19:40:04.2474582Z       failureType: 'testCodeFailure'
2026-10-08T19:40:04.2474959Z       error: |-
2026-10-08T19:40:04.2475311Z         Expected values to be strictly equal:
2026-10-08T19:40:04.2475693Z         
2026-10-08T19:40:04.2475976Z         200 !== 404
2026-10-08T19:40:04.2476256Z         
2026-10-08T19:40:04.2476522Z       code: 'ERR_ASSERTION'
2026-10-08T19:40:04.2476859Z       name: 'AssertionError'
2026-10-08T19:40:04.2477198Z       expected: 404
2026-10-08T19:40:04.2477474Z       actual: 200
2026-10-08T19:40:04.2477773Z       operator: 'strictEqual'
2026-10-08T19:40:04.2478109Z       stack: |-
2026-10-08T19:40:04.2479027Z         TestContext.<anonymous> (file:///home/runner/work/uma-sim/uma-sim/packages/uma-sim-mcp/tests/training-inspection-native.test.mjs:108:12)
2026-10-08T19:40:04.2480184Z         process.processTicksAndRejections (node:internal/process/task_queues:95:5)
2026-10-08T19:40:04.2480915Z         async Test.run (node:internal/test_runner/test:797:9)
2026-10-08T19:40:04.2482549Z         async TestContext.<anonymous> (file:///home/runner/work/uma-sim/uma-sim/packages/uma-sim-mcp/tests/training-inspection-native.test.mjs:106:3)
2026-10-08T19:40:04.2484182Z         async Test.run (node:internal/test_runner/test:797:9)
2026-10-08T19:40:04.2484985Z         async Test.processPendingSubtests (node:internal/test_runner/test:526:7)
2026-10-08T19:40:04.2485606Z       ...
2026-10-08T19:40:04.2486227Z     # Subtest: default and named selection preserve active fallback and sibling careers
2026-10-08T19:40:04.2487045Z     not ok 2 - default and named selection preserve active fallback and sibling careers
2026-10-08T19:40:04.2487462Z       ---
2026-10-08T19:40:04.2487700Z       duration_ms: 239.13584
2026-10-08T19:40:04.2488291Z       location: '/home/runner/work/uma-sim/uma-sim/packages/uma-sim-mcp/tests/training-inspection-native.test.mjs:118:11'
2026-10-08T19:40:04.2488930Z       failureType: 'testCodeFailure'
2026-10-08T19:40:04.2489236Z       error: |-
2026-10-08T19:40:04.2489524Z         Expected values to be strictly deep-equal:
2026-10-08T19:40:04.2489995Z         + actual - expected
2026-10-08T19:40:04.2490242Z         
2026-10-08T19:40:04.2490449Z         + undefined
2026-10-08T19:40:04.2490669Z         - {
2026-10-08T19:40:04.2490925Z         -   date: 'Year 1, Month 6, Late',
2026-10-08T19:40:04.2491194Z         -   energy: 100,
2026-10-08T19:40:04.2491436Z         -   maxEnergy: 100,
2026-10-08T19:40:04.2491720Z         -   mood: 'NORMAL',
2026-10-08T19:40:04.2492239Z         -   notes: [
2026-10-08T19:40:04.2493312Z         -     'Stat gains are deterministic samples (local seed 0), before stat caps and later scenario/event effects; they are not guaranteed results or expected values.',
2026-10-08T19:40:04.2494481Z         -     'Energy is the base successful-training change after the ordinary energy cap, before later scenario/event effects. Failure is the current engine chance for an available attempt.',
2026-10-08T19:40:04.2495419Z         -     'Blocked rows have no energy result or failure roll. Rainbow and hint counts are the existing preview signals.',
2026-10-08T19:40:04.2496086Z         -     'Inspection does not take an action, advance the career RNG, or save the session.'
2026-10-08T19:40:04.2496487Z         -   ],
2026-10-08T19:40:04.2496740Z         -   phase: 'MANDATORY_RACE',
2026-10-08T19:40:04.2497001Z         -   rows: [],
2026-10-08T19:40:04.2497275Z         -   sampleKind: 'deterministic_seed_0',
2026-10-08T19:40:04.2497585Z         -   scenarioId: 'ura',
2026-10-08T19:40:04.2497837Z         -   schemaVersion: 1,
2026-10-08T19:40:04.2498123Z         -   traineeName: 'Special Week',
2026-10-08T19:40:04.2498389Z         -   turn: 1,
2026-10-08T19:40:04.2498661Z         -   unavailableReason: 'mandatory_race'
2026-10-08T19:40:04.2498930Z         - }
2026-10-08T19:40:04.2499139Z       code: 'ERR_ASSERTION'
2026-10-08T19:40:04.2499393Z       name: 'AssertionError'
2026-10-08T19:40:04.2499634Z       expected:
2026-10-08T19:40:04.2499848Z         schemaVersion: 1
2026-10-08T19:40:04.2500074Z         turn: 1
2026-10-08T19:40:04.2500311Z         date: 'Year 1, Month 6, Late'
2026-10-08T19:40:04.2500594Z         phase: 'MANDATORY_RACE'
2026-10-08T19:40:04.2500842Z         scenarioId: 'ura'
2026-10-08T19:40:04.2501116Z         traineeName: 'Special Week'
2026-10-08T19:40:04.2501378Z         energy: 100
2026-10-08T19:40:04.2501594Z         maxEnergy: 100
2026-10-08T19:40:04.2501821Z         mood: 'NORMAL'
2026-10-08T19:40:04.2502283Z         sampleKind: 'deterministic_seed_0'
2026-10-08T19:40:04.2502558Z         notes:
2026-10-08T19:40:04.2503196Z           0: 'Stat gains are deterministic samples (local seed 0), before stat caps and later scenario/event effects; they are not guaranteed results or expected values.'
2026-10-08T19:40:04.2504303Z           1: 'Energy is the base successful-training change after the ordinary energy cap, before later scenario/event effects. Failure is the current engine chance for an available attempt.'
2026-10-08T19:40:04.2505324Z           2: 'Blocked rows have no energy result or failure roll. Rainbow and hint counts are the existing preview signals.'
2026-10-08T19:40:04.2505988Z           3: 'Inspection does not take an action, advance the career RNG, or save the session.'
2026-10-08T19:40:04.2506616Z         unavailableReason: 'mandatory_race'
2026-10-08T19:40:04.2507038Z         rows:
2026-10-08T19:40:04.2507357Z       operator: 'deepStrictEqual'
2026-10-08T19:40:04.2507714Z       stack: |-
2026-10-08T19:40:04.2508598Z         TestContext.<anonymous> (file:///home/runner/work/uma-sim/uma-sim/packages/uma-sim-mcp/tests/training-inspection-native.test.mjs:121:12)
2026-10-08T19:40:04.2509752Z         process.processTicksAndRejections (node:internal/process/task_queues:95:5)
2026-10-08T19:40:04.2510683Z         async Test.run (node:internal/test_runner/test:797:9)
2026-10-08T19:40:04.2511726Z         async TestContext.<anonymous> (file:///home/runner/work/uma-sim/uma-sim/packages/uma-sim-mcp/tests/training-inspection-native.test.mjs:118:3)
2026-10-08T19:40:04.2512604Z         async Test.run (node:internal/test_runner/test:797:9)
2026-10-08T19:40:04.2513260Z         async Test.processPendingSubtests (node:internal/test_runner/test:526:7)
2026-10-08T19:40:04.2513622Z       ...
2026-10-08T19:40:04.2513948Z     # Subtest: native samples and next action remain exact in ura
2026-10-08T19:40:04.2514367Z     not ok 3 - native samples and next action remain exact in ura
2026-10-08T19:40:04.2514672Z       ---
2026-10-08T19:40:04.2514886Z       duration_ms: 302.785057
2026-10-08T19:40:04.2515423Z       location: '/home/runner/work/uma-sim/uma-sim/packages/uma-sim-mcp/tests/training-inspection-native.test.mjs:139:13'
2026-10-08T19:40:04.2515946Z       failureType: 'testCodeFailure'
2026-10-08T19:40:04.2516237Z       error: |-
2026-10-08T19:40:04.2516609Z         The input did not match the regular expression /application\/json/. Input:
2026-10-08T19:40:04.2516971Z         
2026-10-08T19:40:04.2517198Z         'text/html; charset=utf-8'
2026-10-08T19:40:04.2517466Z         
2026-10-08T19:40:04.2517690Z       code: 'ERR_ASSERTION'
2026-10-08T19:40:04.2517986Z       name: 'AssertionError'
2026-10-08T19:40:04.2518266Z       expected:
2026-10-08T19:40:04.2518534Z       actual: 'text/html; charset=utf-8'
2026-10-08T19:40:04.2518837Z       operator: 'match'
2026-10-08T19:40:04.2519080Z       stack: |-
2026-10-08T19:40:04.2519672Z         assertInspection (file:///home/runner/work/uma-sim/uma-sim/packages/uma-sim-mcp/tests/training-inspection-native.test.mjs:89:12)
2026-10-08T19:40:04.2520384Z         process.processTicksAndRejections (node:internal/process/task_queues:95:5)
2026-10-08T19:40:04.2521136Z         async TestContext.<anonymous> (file:///home/runner/work/uma-sim/uma-sim/packages/uma-sim-mcp/tests/training-inspection-native.test.mjs:146:20)
2026-10-08T19:40:04.2521783Z         async Test.run (node:internal/test_runner/test:797:9)
2026-10-08T19:40:04.2522686Z         async TestContext.<anonymous> (file:///home/runner/work/uma-sim/uma-sim/packages/uma-sim-mcp/tests/training-inspection-native.test.mjs:139:5)
2026-10-08T19:40:04.2523317Z         async Test.run (node:internal/test_runner/test:797:9)
2026-10-08T19:40:04.2523770Z         async Test.processPendingSubtests (node:internal/test_runner/test:526:7)
2026-10-08T19:40:04.2524155Z       ...
2026-10-08T19:40:04.2524463Z     # Subtest: native samples and next action remain exact in unity
2026-10-08T19:40:04.2524896Z     not ok 4 - native samples and next action remain exact in unity
2026-10-08T19:40:04.2525212Z       ---
2026-10-08T19:40:04.2525437Z       duration_ms: 277.204902
2026-10-08T19:40:04.2525963Z       location: '/home/runner/work/uma-sim/uma-sim/packages/uma-sim-mcp/tests/training-inspection-native.test.mjs:139:13'
2026-10-08T19:40:04.2526476Z       failureType: 'testCodeFailure'
2026-10-08T19:40:04.2526740Z       error: |-
2026-10-08T19:40:04.2527098Z         The input did not match the regular expression /application\/json/. Input:
2026-10-08T19:40:04.2527480Z         
2026-10-08T19:40:04.2527719Z         'text/html; charset=utf-8'
2026-10-08T19:40:04.2527970Z         
2026-10-08T19:40:04.2528180Z       code: 'ERR_ASSERTION'
2026-10-08T19:40:04.2528424Z       name: 'AssertionError'
2026-10-08T19:40:04.2528675Z       expected:
2026-10-08T19:40:04.2529128Z       actual: 'text/html; charset=utf-8'
2026-10-08T19:40:04.2529427Z       operator: 'match'
2026-10-08T19:40:04.2529685Z       stack: |-
2026-10-08T19:40:04.2530270Z         assertInspection (file:///home/runner/work/uma-sim/uma-sim/packages/uma-sim-mcp/tests/training-inspection-native.test.mjs:89:12)
2026-10-08T19:40:04.2530989Z         process.processTicksAndRejections (node:internal/process/task_queues:95:5)
2026-10-08T19:40:04.2531753Z         async TestContext.<anonymous> (file:///home/runner/work/uma-sim/uma-sim/packages/uma-sim-mcp/tests/training-inspection-native.test.mjs:146:20)
2026-10-08T19:40:04.2532662Z         async Test.run (node:internal/test_runner/test:797:9)
2026-10-08T19:40:04.2533352Z         async TestContext.<anonymous> (file:///home/runner/work/uma-sim/uma-sim/packages/uma-sim-mcp/tests/training-inspection-native.test.mjs:139:5)
2026-10-08T19:40:04.2534160Z         async Test.run (node:internal/test_runner/test:797:9)
2026-10-08T19:40:04.2534631Z         async Test.processPendingSubtests (node:internal/test_runner/test:526:7)
2026-10-08T19:40:04.2535013Z       ...
2026-10-08T19:40:04.2535339Z     # Subtest: native samples and next action remain exact in trackblazer
2026-10-08T19:40:04.2535811Z     not ok 5 - native samples and next action remain exact in trackblazer
2026-10-08T19:40:04.2536154Z       ---
2026-10-08T19:40:04.2536360Z       duration_ms: 271.289823
2026-10-08T19:40:04.2536907Z       location: '/home/runner/work/uma-sim/uma-sim/packages/uma-sim-mcp/tests/training-inspection-native.test.mjs:139:13'
2026-10-08T19:40:04.2537435Z       failureType: 'testCodeFailure'
2026-10-08T19:40:04.2537702Z       error: |-
2026-10-08T19:40:04.2538061Z         The input did not match the regular expression /application\/json/. Input:
2026-10-08T19:40:04.2538419Z         
2026-10-08T19:40:04.2538651Z         'text/html; charset=utf-8'
2026-10-08T19:40:04.2538903Z         
2026-10-08T19:40:04.2539119Z       code: 'ERR_ASSERTION'
2026-10-08T19:40:04.2539381Z       name: 'AssertionError'
2026-10-08T19:40:04.2539624Z       expected:
2026-10-08T19:40:04.2539876Z       actual: 'text/html; charset=utf-8'
2026-10-08T19:40:04.2540141Z       operator: 'match'
2026-10-08T19:40:04.2540367Z       stack: |-
2026-10-08T19:40:04.2540908Z         assertInspection (file:///home/runner/work/uma-sim/uma-sim/packages/uma-sim-mcp/tests/training-inspection-native.test.mjs:89:12)
2026-10-08T19:40:04.2541612Z         process.processTicksAndRejections (node:internal/process/task_queues:95:5)
2026-10-08T19:40:04.2542793Z         async TestContext.<anonymous> (file:///home/runner/work/uma-sim/uma-sim/packages/uma-sim-mcp/tests/training-inspection-native.test.mjs:146:20)
2026-10-08T19:40:04.2543477Z         async Test.run (node:internal/test_runner/test:797:9)
2026-10-08T19:40:04.2544161Z         async TestContext.<anonymous> (file:///home/runner/work/uma-sim/uma-sim/packages/uma-sim-mcp/tests/training-inspection-native.test.mjs:139:5)
2026-10-08T19:40:04.2544818Z         async Test.run (node:internal/test_runner/test:797:9)
2026-10-08T19:40:04.2545269Z         async Test.processPendingSubtests (node:internal/test_runner/test:526:7)
2026-10-08T19:40:04.2545638Z       ...
2026-10-08T19:40:04.2545983Z     # Subtest: native samples and next action remain exact in grand_concert
2026-10-08T19:40:04.2546451Z     not ok 6 - native samples and next action remain exact in grand_concert
2026-10-08T19:40:04.2546798Z       ---
2026-10-08T19:40:04.2547002Z       duration_ms: 376.01225
2026-10-08T19:40:04.2547551Z       location: '/home/runner/work/uma-sim/uma-sim/packages/uma-sim-mcp/tests/training-inspection-native.test.mjs:139:13'
2026-10-08T19:40:04.2548101Z       failureType: 'testCodeFailure'
2026-10-08T19:40:04.2548377Z       error: |-
2026-10-08T19:40:04.2548757Z         The input did not match the regular expression /application\/json/. Input:
2026-10-08T19:40:04.2549117Z         
2026-10-08T19:40:04.2549348Z         'text/html; charset=utf-8'
2026-10-08T19:40:04.2549609Z         
2026-10-08T19:40:04.2549990Z       code: 'ERR_ASSERTION'
2026-10-08T19:40:04.2550256Z       name: 'AssertionError'
2026-10-08T19:40:04.2550492Z       expected:
2026-10-08T19:40:04.2550737Z       actual: 'text/html; charset=utf-8'
2026-10-08T19:40:04.2551010Z       operator: 'match'
2026-10-08T19:40:04.2551238Z       stack: |-
2026-10-08T19:40:04.2551781Z         assertInspection (file:///home/runner/work/uma-sim/uma-sim/packages/uma-sim-mcp/tests/training-inspection-native.test.mjs:89:12)
2026-10-08T19:40:04.2552698Z         process.processTicksAndRejections (node:internal/process/task_queues:95:5)
2026-10-08T19:40:04.2553478Z         async TestContext.<anonymous> (file:///home/runner/work/uma-sim/uma-sim/packages/uma-sim-mcp/tests/training-inspection-native.test.mjs:146:20)
2026-10-08T19:40:04.2554134Z         async Test.run (node:internal/test_runner/test:797:9)
2026-10-08T19:40:04.2555067Z         async TestContext.<anonymous> (file:///home/runner/work/uma-sim/uma-sim/packages/uma-sim-mcp/tests/training-inspection-native.test.mjs:139:5)
2026-10-08T19:40:04.2555709Z         async Test.run (node:internal/test_runner/test:797:9)
2026-10-08T19:40:04.2556184Z         async Test.processPendingSubtests (node:internal/test_runner/test:526:7)
2026-10-08T19:40:04.2556549Z       ...
2026-10-08T19:40:04.2556968Z     # Subtest: admitted synthetic checkpoint states retain exact unavailable and blocked meanings
2026-10-08T19:40:04.2557598Z     not ok 7 - admitted synthetic checkpoint states retain exact unavailable and blocked meanings
2026-10-08T19:40:04.2558012Z       ---
2026-10-08T19:40:04.2558229Z       duration_ms: 268.638825
2026-10-08T19:40:04.2558763Z       location: '/home/runner/work/uma-sim/uma-sim/packages/uma-sim-mcp/tests/training-inspection-native.test.mjs:160:11'
2026-10-08T19:40:04.2559295Z       failureType: 'testCodeFailure'
2026-10-08T19:40:04.2559563Z       error: |-
2026-10-08T19:40:04.2559924Z         The input did not match the regular expression /application\/json/. Input:
2026-10-08T19:40:04.2560283Z         
2026-10-08T19:40:04.2560512Z         'text/html; charset=utf-8'
2026-10-08T19:40:04.2560767Z         
2026-10-08T19:40:04.2560960Z       code: 'ERR_ASSERTION'
2026-10-08T19:40:04.2561217Z       name: 'AssertionError'
2026-10-08T19:40:04.2561454Z       expected:
2026-10-08T19:40:04.2561691Z       actual: 'text/html; charset=utf-8'
2026-10-08T19:40:04.2562136Z       operator: 'match'
2026-10-08T19:40:04.2562366Z       stack: |-
2026-10-08T19:40:04.2562917Z         assertInspection (file:///home/runner/work/uma-sim/uma-sim/packages/uma-sim-mcp/tests/training-inspection-native.test.mjs:89:12)
2026-10-08T19:40:04.2563617Z         process.processTicksAndRejections (node:internal/process/task_queues:95:5)
2026-10-08T19:40:04.2564380Z         async TestContext.<anonymous> (file:///home/runner/work/uma-sim/uma-sim/packages/uma-sim-mcp/tests/training-inspection-native.test.mjs:174:20)
2026-10-08T19:40:04.2565041Z         async Test.run (node:internal/test_runner/test:797:9)
2026-10-08T19:40:04.2565732Z         async TestContext.<anonymous> (file:///home/runner/work/uma-sim/uma-sim/packages/uma-sim-mcp/tests/training-inspection-native.test.mjs:160:3)
2026-10-08T19:40:04.2566365Z         async Test.run (node:internal/test_runner/test:797:9)
2026-10-08T19:40:04.2566822Z         async Test.processPendingSubtests (node:internal/test_runner/test:526:7)
2026-10-08T19:40:04.2567205Z       ...
2026-10-08T19:40:04.2568403Z # TRAINING_RECEIVING {   "version": 1,   "receivingCommit": "b3759407a3f84eb6252c3d0dad06f8158d85e782",   "cli": "/home/runner/work/uma-sim/uma-sim/target/release/uma-sim",   "cliSha256": "4564311e58c9dff08f4ad144ecc297c09bdc5130ffcf6ee8b8033a451277877e",   "observations": [] }
2026-10-08T19:40:04.2569365Z     1..7
2026-10-08T19:40:04.2569833Z not ok 5 - native REST/MCP training inspection uses retained career state without spending a turn
2026-10-08T19:40:04.2570275Z   ---
2026-10-08T19:40:04.2570498Z   duration_ms: 1970.916198
2026-10-08T19:40:04.2571172Z   location: '/home/runner/work/uma-sim/uma-sim/packages/uma-sim-mcp/tests/training-inspection-native.test.mjs:34:1'
2026-10-08T19:40:04.2571712Z   failureType: 'subtestsFailed'
2026-10-08T19:40:04.2572136Z   error: '7 subtests failed'
2026-10-08T19:40:04.2572446Z   code: 'ERR_TEST_FAILURE'
2026-10-08T19:40:04.2572700Z   ...
2026-10-08T19:40:04.2572899Z 1..5
2026-10-08T19:40:04.2573089Z # tests 19
2026-10-08T19:40:04.2573325Z # suites 0
2026-10-08T19:40:04.2573525Z # pass 11
2026-10-08T19:40:04.2573783Z # fail 8
2026-10-08T19:40:04.2573996Z # cancelled 0
2026-10-08T19:40:04.2574208Z # skipped 0
2026-10-08T19:40:04.2574403Z # todo 0
2026-10-08T19:40:04.2574624Z # duration_ms 2279.340552
2026-10-08T19:40:04.2586485Z ##[error]Process completed with exit code 1.
2026-10-08T19:40:04.2654977Z ##[group]Run actions/upload-artifact@043fb46d1a93c77aae656e7c1c64a875d1fc6a0a
2026-10-08T19:40:04.2655372Z with:
2026-10-08T19:40:04.2655770Z   name: uma-sim-mcp-native
2026-10-08T19:40:04.2656045Z   path: /home/runner/work/_temp/uma-sim-mcp-native
2026-10-08T19:40:04.2656355Z   if-no-files-found: warn
2026-10-08T19:40:04.2656588Z   compression-level: 6
2026-10-08T19:40:04.2656818Z   overwrite: false
2026-10-08T19:40:04.2657033Z   include-hidden-files: false
2026-10-08T19:40:04.2657280Z   archive: true
2026-10-08T19:40:04.2657479Z env:
2026-10-08T19:40:04.2657690Z   CARGO_HOME: /home/runner/.cargo
2026-10-08T19:40:04.2657940Z   CARGO_INCREMENTAL: 0
2026-10-08T19:40:04.2658166Z   CARGO_TERM_COLOR: always
2026-10-08T19:40:04.2658394Z   CACHE_ON_FAILURE: false
2026-10-08T19:40:04.2658624Z ##[endgroup]
2026-10-08T19:40:04.4083193Z With the provided path, there will be 19 files uploaded
2026-10-08T19:40:04.4084201Z Artifact name is valid!
2026-10-08T19:40:04.4084806Z Root directory input is valid!
2026-10-08T19:40:04.6311268Z Uploading artifact: uma-sim-mcp-native.zip
2026-10-08T19:40:04.6350919Z Beginning upload of artifact content to blob storage
2026-10-08T19:40:04.7138873Z Uploaded bytes 9851
2026-10-08T19:40:04.7268814Z Finished uploading artifact content to blob storage!
2026-10-08T19:40:04.7269920Z SHA256 digest of uploaded artifact is a24a3b2f970d77872e19426c7051596c03e22a07a320cdd946c8270e3011c1e4
2026-10-08T19:40:04.7270711Z Finalizing artifact upload
2026-10-08T19:40:04.9962460Z Artifact uma-sim-mcp-native successfully finalized. Artifact ID 11574159723
2026-10-08T19:40:04.9963577Z Artifact uma-sim-mcp-native has been successfully uploaded! Final size is 9851 bytes. Artifact ID is 11574159723
2026-10-08T19:40:04.9966599Z Artifact download URL: https://github.com/Jacob-Met/uma-sim/actions/runs/37833173081/artifacts/11574159723
2026-10-08T19:40:05.0171234Z Post job cleanup.
2026-10-08T19:40:05.0954879Z [command]/usr/bin/git version
2026-10-08T19:40:05.1013643Z git version 2.55.0
2026-10-08T19:40:05.1050339Z Temporarily overriding HOME='/home/runner/work/_temp/740070f5-f85b-429f-9d42-0beac6a24efe' before making global git config changes
2026-10-08T19:40:05.1051798Z Adding repository directory to the temporary git global config as a safe directory
2026-10-08T19:40:05.1057752Z [command]/usr/bin/git config --global --add safe.directory /home/runner/work/uma-sim/uma-sim
2026-10-08T19:40:05.1099770Z Removing SSH command configuration
2026-10-08T19:40:05.1108050Z [command]/usr/bin/git config --local --name-only --get-regexp core\.sshCommand
2026-10-08T19:40:05.1153725Z [command]/usr/bin/git submodule foreach --recursive sh -c "git config --local --name-only --get-regexp 'core\.sshCommand' && git config --local --unset-all 'core.sshCommand' || :"
2026-10-08T19:40:05.1426174Z Removing HTTP extra header
2026-10-08T19:40:05.1427185Z [command]/usr/bin/git config --local --name-only --get-regexp http\.https\:\/\/github\.com\/\.extraheader
2026-10-08T19:40:05.1503807Z [command]/usr/bin/git submodule foreach --recursive sh -c "git config --local --name-only --get-regexp 'http\.https\:\/\/github\.com\/\.extraheader' && git config --local --unset-all 'http.https://github.com/.extraheader' || :"
2026-10-08T19:40:05.1759534Z Removing includeIf entries pointing to credentials config files
2026-10-08T19:40:05.1766841Z [command]/usr/bin/git config --local --name-only --get-regexp ^includeIf\.gitdir:
2026-10-08T19:40:05.1808155Z includeif.gitdir:/home/runner/work/uma-sim/uma-sim/.git.path
2026-10-08T19:40:05.1809454Z includeif.gitdir:/home/runner/work/uma-sim/uma-sim/.git/worktrees/*.path
2026-10-08T19:40:05.1810478Z includeif.gitdir:/github/workspace/.git.path
2026-10-08T19:40:05.1811440Z includeif.gitdir:/github/workspace/.git/worktrees/*.path
2026-10-08T19:40:05.1818938Z [command]/usr/bin/git config --local --get-all includeif.gitdir:/home/runner/work/uma-sim/uma-sim/.git.path
2026-10-08T19:40:05.1864686Z /home/runner/work/_temp/git-credentials-31b6c606-5e26-431b-b651-c7dbfeb93b1c.config
2026-10-08T19:40:05.1874221Z [command]/usr/bin/git config --local --unset includeif.gitdir:/home/runner/work/uma-sim/uma-sim/.git.path \/home\/runner\/work\/_temp\/git\-credentials\-31b6c606\-5e26\-431b\-b651\-c7dbfeb93b1c\.config
2026-10-08T19:40:05.1923896Z [command]/usr/bin/git config --local --get-all includeif.gitdir:/home/runner/work/uma-sim/uma-sim/.git/worktrees/*.path
2026-10-08T19:40:05.1970061Z /home/runner/work/_temp/git-credentials-31b6c606-5e26-431b-b651-c7dbfeb93b1c.config
2026-10-08T19:40:05.1980693Z [command]/usr/bin/git config --local --unset includeif.gitdir:/home/runner/work/uma-sim/uma-sim/.git/worktrees/*.path \/home\/runner\/work\/_temp\/git\-credentials\-31b6c606\-5e26\-431b\-b651\-c7dbfeb93b1c\.config
2026-10-08T19:40:05.2031684Z [command]/usr/bin/git config --local --get-all includeif.gitdir:/github/workspace/.git.path
2026-10-08T19:40:05.2066692Z /github/runner_temp/git-credentials-31b6c606-5e26-431b-b651-c7dbfeb93b1c.config
2026-10-08T19:40:05.2074689Z [command]/usr/bin/git config --local --unset includeif.gitdir:/github/workspace/.git.path \/github\/runner_temp\/git\-credentials\-31b6c606\-5e26\-431b\-b651\-c7dbfeb93b1c\.config
2026-10-08T19:40:05.2122511Z [command]/usr/bin/git config --local --get-all includeif.gitdir:/github/workspace/.git/worktrees/*.path
2026-10-08T19:40:05.2158831Z /github/runner_temp/git-credentials-31b6c606-5e26-431b-b651-c7dbfeb93b1c.config
2026-10-08T19:40:05.2168470Z [command]/usr/bin/git config --local --unset includeif.gitdir:/github/workspace/.git/worktrees/*.path \/github\/runner_temp\/git\-credentials\-31b6c606\-5e26\-431b\-b651\-c7dbfeb93b1c\.config
2026-10-08T19:40:05.2216437Z [command]/usr/bin/git submodule foreach --recursive git config --local --show-origin --name-only --get-regexp remote.origin.url
2026-10-08T19:40:05.2482390Z Removing credentials config '/home/runner/work/_temp/git-credentials-31b6c606-5e26-431b-b651-c7dbfeb93b1c.config'
2026-10-08T19:40:05.2678004Z Cleaning up orphan processes
